=== 2026-07-09 14:08:55
monitor: 0 new trades, 0 paper copies (rules v1)
pnl: 4 open updated, total 3.25 (blind bench 12.94)
review: 188 decisions reviewed, 0 rule changes
report: 2026-07-09 pnl=3.25
export: docs/data.json written
=== 2026-07-09 14:27:54
monitor: 5 new trades, 0 paper copies (rules v1)
pnl: 4 open updated, total 2.53 (blind bench 11.17)
review: 13 decisions reviewed, 0 rule changes
report: 2026-07-09 pnl=2.53
export: docs/data.json written
=== 2026-07-09 14:43:04
monitor: 4 new trades, 0 paper copies (rules v1)
pnl: 4 open updated, total 5.11 (blind bench 6.81)
review: 0 decisions reviewed, 0 rule changes
report: 2026-07-09 pnl=5.11
export: docs/data.json written
=== 2026-07-09 14:58:08
monitor: 4 new trades, 0 paper copies (rules v1)
pnl: 4 open updated, total -0.39 (blind bench -0.24)
review: 2 decisions reviewed, 0 rule changes
report: 2026-07-09 pnl=-0.39
export: docs/data.json written
=== 2026-07-09 15:13:13
monitor: 2 new trades, 1 paper copies (rules v1)
pnl: 5 open updated, total -8.46 (blind bench -29.61)
review: 0 decisions reviewed, 0 rule changes
report: 2026-07-09 pnl=-8.46
export: docs/data.json written
=== 2026-07-09 15:28:18
monitor: 8 new trades, 2 paper copies (rules v1)
pnl: 7 open updated, total -6.37 (blind bench -28.54)
review: 5 decisions reviewed, 0 rule changes
report: 2026-07-09 pnl=-6.37
export: docs/data.json written
=== 2026-07-09 15:43:25
monitor: 13 new trades, 1 paper copies (rules v1)
pnl: 8 open updated, total 19.26 (blind bench -12.49)
review: 4 decisions reviewed, 0 rule changes
report: 2026-07-09 pnl=19.26
export: docs/data.json written
=== 2026-07-09 15:58:34
monitor: 38 new trades, 0 paper copies (rules v1)
pnl: 8 open updated, total -20.74 (blind bench -37.09)
review: 4 decisions reviewed, 0 rule changes
report: 2026-07-09 pnl=-20.74
export: docs/data.json written
=== 2026-07-09 16:14:27
monitor: 40 new trades, 0 paper copies (rules v1)
pnl: 8 open updated, total -17.31 (blind bench -33.32)
review: 2 decisions reviewed, 0 rule changes
report: 2026-07-09 pnl=-17.31
export: docs/data.json written
=== 2026-07-09 16:30:12
monitor: 41 new trades, 0 paper copies (rules v1)
pnl: 8 open updated, total -14.54 (blind bench -25.53)
review: 8 decisions reviewed, 0 rule changes
report: 2026-07-09 pnl=-14.54
export: docs/data.json written
=== 2026-07-09 16:45:36
monitor: 11 new trades, 0 paper copies (rules v1)
pnl: 8 open updated, total -5.09 (blind bench 1.21)
review: 13 decisions reviewed, 0 rule changes
report: 2026-07-09 pnl=-5.09
export: docs/data.json written
=== 2026-07-09 17:00:58
monitor: 6 new trades, 0 paper copies (rules v1)
pnl: 8 open updated, total -8.72 (blind bench -4.33)
review: 38 decisions reviewed, 0 rule changes
report: 2026-07-09 pnl=-8.72
export: docs/data.json written
=== 2026-07-09 17:16:51
monitor: 16 new trades, 0 paper copies (rules v1)
pnl: 8 open updated, total 3.06 (blind bench 32.65)
review: 40 decisions reviewed, 0 rule changes
report: 2026-07-09 pnl=3.06
export: docs/data.json written
=== 2026-07-09 17:32:56
monitor: 30 new trades, 0 paper copies (rules v1)
pnl: 8 open updated, total 3.06 (blind bench 43.98)
review: 41 decisions reviewed, 0 rule changes
report: 2026-07-09 pnl=3.06
export: docs/data.json written
=== 2026-07-09 17:49:00
monitor: 15 new trades, 0 paper copies (rules v1)
pnl: 8 open updated, total 2.66 (blind bench 41.50)
review: 11 decisions reviewed, 0 rule changes
report: 2026-07-09 pnl=2.66
export: docs/data.json written
=== 2026-07-09 18:04:24
scan: 500 wallets, 50 profiled, 15 tracked
monitor: 93 new trades, 0 paper copies (rules v1)
pnl: 8 open updated, total 0.97 (blind bench 62.98)
review: 6 decisions reviewed, 0 rule changes
report: 2026-07-09 pnl=0.97
export: docs/data.json written
=== 2026-07-09 18:20:42
monitor: 22 new trades, 0 paper copies (rules v1)
pnl: 8 open updated, total -0.20 (blind bench 61.81)
review: 16 decisions reviewed, 0 rule changes
report: 2026-07-09 pnl=-0.20
export: docs/data.json written
=== 2026-07-09 18:36:16
ERROR review: Incorrect number of bindings supplied. The current statement uses 1, and there are 3 supplied.
Traceback (most recent call last):
  File "/Users/michalecerik/Developer/hermes-polymarket/bot.py", line 552, in cycle
    fn()
  File "/Users/michalecerik/Developer/hermes-polymarket/bot.py", line 543, in <lambda>
    ("review", lambda: step_review(c, *get_rules(c))),
  File "/Users/michalecerik/Developer/hermes-polymarket/bot.py", line 474, in step_review
    c.execute("UPDATE wallets SET status='watch', status_reason='downgraded: avg paper pnl %.2f over %d copies' WHERE address=? AND status='track'",
sqlite3.ProgrammingError: Incorrect number of bindings supplied. The current statement uses 1, and there are 3 supplied.
monitor: 23 new trades, 0 paper copies (rules v1)
pnl: 8 open updated, total -1.77 (blind bench 56.59)
report: 2026-07-09 pnl=-1.77
export: docs/data.json written
=== 2026-07-09 18:51:51
ERROR review: Incorrect number of bindings supplied. The current statement uses 1, and there are 3 supplied.
Traceback (most recent call last):
  File "/Users/michalecerik/Developer/hermes-polymarket/bot.py", line 552, in cycle
    fn()
  File "/Users/michalecerik/Developer/hermes-polymarket/bot.py", line 543, in <lambda>
    ("review", lambda: step_review(c, *get_rules(c))),
  File "/Users/michalecerik/Developer/hermes-polymarket/bot.py", line 474, in step_review
    c.execute("UPDATE wallets SET status='watch', status_reason='downgraded: avg paper pnl %.2f over %d copies' WHERE address=? AND status='track'",
sqlite3.ProgrammingError: Incorrect number of bindings supplied. The current statement uses 1, and there are 3 supplied.
monitor: 15 new trades, 0 paper copies (rules v1)
pnl: 8 open updated, total -3.93 (blind bench 83.38)
report: 2026-07-09 pnl=-3.93
export: docs/data.json written
=== 2026-07-09 19:07:10
ERROR review: Incorrect number of bindings supplied. The current statement uses 1, and there are 3 supplied.
Traceback (most recent call last):
  File "/Users/michalecerik/Developer/hermes-polymarket/bot.py", line 552, in cycle
    fn()
  File "/Users/michalecerik/Developer/hermes-polymarket/bot.py", line 543, in <lambda>
    ("review", lambda: step_review(c, *get_rules(c))),
  File "/Users/michalecerik/Developer/hermes-polymarket/bot.py", line 474, in step_review
    c.execute("UPDATE wallets SET status='watch', status_reason='downgraded: avg paper pnl %.2f over %d copies' WHERE address=? AND status='track'",
sqlite3.ProgrammingError: Incorrect number of bindings supplied. The current statement uses 1, and there are 3 supplied.
monitor: 16 new trades, 0 paper copies (rules v1)
pnl: 8 open updated, total -4.13 (blind bench 50.98)
review: rules v1 -> v2: min_copy_score
report: 2026-07-09 pnl=-4.13
export: docs/data.json written
=== 2026-07-09 19:23:24
ERROR review: Incorrect number of bindings supplied. The current statement uses 1, and there are 3 supplied.
Traceback (most recent call last):
  File "/Users/michalecerik/Developer/hermes-polymarket/bot.py", line 552, in cycle
    fn()
  File "/Users/michalecerik/Developer/hermes-polymarket/bot.py", line 543, in <lambda>
    ("review", lambda: step_review(c, *get_rules(c))),
  File "/Users/michalecerik/Developer/hermes-polymarket/bot.py", line 474, in step_review
    c.execute("UPDATE wallets SET status='watch', status_reason='downgraded: avg paper pnl %.2f over %d copies' WHERE address=? AND status='track'",
sqlite3.ProgrammingError: Incorrect number of bindings supplied. The current statement uses 1, and there are 3 supplied.
monitor: 16 new trades, 0 paper copies (rules v2)
pnl: 8 open updated, total -5.21 (blind bench 79.69)
review: rules v2 -> v3: min_copy_score
report: 2026-07-09 pnl=-5.21
export: docs/data.json written
=== 2026-07-09 19:38:45
ERROR review: Incorrect number of bindings supplied. The current statement uses 1, and there are 3 supplied.
Traceback (most recent call last):
  File "/Users/michalecerik/Developer/hermes-polymarket/bot.py", line 552, in cycle
    fn()
  File "/Users/michalecerik/Developer/hermes-polymarket/bot.py", line 543, in <lambda>
    ("review", lambda: step_review(c, *get_rules(c))),
  File "/Users/michalecerik/Developer/hermes-polymarket/bot.py", line 474, in step_review
    c.execute("UPDATE wallets SET status='watch', status_reason='downgraded: avg paper pnl %.2f over %d copies' WHERE address=? AND status='track'",
sqlite3.ProgrammingError: Incorrect number of bindings supplied. The current statement uses 1, and there are 3 supplied.
monitor: 11 new trades, 0 paper copies (rules v3)
pnl: 8 open updated, total -5.41 (blind bench 569.53)
review: rules v3 -> v4: min_copy_score
report: 2026-07-09 pnl=-5.41
export: docs/data.json written
=== 2026-07-09 19:54:06
ERROR review: Incorrect number of bindings supplied. The current statement uses 1, and there are 3 supplied.
Traceback (most recent call last):
  File "/Users/michalecerik/Developer/hermes-polymarket/bot.py", line 552, in cycle
    fn()
  File "/Users/michalecerik/Developer/hermes-polymarket/bot.py", line 543, in <lambda>
    ("review", lambda: step_review(c, *get_rules(c))),
  File "/Users/michalecerik/Developer/hermes-polymarket/bot.py", line 474, in step_review
    c.execute("UPDATE wallets SET status='watch', status_reason='downgraded: avg paper pnl %.2f over %d copies' WHERE address=? AND status='track'",
sqlite3.ProgrammingError: Incorrect number of bindings supplied. The current statement uses 1, and there are 3 supplied.
monitor: 23 new trades, 0 paper copies (rules v4)
pnl: 8 open updated, total -5.41 (blind bench 585.17)
review: rules v4 -> v5: min_copy_score
report: 2026-07-09 pnl=-5.41
export: docs/data.json written
=== 2026-07-09 20:09:32
ERROR review: Incorrect number of bindings supplied. The current statement uses 1, and there are 3 supplied.
Traceback (most recent call last):
  File "/Users/michalecerik/Developer/hermes-polymarket/bot.py", line 552, in cycle
    fn()
  File "/Users/michalecerik/Developer/hermes-polymarket/bot.py", line 543, in <lambda>
    ("review", lambda: step_review(c, *get_rules(c))),
  File "/Users/michalecerik/Developer/hermes-polymarket/bot.py", line 474, in step_review
    c.execute("UPDATE wallets SET status='watch', status_reason='downgraded: avg paper pnl %.2f over %d copies' WHERE address=? AND status='track'",
sqlite3.ProgrammingError: Incorrect number of bindings supplied. The current statement uses 1, and there are 3 supplied.
monitor: 36 new trades, 0 paper copies (rules v5)
pnl: 8 open updated, total -6.67 (blind bench 592.19)
review: rules v5 -> v6: min_copy_score
report: 2026-07-09 pnl=-6.67
export: docs/data.json written
=== 2026-07-09 20:24:56
ERROR review: Incorrect number of bindings supplied. The current statement uses 1, and there are 3 supplied.
Traceback (most recent call last):
  File "/Users/michalecerik/Developer/hermes-polymarket/bot.py", line 552, in cycle
    fn()
  File "/Users/michalecerik/Developer/hermes-polymarket/bot.py", line 543, in <lambda>
    ("review", lambda: step_review(c, *get_rules(c))),
  File "/Users/michalecerik/Developer/hermes-polymarket/bot.py", line 474, in step_review
    c.execute("UPDATE wallets SET status='watch', status_reason='downgraded: avg paper pnl %.2f over %d copies' WHERE address=? AND status='track'",
sqlite3.ProgrammingError: Incorrect number of bindings supplied. The current statement uses 1, and there are 3 supplied.
monitor: 29 new trades, 0 paper copies (rules v6)
pnl: 8 open updated, total -6.67 (blind bench 570.32)
review: rules v6 -> v7: min_copy_score
report: 2026-07-09 pnl=-6.67
export: docs/data.json written
=== 2026-07-09 20:40:26
ERROR review: Incorrect number of bindings supplied. The current statement uses 1, and there are 3 supplied.
Traceback (most recent call last):
  File "/Users/michalecerik/Developer/hermes-polymarket/bot.py", line 552, in cycle
    fn()
  File "/Users/michalecerik/Developer/hermes-polymarket/bot.py", line 543, in <lambda>
    ("review", lambda: step_review(c, *get_rules(c))),
  File "/Users/michalecerik/Developer/hermes-polymarket/bot.py", line 474, in step_review
    c.execute("UPDATE wallets SET status='watch', status_reason='downgraded: avg paper pnl %.2f over %d copies' WHERE address=? AND status='track'",
sqlite3.ProgrammingError: Incorrect number of bindings supplied. The current statement uses 1, and there are 3 supplied.
monitor: 43 new trades, 0 paper copies (rules v7)
pnl: 8 open updated, total -6.67 (blind bench 586.08)
review: rules v7 -> v8: min_copy_score
report: 2026-07-09 pnl=-6.67
export: docs/data.json written
=== 2026-07-09 20:55:55
ERROR review: Incorrect number of bindings supplied. The current statement uses 1, and there are 3 supplied.
Traceback (most recent call last):
  File "/Users/michalecerik/Developer/hermes-polymarket/bot.py", line 552, in cycle
    fn()
  File "/Users/michalecerik/Developer/hermes-polymarket/bot.py", line 543, in <lambda>
    ("review", lambda: step_review(c, *get_rules(c))),
  File "/Users/michalecerik/Developer/hermes-polymarket/bot.py", line 474, in step_review
    c.execute("UPDATE wallets SET status='watch', status_reason='downgraded: avg paper pnl %.2f over %d copies' WHERE address=? AND status='track'",
sqlite3.ProgrammingError: Incorrect number of bindings supplied. The current statement uses 1, and there are 3 supplied.
monitor: 29 new trades, 0 paper copies (rules v8)
pnl: 8 open updated, total -6.67 (blind bench 594.42)
review: rules v8 -> v9: min_copy_score
report: 2026-07-09 pnl=-6.67
export: docs/data.json written
=== 2026-07-09 21:11:30
ERROR review: Incorrect number of bindings supplied. The current statement uses 1, and there are 3 supplied.
Traceback (most recent call last):
  File "/Users/michalecerik/Developer/hermes-polymarket/bot.py", line 552, in cycle
    fn()
  File "/Users/michalecerik/Developer/hermes-polymarket/bot.py", line 543, in <lambda>
    ("review", lambda: step_review(c, *get_rules(c))),
  File "/Users/michalecerik/Developer/hermes-polymarket/bot.py", line 474, in step_review
    c.execute("UPDATE wallets SET status='watch', status_reason='downgraded: avg paper pnl %.2f over %d copies' WHERE address=? AND status='track'",
sqlite3.ProgrammingError: Incorrect number of bindings supplied. The current statement uses 1, and there are 3 supplied.
monitor: 5 new trades, 0 paper copies (rules v9)
pnl: 8 open updated, total -7.08 (blind bench 645.08)
report: 2026-07-09 pnl=-7.08
export: docs/data.json written
=== 2026-07-09 21:27:08
ERROR review: Incorrect number of bindings supplied. The current statement uses 1, and there are 3 supplied.
Traceback (most recent call last):
  File "/Users/michalecerik/Developer/hermes-polymarket/bot.py", line 552, in cycle
    fn()
  File "/Users/michalecerik/Developer/hermes-polymarket/bot.py", line 543, in <lambda>
    ("review", lambda: step_review(c, *get_rules(c))),
  File "/Users/michalecerik/Developer/hermes-polymarket/bot.py", line 474, in step_review
    c.execute("UPDATE wallets SET status='watch', status_reason='downgraded: avg paper pnl %.2f over %d copies' WHERE address=? AND status='track'",
sqlite3.ProgrammingError: Incorrect number of bindings supplied. The current statement uses 1, and there are 3 supplied.
monitor: 21 new trades, 0 paper copies (rules v9)
pnl: 8 open updated, total -6.47 (blind bench 643.96)
report: 2026-07-09 pnl=-6.47
export: docs/data.json written
=== 2026-07-09 21:42:31
ERROR review: Incorrect number of bindings supplied. The current statement uses 1, and there are 3 supplied.
Traceback (most recent call last):
  File "/Users/michalecerik/Developer/hermes-polymarket/bot.py", line 552, in cycle
    fn()
  File "/Users/michalecerik/Developer/hermes-polymarket/bot.py", line 543, in <lambda>
    ("review", lambda: step_review(c, *get_rules(c))),
  File "/Users/michalecerik/Developer/hermes-polymarket/bot.py", line 474, in step_review
    c.execute("UPDATE wallets SET status='watch', status_reason='downgraded: avg paper pnl %.2f over %d copies' WHERE address=? AND status='track'",
sqlite3.ProgrammingError: Incorrect number of bindings supplied. The current statement uses 1, and there are 3 supplied.
monitor: 40 new trades, 0 paper copies (rules v9)
pnl: 8 open updated, total -6.18 (blind bench 539.79)
report: 2026-07-09 pnl=-6.18
export: docs/data.json written
=== 2026-07-09 21:57:52
ERROR review: Incorrect number of bindings supplied. The current statement uses 1, and there are 3 supplied.
Traceback (most recent call last):
  File "/Users/michalecerik/Developer/hermes-polymarket/bot.py", line 552, in cycle
    fn()
  File "/Users/michalecerik/Developer/hermes-polymarket/bot.py", line 543, in <lambda>
    ("review", lambda: step_review(c, *get_rules(c))),
  File "/Users/michalecerik/Developer/hermes-polymarket/bot.py", line 474, in step_review
    c.execute("UPDATE wallets SET status='watch', status_reason='downgraded: avg paper pnl %.2f over %d copies' WHERE address=? AND status='track'",
sqlite3.ProgrammingError: Incorrect number of bindings supplied. The current statement uses 1, and there are 3 supplied.
monitor: 33 new trades, 0 paper copies (rules v9)
pnl: 8 open updated, total -6.58 (blind bench 479.47)
report: 2026-07-09 pnl=-6.58
export: docs/data.json written
=== 2026-07-09 22:13:12
ERROR review: Incorrect number of bindings supplied. The current statement uses 1, and there are 3 supplied.
Traceback (most recent call last):
  File "/Users/michalecerik/Developer/hermes-polymarket/bot.py", line 552, in cycle
    fn()
  File "/Users/michalecerik/Developer/hermes-polymarket/bot.py", line 543, in <lambda>
    ("review", lambda: step_review(c, *get_rules(c))),
  File "/Users/michalecerik/Developer/hermes-polymarket/bot.py", line 474, in step_review
    c.execute("UPDATE wallets SET status='watch', status_reason='downgraded: avg paper pnl %.2f over %d copies' WHERE address=? AND status='track'",
sqlite3.ProgrammingError: Incorrect number of bindings supplied. The current statement uses 1, and there are 3 supplied.
monitor: 25 new trades, 0 paper copies (rules v9)
pnl: 8 open updated, total -6.58 (blind bench 484.46)
report: 2026-07-09 pnl=-6.58
export: docs/data.json written
=== 2026-07-09 22:28:26
ERROR review: Incorrect number of bindings supplied. The current statement uses 1, and there are 3 supplied.
Traceback (most recent call last):
  File "/Users/michalecerik/Developer/hermes-polymarket/bot.py", line 552, in cycle
    fn()
  File "/Users/michalecerik/Developer/hermes-polymarket/bot.py", line 543, in <lambda>
    ("review", lambda: step_review(c, *get_rules(c))),
  File "/Users/michalecerik/Developer/hermes-polymarket/bot.py", line 474, in step_review
    c.execute("UPDATE wallets SET status='watch', status_reason='downgraded: avg paper pnl %.2f over %d copies' WHERE address=? AND status='track'",
sqlite3.ProgrammingError: Incorrect number of bindings supplied. The current statement uses 1, and there are 3 supplied.
monitor: 7 new trades, 0 paper copies (rules v9)
pnl: 8 open updated, total -6.58 (blind bench 487.07)
report: 2026-07-09 pnl=-6.58
export: docs/data.json written
=== 2026-07-09 22:43:59
ERROR review: Incorrect number of bindings supplied. The current statement uses 1, and there are 3 supplied.
Traceback (most recent call last):
  File "/Users/michalecerik/Developer/hermes-polymarket/bot.py", line 552, in cycle
    fn()
  File "/Users/michalecerik/Developer/hermes-polymarket/bot.py", line 543, in <lambda>
    ("review", lambda: step_review(c, *get_rules(c))),
  File "/Users/michalecerik/Developer/hermes-polymarket/bot.py", line 474, in step_review
    c.execute("UPDATE wallets SET status='watch', status_reason='downgraded: avg paper pnl %.2f over %d copies' WHERE address=? AND status='track'",
sqlite3.ProgrammingError: Incorrect number of bindings supplied. The current statement uses 1, and there are 3 supplied.
monitor: 9 new trades, 0 paper copies (rules v9)
pnl: 8 open updated, total -10.28 (blind bench 480.64)
report: 2026-07-09 pnl=-10.28
export: docs/data.json written
=== 2026-07-09 22:59:54
ERROR review: Incorrect number of bindings supplied. The current statement uses 1, and there are 3 supplied.
Traceback (most recent call last):
  File "/Users/michalecerik/Developer/hermes-polymarket/bot.py", line 552, in cycle
    fn()
  File "/Users/michalecerik/Developer/hermes-polymarket/bot.py", line 543, in <lambda>
    ("review", lambda: step_review(c, *get_rules(c))),
  File "/Users/michalecerik/Developer/hermes-polymarket/bot.py", line 474, in step_review
    c.execute("UPDATE wallets SET status='watch', status_reason='downgraded: avg paper pnl %.2f over %d copies' WHERE address=? AND status='track'",
sqlite3.ProgrammingError: Incorrect number of bindings supplied. The current statement uses 1, and there are 3 supplied.
monitor: 7 new trades, 0 paper copies (rules v9)
pnl: 8 open updated, total -8.33 (blind bench 474.31)
report: 2026-07-09 pnl=-8.33
export: docs/data.json written
=== 2026-07-09 23:15:45
ERROR review: Incorrect number of bindings supplied. The current statement uses 1, and there are 3 supplied.
Traceback (most recent call last):
  File "/Users/michalecerik/Developer/hermes-polymarket/bot.py", line 552, in cycle
    fn()
  File "/Users/michalecerik/Developer/hermes-polymarket/bot.py", line 543, in <lambda>
    ("review", lambda: step_review(c, *get_rules(c))),
  File "/Users/michalecerik/Developer/hermes-polymarket/bot.py", line 474, in step_review
    c.execute("UPDATE wallets SET status='watch', status_reason='downgraded: avg paper pnl %.2f over %d copies' WHERE address=? AND status='track'",
sqlite3.ProgrammingError: Incorrect number of bindings supplied. The current statement uses 1, and there are 3 supplied.
monitor: 2 new trades, 0 paper copies (rules v9)
pnl: 8 open updated, total -4.07 (blind bench 485.06)
report: 2026-07-09 pnl=-4.07
export: docs/data.json written
=== 2026-07-09 23:31:25
ERROR review: Incorrect number of bindings supplied. The current statement uses 1, and there are 3 supplied.
Traceback (most recent call last):
  File "/Users/michalecerik/Developer/hermes-polymarket/bot.py", line 552, in cycle
    fn()
  File "/Users/michalecerik/Developer/hermes-polymarket/bot.py", line 543, in <lambda>
    ("review", lambda: step_review(c, *get_rules(c))),
  File "/Users/michalecerik/Developer/hermes-polymarket/bot.py", line 474, in step_review
    c.execute("UPDATE wallets SET status='watch', status_reason='downgraded: avg paper pnl %.2f over %d copies' WHERE address=? AND status='track'",
sqlite3.ProgrammingError: Incorrect number of bindings supplied. The current statement uses 1, and there are 3 supplied.
monitor: 2 new trades, 0 paper copies (rules v9)
pnl: 8 open updated, total 1.83 (blind bench 500.64)
report: 2026-07-09 pnl=1.83
export: docs/data.json written
=== 2026-07-09 23:46:36
ERROR review: Incorrect number of bindings supplied. The current statement uses 1, and there are 3 supplied.
Traceback (most recent call last):
  File "/Users/michalecerik/Developer/hermes-polymarket/bot.py", line 552, in cycle
    fn()
  File "/Users/michalecerik/Developer/hermes-polymarket/bot.py", line 543, in <lambda>
    ("review", lambda: step_review(c, *get_rules(c))),
  File "/Users/michalecerik/Developer/hermes-polymarket/bot.py", line 474, in step_review
    c.execute("UPDATE wallets SET status='watch', status_reason='downgraded: avg paper pnl %.2f over %d copies' WHERE address=? AND status='track'",
sqlite3.ProgrammingError: Incorrect number of bindings supplied. The current statement uses 1, and there are 3 supplied.
monitor: 5 new trades, 0 paper copies (rules v9)
pnl: 8 open updated, total 2.84 (blind bench 504.97)
report: 2026-07-09 pnl=2.84
export: docs/data.json written
=== 2026-07-10 00:01:46
monitor: 14 new trades, 0 paper copies (rules v9)
pnl: 8 open updated, total 13.60 (blind bench 526.96)
review: 7 decisions reviewed, 0 rule changes
report: 2026-07-10 pnl=13.60
export: docs/data.json written
=== 2026-07-10 00:16:58
scan: 500 wallets, 50 profiled, 15 tracked
monitor: 109 new trades, 0 paper copies (rules v9)
pnl: 8 open updated, total 15.34 (blind bench 509.05)
review: 2 decisions reviewed, 0 rule changes
report: 2026-07-10 pnl=15.34
export: docs/data.json written
=== 2026-07-10 00:33:53
monitor: 27 new trades, 0 paper copies (rules v9)
pnl: 8 open updated, total 15.77 (blind bench 517.47)
review: 2 decisions reviewed, 0 rule changes
report: 2026-07-10 pnl=15.77
export: docs/data.json written
=== 2026-07-10 00:49:19
monitor: 10 new trades, 0 paper copies (rules v9)
pnl: 8 open updated, total 20.19 (blind bench 522.36)
review: 5 decisions reviewed, 0 rule changes
report: 2026-07-10 pnl=20.19
export: docs/data.json written
=== 2026-07-10 01:04:32
monitor: 32 new trades, 0 paper copies (rules v9)
pnl: 8 open updated, total 17.49 (blind bench 496.25)
review: 14 decisions reviewed, 0 rule changes
report: 2026-07-10 pnl=17.49
export: docs/data.json written
=== 2026-07-10 01:19:50
monitor: 26 new trades, 0 paper copies (rules v9)
pnl: 8 open updated, total 19.73 (blind bench 465.36)
review: 109 decisions reviewed, 0 rule changes
report: 2026-07-10 pnl=19.73
export: docs/data.json written
=== 2026-07-10 01:36:28
monitor: 15 new trades, 0 paper copies (rules v9)
pnl: 8 open updated, total 21.53 (blind bench 398.59)
review: 27 decisions reviewed, 0 rule changes
report: 2026-07-10 pnl=21.53
export: docs/data.json written
=== 2026-07-10 01:51:51
monitor: 18 new trades, 0 paper copies (rules v9)
pnl: 8 open updated, total 21.66 (blind bench 426.06)
review: 10 decisions reviewed, 0 rule changes
report: 2026-07-10 pnl=21.66
export: docs/data.json written
=== 2026-07-10 02:07:19
monitor: 26 new trades, 0 paper copies (rules v9)
pnl: 8 open updated, total 20.42 (blind bench 425.01)
review: 32 decisions reviewed, 0 rule changes
report: 2026-07-10 pnl=20.42
export: docs/data.json written
=== 2026-07-10 02:23:02
ERROR review: Incorrect number of bindings supplied. The current statement uses 1, and there are 3 supplied.
Traceback (most recent call last):
  File "/Users/michalecerik/Developer/hermes-polymarket/bot.py", line 552, in cycle
    fn()
  File "/Users/michalecerik/Developer/hermes-polymarket/bot.py", line 543, in <lambda>
    ("review", lambda: step_review(c, *get_rules(c))),
  File "/Users/michalecerik/Developer/hermes-polymarket/bot.py", line 474, in step_review
    c.execute("UPDATE wallets SET status='watch', status_reason='downgraded: avg paper pnl %.2f over %d copies' WHERE address=? AND status='track'",
sqlite3.ProgrammingError: Incorrect number of bindings supplied. The current statement uses 1, and there are 3 supplied.
monitor: 31 new trades, 0 paper copies (rules v9)
pnl: 8 open updated, total -4.63 (blind bench 388.26)
report: 2026-07-10 pnl=-4.63
export: docs/data.json written
=== 2026-07-10 02:38:46
ERROR review: Incorrect number of bindings supplied. The current statement uses 1, and there are 3 supplied.
Traceback (most recent call last):
  File "/Users/michalecerik/Developer/hermes-polymarket/bot.py", line 552, in cycle
    fn()
  File "/Users/michalecerik/Developer/hermes-polymarket/bot.py", line 543, in <lambda>
    ("review", lambda: step_review(c, *get_rules(c))),
  File "/Users/michalecerik/Developer/hermes-polymarket/bot.py", line 474, in step_review
    c.execute("UPDATE wallets SET status='watch', status_reason='downgraded: avg paper pnl %.2f over %d copies' WHERE address=? AND status='track'",
sqlite3.ProgrammingError: Incorrect number of bindings supplied. The current statement uses 1, and there are 3 supplied.
monitor: 26 new trades, 0 paper copies (rules v9)
pnl: 8 open updated, total -8.35 (blind bench 413.36)
report: 2026-07-10 pnl=-8.35
export: docs/data.json written
=== 2026-07-10 02:54:15
ERROR review: Incorrect number of bindings supplied. The current statement uses 1, and there are 3 supplied.
Traceback (most recent call last):
  File "/Users/michalecerik/Developer/hermes-polymarket/bot.py", line 552, in cycle
    fn()
  File "/Users/michalecerik/Developer/hermes-polymarket/bot.py", line 543, in <lambda>
    ("review", lambda: step_review(c, *get_rules(c))),
  File "/Users/michalecerik/Developer/hermes-polymarket/bot.py", line 474, in step_review
    c.execute("UPDATE wallets SET status='watch', status_reason='downgraded: avg paper pnl %.2f over %d copies' WHERE address=? AND status='track'",
sqlite3.ProgrammingError: Incorrect number of bindings supplied. The current statement uses 1, and there are 3 supplied.
monitor: 25 new trades, 0 paper copies (rules v9)
pnl: 8 open updated, total -10.15 (blind bench 450.89)
report: 2026-07-10 pnl=-10.15
export: docs/data.json written
=== 2026-07-10 03:09:47
ERROR review: Incorrect number of bindings supplied. The current statement uses 1, and there are 3 supplied.
Traceback (most recent call last):
  File "/Users/michalecerik/Developer/hermes-polymarket/bot.py", line 552, in cycle
    fn()
  File "/Users/michalecerik/Developer/hermes-polymarket/bot.py", line 543, in <lambda>
    ("review", lambda: step_review(c, *get_rules(c))),
  File "/Users/michalecerik/Developer/hermes-polymarket/bot.py", line 474, in step_review
    c.execute("UPDATE wallets SET status='watch', status_reason='downgraded: avg paper pnl %.2f over %d copies' WHERE address=? AND status='track'",
sqlite3.ProgrammingError: Incorrect number of bindings supplied. The current statement uses 1, and there are 3 supplied.
monitor: 25 new trades, 0 paper copies (rules v9)
pnl: 8 open updated, total -10.15 (blind bench 639.40)
report: 2026-07-10 pnl=-10.15
export: docs/data.json written
=== 2026-07-10 03:25:27
ERROR review: Incorrect number of bindings supplied. The current statement uses 1, and there are 3 supplied.
Traceback (most recent call last):
  File "/Users/michalecerik/Developer/hermes-polymarket/bot.py", line 552, in cycle
    fn()
  File "/Users/michalecerik/Developer/hermes-polymarket/bot.py", line 543, in <lambda>
    ("review", lambda: step_review(c, *get_rules(c))),
  File "/Users/michalecerik/Developer/hermes-polymarket/bot.py", line 474, in step_review
    c.execute("UPDATE wallets SET status='watch', status_reason='downgraded: avg paper pnl %.2f over %d copies' WHERE address=? AND status='track'",
sqlite3.ProgrammingError: Incorrect number of bindings supplied. The current statement uses 1, and there are 3 supplied.
monitor: 24 new trades, 0 paper copies (rules v9)
pnl: 8 open updated, total -6.19 (blind bench 691.61)
report: 2026-07-10 pnl=-6.19
export: docs/data.json written
=== 2026-07-10 03:41:08
ERROR review: Incorrect number of bindings supplied. The current statement uses 1, and there are 3 supplied.
Traceback (most recent call last):
  File "/Users/michalecerik/Developer/hermes-polymarket/bot.py", line 552, in cycle
    fn()
  File "/Users/michalecerik/Developer/hermes-polymarket/bot.py", line 543, in <lambda>
    ("review", lambda: step_review(c, *get_rules(c))),
  File "/Users/michalecerik/Developer/hermes-polymarket/bot.py", line 474, in step_review
    c.execute("UPDATE wallets SET status='watch', status_reason='downgraded: avg paper pnl %.2f over %d copies' WHERE address=? AND status='track'",
sqlite3.ProgrammingError: Incorrect number of bindings supplied. The current statement uses 1, and there are 3 supplied.
monitor: 22 new trades, 0 paper copies (rules v9)
pnl: 8 open updated, total -2.47 (blind bench 643.90)
report: 2026-07-10 pnl=-2.47
export: docs/data.json written
=== 2026-07-10 03:56:51
ERROR review: Incorrect number of bindings supplied. The current statement uses 1, and there are 3 supplied.
Traceback (most recent call last):
  File "/Users/michalecerik/Developer/hermes-polymarket/bot.py", line 552, in cycle
    fn()
  File "/Users/michalecerik/Developer/hermes-polymarket/bot.py", line 543, in <lambda>
    ("review", lambda: step_review(c, *get_rules(c))),
  File "/Users/michalecerik/Developer/hermes-polymarket/bot.py", line 474, in step_review
    c.execute("UPDATE wallets SET status='watch', status_reason='downgraded: avg paper pnl %.2f over %d copies' WHERE address=? AND status='track'",
sqlite3.ProgrammingError: Incorrect number of bindings supplied. The current statement uses 1, and there are 3 supplied.
monitor: 27 new trades, 0 paper copies (rules v9)
pnl: 8 open updated, total -0.91 (blind bench 674.82)
report: 2026-07-10 pnl=-0.91
export: docs/data.json written
=== 2026-07-10 04:12:15
ERROR review: Incorrect number of bindings supplied. The current statement uses 1, and there are 3 supplied.
Traceback (most recent call last):
  File "/Users/michalecerik/Developer/hermes-polymarket/bot.py", line 552, in cycle
    fn()
  File "/Users/michalecerik/Developer/hermes-polymarket/bot.py", line 543, in <lambda>
    ("review", lambda: step_review(c, *get_rules(c))),
  File "/Users/michalecerik/Developer/hermes-polymarket/bot.py", line 474, in step_review
    c.execute("UPDATE wallets SET status='watch', status_reason='downgraded: avg paper pnl %.2f over %d copies' WHERE address=? AND status='track'",
sqlite3.ProgrammingError: Incorrect number of bindings supplied. The current statement uses 1, and there are 3 supplied.
monitor: 32 new trades, 0 paper copies (rules v9)
pnl: 8 open updated, total -10.27 (blind bench 673.86)
report: 2026-07-10 pnl=-10.27
export: docs/data.json written
=== 2026-07-10 04:27:40
ERROR review: Incorrect number of bindings supplied. The current statement uses 1, and there are 3 supplied.
Traceback (most recent call last):
  File "/Users/michalecerik/Developer/hermes-polymarket/bot.py", line 552, in cycle
    fn()
  File "/Users/michalecerik/Developer/hermes-polymarket/bot.py", line 543, in <lambda>
    ("review", lambda: step_review(c, *get_rules(c))),
  File "/Users/michalecerik/Developer/hermes-polymarket/bot.py", line 474, in step_review
    c.execute("UPDATE wallets SET status='watch', status_reason='downgraded: avg paper pnl %.2f over %d copies' WHERE address=? AND status='track'",
sqlite3.ProgrammingError: Incorrect number of bindings supplied. The current statement uses 1, and there are 3 supplied.
monitor: 0 new trades, 0 paper copies (rules v9)
pnl: 8 open updated, total -13.74 (blind bench 819.67)
report: 2026-07-10 pnl=-13.74
export: docs/data.json written
=== 2026-07-10 04:43:03
ERROR review: Incorrect number of bindings supplied. The current statement uses 1, and there are 3 supplied.
Traceback (most recent call last):
  File "/Users/michalecerik/Developer/hermes-polymarket/bot.py", line 552, in cycle
    fn()
  File "/Users/michalecerik/Developer/hermes-polymarket/bot.py", line 543, in <lambda>
    ("review", lambda: step_review(c, *get_rules(c))),
  File "/Users/michalecerik/Developer/hermes-polymarket/bot.py", line 474, in step_review
    c.execute("UPDATE wallets SET status='watch', status_reason='downgraded: avg paper pnl %.2f over %d copies' WHERE address=? AND status='track'",
sqlite3.ProgrammingError: Incorrect number of bindings supplied. The current statement uses 1, and there are 3 supplied.
monitor: 4 new trades, 0 paper copies (rules v9)
pnl: 8 open updated, total -13.74 (blind bench 767.46)
report: 2026-07-10 pnl=-13.74
export: docs/data.json written
=== 2026-07-10 04:58:30
ERROR review: Incorrect number of bindings supplied. The current statement uses 1, and there are 3 supplied.
Traceback (most recent call last):
  File "/Users/michalecerik/Developer/hermes-polymarket/bot.py", line 552, in cycle
    fn()
  File "/Users/michalecerik/Developer/hermes-polymarket/bot.py", line 543, in <lambda>
    ("review", lambda: step_review(c, *get_rules(c))),
  File "/Users/michalecerik/Developer/hermes-polymarket/bot.py", line 474, in step_review
    c.execute("UPDATE wallets SET status='watch', status_reason='downgraded: avg paper pnl %.2f over %d copies' WHERE address=? AND status='track'",
sqlite3.ProgrammingError: Incorrect number of bindings supplied. The current statement uses 1, and there are 3 supplied.
monitor: 1 new trades, 0 paper copies (rules v9)
pnl: 8 open updated, total -13.74 (blind bench 772.22)
report: 2026-07-10 pnl=-13.74
export: docs/data.json written
=== 2026-07-10 05:14:21
ERROR review: Incorrect number of bindings supplied. The current statement uses 1, and there are 3 supplied.
Traceback (most recent call last):
  File "/Users/michalecerik/Developer/hermes-polymarket/bot.py", line 552, in cycle
    fn()
  File "/Users/michalecerik/Developer/hermes-polymarket/bot.py", line 543, in <lambda>
    ("review", lambda: step_review(c, *get_rules(c))),
  File "/Users/michalecerik/Developer/hermes-polymarket/bot.py", line 474, in step_review
    c.execute("UPDATE wallets SET status='watch', status_reason='downgraded: avg paper pnl %.2f over %d copies' WHERE address=? AND status='track'",
sqlite3.ProgrammingError: Incorrect number of bindings supplied. The current statement uses 1, and there are 3 supplied.
monitor: 0 new trades, 0 paper copies (rules v9)
pnl: 8 open updated, total -13.74 (blind bench 762.22)
report: 2026-07-10 pnl=-13.74
export: docs/data.json written
=== 2026-07-10 05:30:15
ERROR review: Incorrect number of bindings supplied. The current statement uses 1, and there are 3 supplied.
Traceback (most recent call last):
  File "/Users/michalecerik/Developer/hermes-polymarket/bot.py", line 552, in cycle
    fn()
  File "/Users/michalecerik/Developer/hermes-polymarket/bot.py", line 543, in <lambda>
    ("review", lambda: step_review(c, *get_rules(c))),
  File "/Users/michalecerik/Developer/hermes-polymarket/bot.py", line 474, in step_review
    c.execute("UPDATE wallets SET status='watch', status_reason='downgraded: avg paper pnl %.2f over %d copies' WHERE address=? AND status='track'",
sqlite3.ProgrammingError: Incorrect number of bindings supplied. The current statement uses 1, and there are 3 supplied.
monitor: 0 new trades, 0 paper copies (rules v9)
pnl: 8 open updated, total -13.74 (blind bench 762.22)
report: 2026-07-10 pnl=-13.74
export: docs/data.json written
=== 2026-07-10 05:45:29
ERROR review: Incorrect number of bindings supplied. The current statement uses 1, and there are 3 supplied.
Traceback (most recent call last):
  File "/Users/michalecerik/Developer/hermes-polymarket/bot.py", line 552, in cycle
    fn()
  File "/Users/michalecerik/Developer/hermes-polymarket/bot.py", line 543, in <lambda>
    ("review", lambda: step_review(c, *get_rules(c))),
  File "/Users/michalecerik/Developer/hermes-polymarket/bot.py", line 474, in step_review
    c.execute("UPDATE wallets SET status='watch', status_reason='downgraded: avg paper pnl %.2f over %d copies' WHERE address=? AND status='track'",
sqlite3.ProgrammingError: Incorrect number of bindings supplied. The current statement uses 1, and there are 3 supplied.
monitor: 1 new trades, 0 paper copies (rules v9)
pnl: 8 open updated, total -13.74 (blind bench 762.22)
report: 2026-07-10 pnl=-13.74
export: docs/data.json written
=== 2026-07-10 06:00:46
ERROR review: Incorrect number of bindings supplied. The current statement uses 1, and there are 3 supplied.
Traceback (most recent call last):
  File "/Users/michalecerik/Developer/hermes-polymarket/bot.py", line 552, in cycle
    fn()
  File "/Users/michalecerik/Developer/hermes-polymarket/bot.py", line 543, in <lambda>
    ("review", lambda: step_review(c, *get_rules(c))),
  File "/Users/michalecerik/Developer/hermes-polymarket/bot.py", line 474, in step_review
    c.execute("UPDATE wallets SET status='watch', status_reason='downgraded: avg paper pnl %.2f over %d copies' WHERE address=? AND status='track'",
sqlite3.ProgrammingError: Incorrect number of bindings supplied. The current statement uses 1, and there are 3 supplied.
monitor: 8 new trades, 0 paper copies (rules v9)
pnl: 8 open updated, total -13.74 (blind bench 762.38)
report: 2026-07-10 pnl=-13.74
export: docs/data.json written
=== 2026-07-10 06:16:12
ERROR review: Incorrect number of bindings supplied. The current statement uses 1, and there are 3 supplied.
Traceback (most recent call last):
  File "/Users/michalecerik/Developer/hermes-polymarket/bot.py", line 552, in cycle
    fn()
  File "/Users/michalecerik/Developer/hermes-polymarket/bot.py", line 543, in <lambda>
    ("review", lambda: step_review(c, *get_rules(c))),
  File "/Users/michalecerik/Developer/hermes-polymarket/bot.py", line 474, in step_review
    c.execute("UPDATE wallets SET status='watch', status_reason='downgraded: avg paper pnl %.2f over %d copies' WHERE address=? AND status='track'",
sqlite3.ProgrammingError: Incorrect number of bindings supplied. The current statement uses 1, and there are 3 supplied.
monitor: 14 new trades, 0 paper copies (rules v9)
pnl: 8 open updated, total -13.74 (blind bench 762.38)
report: 2026-07-10 pnl=-13.74
export: docs/data.json written
=== 2026-07-10 06:31:35
ERROR review: Incorrect number of bindings supplied. The current statement uses 1, and there are 3 supplied.
Traceback (most recent call last):
  File "/Users/michalecerik/Developer/hermes-polymarket/bot.py", line 552, in cycle
    fn()
  File "/Users/michalecerik/Developer/hermes-polymarket/bot.py", line 543, in <lambda>
    ("review", lambda: step_review(c, *get_rules(c))),
  File "/Users/michalecerik/Developer/hermes-polymarket/bot.py", line 474, in step_review
    c.execute("UPDATE wallets SET status='watch', status_reason='downgraded: avg paper pnl %.2f over %d copies' WHERE address=? AND status='track'",
sqlite3.ProgrammingError: Incorrect number of bindings supplied. The current statement uses 1, and there are 3 supplied.
scan: 500 wallets, 50 profiled, 15 tracked
monitor: 221 new trades, 0 paper copies (rules v9)
pnl: 8 open updated, total -13.74 (blind bench 766.70)
report: 2026-07-10 pnl=-13.74
export: docs/data.json written
=== 2026-07-10 06:51:23
ERROR review: Incorrect number of bindings supplied. The current statement uses 1, and there are 3 supplied.
Traceback (most recent call last):
  File "/Users/michalecerik/Developer/hermes-polymarket/bot.py", line 552, in cycle
    fn()
  File "/Users/michalecerik/Developer/hermes-polymarket/bot.py", line 543, in <lambda>
    ("review", lambda: step_review(c, *get_rules(c))),
  File "/Users/michalecerik/Developer/hermes-polymarket/bot.py", line 474, in step_review
    c.execute("UPDATE wallets SET status='watch', status_reason='downgraded: avg paper pnl %.2f over %d copies' WHERE address=? AND status='track'",
sqlite3.ProgrammingError: Incorrect number of bindings supplied. The current statement uses 1, and there are 3 supplied.
monitor: 11 new trades, 0 paper copies (rules v9)
pnl: 8 open updated, total -13.74 (blind bench 766.70)
report: 2026-07-10 pnl=-13.74
export: docs/data.json written
=== 2026-07-10 07:06:41
ERROR review: Incorrect number of bindings supplied. The current statement uses 1, and there are 3 supplied.
Traceback (most recent call last):
  File "/Users/michalecerik/Developer/hermes-polymarket/bot.py", line 552, in cycle
    fn()
  File "/Users/michalecerik/Developer/hermes-polymarket/bot.py", line 543, in <lambda>
    ("review", lambda: step_review(c, *get_rules(c))),
  File "/Users/michalecerik/Developer/hermes-polymarket/bot.py", line 474, in step_review
    c.execute("UPDATE wallets SET status='watch', status_reason='downgraded: avg paper pnl %.2f over %d copies' WHERE address=? AND status='track'",
sqlite3.ProgrammingError: Incorrect number of bindings supplied. The current statement uses 1, and there are 3 supplied.
monitor: 8 new trades, 0 paper copies (rules v9)
pnl: 8 open updated, total -13.74 (blind bench 766.70)
report: 2026-07-10 pnl=-13.74
export: docs/data.json written
=== 2026-07-10 07:22:13
ERROR review: Incorrect number of bindings supplied. The current statement uses 1, and there are 3 supplied.
Traceback (most recent call last):
  File "/Users/michalecerik/Developer/hermes-polymarket/bot.py", line 552, in cycle
    fn()
  File "/Users/michalecerik/Developer/hermes-polymarket/bot.py", line 543, in <lambda>
    ("review", lambda: step_review(c, *get_rules(c))),
  File "/Users/michalecerik/Developer/hermes-polymarket/bot.py", line 474, in step_review
    c.execute("UPDATE wallets SET status='watch', status_reason='downgraded: avg paper pnl %.2f over %d copies' WHERE address=? AND status='track'",
sqlite3.ProgrammingError: Incorrect number of bindings supplied. The current statement uses 1, and there are 3 supplied.
monitor: 21 new trades, 0 paper copies (rules v9)
pnl: 8 open updated, total -13.74 (blind bench 766.85)
report: 2026-07-10 pnl=-13.74
export: docs/data.json written
=== 2026-07-10 07:37:51
ERROR review: Incorrect number of bindings supplied. The current statement uses 1, and there are 3 supplied.
Traceback (most recent call last):
  File "/Users/michalecerik/Developer/hermes-polymarket/bot.py", line 552, in cycle
    fn()
  File "/Users/michalecerik/Developer/hermes-polymarket/bot.py", line 543, in <lambda>
    ("review", lambda: step_review(c, *get_rules(c))),
  File "/Users/michalecerik/Developer/hermes-polymarket/bot.py", line 474, in step_review
    c.execute("UPDATE wallets SET status='watch', status_reason='downgraded: avg paper pnl %.2f over %d copies' WHERE address=? AND status='track'",
sqlite3.ProgrammingError: Incorrect number of bindings supplied. The current statement uses 1, and there are 3 supplied.
monitor: 5 new trades, 0 paper copies (rules v9)
pnl: 8 open updated, total -13.74 (blind bench 767.15)
report: 2026-07-10 pnl=-13.74
export: docs/data.json written
=== 2026-07-10 07:57:18
ERROR review: Incorrect number of bindings supplied. The current statement uses 1, and there are 3 supplied.
Traceback (most recent call last):
  File "/Users/michalecerik/Developer/hermes-polymarket/bot.py", line 552, in cycle
    fn()
  File "/Users/michalecerik/Developer/hermes-polymarket/bot.py", line 543, in <lambda>
    ("review", lambda: step_review(c, *get_rules(c))),
  File "/Users/michalecerik/Developer/hermes-polymarket/bot.py", line 474, in step_review
    c.execute("UPDATE wallets SET status='watch', status_reason='downgraded: avg paper pnl %.2f over %d copies' WHERE address=? AND status='track'",
sqlite3.ProgrammingError: Incorrect number of bindings supplied. The current statement uses 1, and there are 3 supplied.
monitor: 20 new trades, 0 paper copies (rules v9)
pnl: 8 open updated, total -13.74 (blind bench 765.74)
report: 2026-07-10 pnl=-13.74
export: docs/data.json written
=== 2026-07-10 08:12:51
ERROR review: Incorrect number of bindings supplied. The current statement uses 1, and there are 3 supplied.
Traceback (most recent call last):
  File "/Users/michalecerik/Developer/hermes-polymarket/bot.py", line 552, in cycle
    fn()
  File "/Users/michalecerik/Developer/hermes-polymarket/bot.py", line 543, in <lambda>
    ("review", lambda: step_review(c, *get_rules(c))),
  File "/Users/michalecerik/Developer/hermes-polymarket/bot.py", line 474, in step_review
    c.execute("UPDATE wallets SET status='watch', status_reason='downgraded: avg paper pnl %.2f over %d copies' WHERE address=? AND status='track'",
sqlite3.ProgrammingError: Incorrect number of bindings supplied. The current statement uses 1, and there are 3 supplied.
monitor: 5 new trades, 0 paper copies (rules v9)
pnl: 8 open updated, total -13.74 (blind bench 765.18)
report: 2026-07-10 pnl=-13.74
export: docs/data.json written
=== 2026-07-10 08:28:17
ERROR review: Incorrect number of bindings supplied. The current statement uses 1, and there are 3 supplied.
Traceback (most recent call last):
  File "/Users/michalecerik/Developer/hermes-polymarket/bot.py", line 552, in cycle
    fn()
  File "/Users/michalecerik/Developer/hermes-polymarket/bot.py", line 543, in <lambda>
    ("review", lambda: step_review(c, *get_rules(c))),
  File "/Users/michalecerik/Developer/hermes-polymarket/bot.py", line 474, in step_review
    c.execute("UPDATE wallets SET status='watch', status_reason='downgraded: avg paper pnl %.2f over %d copies' WHERE address=? AND status='track'",
sqlite3.ProgrammingError: Incorrect number of bindings supplied. The current statement uses 1, and there are 3 supplied.
monitor: 18 new trades, 0 paper copies (rules v9)
pnl: 8 open updated, total -13.74 (blind bench 765.18)
report: 2026-07-10 pnl=-13.74
export: docs/data.json written
=== 2026-07-10 08:43:58
ERROR review: Incorrect number of bindings supplied. The current statement uses 1, and there are 3 supplied.
Traceback (most recent call last):
  File "/Users/michalecerik/Developer/hermes-polymarket/bot.py", line 552, in cycle
    fn()
  File "/Users/michalecerik/Developer/hermes-polymarket/bot.py", line 543, in <lambda>
    ("review", lambda: step_review(c, *get_rules(c))),
  File "/Users/michalecerik/Developer/hermes-polymarket/bot.py", line 474, in step_review
    c.execute("UPDATE wallets SET status='watch', status_reason='downgraded: avg paper pnl %.2f over %d copies' WHERE address=? AND status='track'",
sqlite3.ProgrammingError: Incorrect number of bindings supplied. The current statement uses 1, and there are 3 supplied.
monitor: 11 new trades, 0 paper copies (rules v9)
pnl: 8 open updated, total -13.74 (blind bench 765.45)
report: 2026-07-10 pnl=-13.74
export: docs/data.json written
=== 2026-07-10 08:59:21
ERROR review: Incorrect number of bindings supplied. The current statement uses 1, and there are 3 supplied.
Traceback (most recent call last):
  File "/Users/michalecerik/Developer/hermes-polymarket/bot.py", line 552, in cycle
    fn()
  File "/Users/michalecerik/Developer/hermes-polymarket/bot.py", line 543, in <lambda>
    ("review", lambda: step_review(c, *get_rules(c))),
  File "/Users/michalecerik/Developer/hermes-polymarket/bot.py", line 474, in step_review
    c.execute("UPDATE wallets SET status='watch', status_reason='downgraded: avg paper pnl %.2f over %d copies' WHERE address=? AND status='track'",
sqlite3.ProgrammingError: Incorrect number of bindings supplied. The current statement uses 1, and there are 3 supplied.
monitor: 6 new trades, 0 paper copies (rules v9)
pnl: 8 open updated, total -13.74 (blind bench 765.45)
report: 2026-07-10 pnl=-13.74
export: docs/data.json written
=== 2026-07-10 09:14:53
ERROR review: Incorrect number of bindings supplied. The current statement uses 1, and there are 3 supplied.
Traceback (most recent call last):
  File "/Users/michalecerik/Developer/hermes-polymarket/bot.py", line 552, in cycle
    fn()
  File "/Users/michalecerik/Developer/hermes-polymarket/bot.py", line 543, in <lambda>
    ("review", lambda: step_review(c, *get_rules(c))),
  File "/Users/michalecerik/Developer/hermes-polymarket/bot.py", line 474, in step_review
    c.execute("UPDATE wallets SET status='watch', status_reason='downgraded: avg paper pnl %.2f over %d copies' WHERE address=? AND status='track'",
sqlite3.ProgrammingError: Incorrect number of bindings supplied. The current statement uses 1, and there are 3 supplied.
monitor: 7 new trades, 0 paper copies (rules v9)
pnl: 8 open updated, total -13.74 (blind bench 767.20)
report: 2026-07-10 pnl=-13.74
export: docs/data.json written
=== 2026-07-10 09:30:12
ERROR review: Incorrect number of bindings supplied. The current statement uses 1, and there are 3 supplied.
Traceback (most recent call last):
  File "/Users/michalecerik/Developer/hermes-polymarket/bot.py", line 552, in cycle
    fn()
  File "/Users/michalecerik/Developer/hermes-polymarket/bot.py", line 543, in <lambda>
    ("review", lambda: step_review(c, *get_rules(c))),
  File "/Users/michalecerik/Developer/hermes-polymarket/bot.py", line 474, in step_review
    c.execute("UPDATE wallets SET status='watch', status_reason='downgraded: avg paper pnl %.2f over %d copies' WHERE address=? AND status='track'",
sqlite3.ProgrammingError: Incorrect number of bindings supplied. The current statement uses 1, and there are 3 supplied.
monitor: 27 new trades, 0 paper copies (rules v9)
pnl: 8 open updated, total -13.74 (blind bench 757.93)
report: 2026-07-10 pnl=-13.74
export: docs/data.json written
=== 2026-07-10 09:45:41
ERROR review: Incorrect number of bindings supplied. The current statement uses 1, and there are 3 supplied.
Traceback (most recent call last):
  File "/Users/michalecerik/Developer/hermes-polymarket/bot.py", line 552, in cycle
    fn()
  File "/Users/michalecerik/Developer/hermes-polymarket/bot.py", line 543, in <lambda>
    ("review", lambda: step_review(c, *get_rules(c))),
  File "/Users/michalecerik/Developer/hermes-polymarket/bot.py", line 474, in step_review
    c.execute("UPDATE wallets SET status='watch', status_reason='downgraded: avg paper pnl %.2f over %d copies' WHERE address=? AND status='track'",
sqlite3.ProgrammingError: Incorrect number of bindings supplied. The current statement uses 1, and there are 3 supplied.
monitor: 16 new trades, 0 paper copies (rules v9)
pnl: 8 open updated, total -13.74 (blind bench 750.47)
report: 2026-07-10 pnl=-13.74
export: docs/data.json written
=== 2026-07-10 10:01:05
ERROR review: Incorrect number of bindings supplied. The current statement uses 1, and there are 3 supplied.
Traceback (most recent call last):
  File "/Users/michalecerik/Developer/hermes-polymarket/bot.py", line 552, in cycle
    fn()
  File "/Users/michalecerik/Developer/hermes-polymarket/bot.py", line 543, in <lambda>
    ("review", lambda: step_review(c, *get_rules(c))),
  File "/Users/michalecerik/Developer/hermes-polymarket/bot.py", line 474, in step_review
    c.execute("UPDATE wallets SET status='watch', status_reason='downgraded: avg paper pnl %.2f over %d copies' WHERE address=? AND status='track'",
sqlite3.ProgrammingError: Incorrect number of bindings supplied. The current statement uses 1, and there are 3 supplied.
monitor: 17 new trades, 0 paper copies (rules v9)
pnl: 8 open updated, total -13.74 (blind bench 752.30)
report: 2026-07-10 pnl=-13.74
export: docs/data.json written
=== 2026-07-10 10:16:26
ERROR review: Incorrect number of bindings supplied. The current statement uses 1, and there are 3 supplied.
Traceback (most recent call last):
  File "/Users/michalecerik/Developer/hermes-polymarket/bot.py", line 552, in cycle
    fn()
  File "/Users/michalecerik/Developer/hermes-polymarket/bot.py", line 543, in <lambda>
    ("review", lambda: step_review(c, *get_rules(c))),
  File "/Users/michalecerik/Developer/hermes-polymarket/bot.py", line 474, in step_review
    c.execute("UPDATE wallets SET status='watch', status_reason='downgraded: avg paper pnl %.2f over %d copies' WHERE address=? AND status='track'",
sqlite3.ProgrammingError: Incorrect number of bindings supplied. The current statement uses 1, and there are 3 supplied.
monitor: 7 new trades, 0 paper copies (rules v9)
pnl: 8 open updated, total -13.74 (blind bench 747.52)
report: 2026-07-10 pnl=-13.74
export: docs/data.json written
=== 2026-07-10 10:31:45
ERROR review: Incorrect number of bindings supplied. The current statement uses 1, and there are 3 supplied.
Traceback (most recent call last):
  File "/Users/michalecerik/Developer/hermes-polymarket/bot.py", line 552, in cycle
    fn()
  File "/Users/michalecerik/Developer/hermes-polymarket/bot.py", line 543, in <lambda>
    ("review", lambda: step_review(c, *get_rules(c))),
  File "/Users/michalecerik/Developer/hermes-polymarket/bot.py", line 474, in step_review
    c.execute("UPDATE wallets SET status='watch', status_reason='downgraded: avg paper pnl %.2f over %d copies' WHERE address=? AND status='track'",
sqlite3.ProgrammingError: Incorrect number of bindings supplied. The current statement uses 1, and there are 3 supplied.
monitor: 4 new trades, 0 paper copies (rules v9)
pnl: 8 open updated, total -13.74 (blind bench 769.39)
report: 2026-07-10 pnl=-13.74
export: docs/data.json written
=== 2026-07-10 10:47:04
ERROR review: Incorrect number of bindings supplied. The current statement uses 1, and there are 3 supplied.
Traceback (most recent call last):
  File "/Users/michalecerik/Developer/hermes-polymarket/bot.py", line 552, in cycle
    fn()
  File "/Users/michalecerik/Developer/hermes-polymarket/bot.py", line 543, in <lambda>
    ("review", lambda: step_review(c, *get_rules(c))),
  File "/Users/michalecerik/Developer/hermes-polymarket/bot.py", line 474, in step_review
    c.execute("UPDATE wallets SET status='watch', status_reason='downgraded: avg paper pnl %.2f over %d copies' WHERE address=? AND status='track'",
sqlite3.ProgrammingError: Incorrect number of bindings supplied. The current statement uses 1, and there are 3 supplied.
monitor: 44 new trades, 0 paper copies (rules v9)
pnl: 8 open updated, total -13.74 (blind bench 1102.86)
report: 2026-07-10 pnl=-13.74
export: docs/data.json written
=== 2026-07-10 11:02:56
ERROR review: Incorrect number of bindings supplied. The current statement uses 1, and there are 3 supplied.
Traceback (most recent call last):
  File "/Users/michalecerik/Developer/hermes-polymarket/bot.py", line 552, in cycle
    fn()
  File "/Users/michalecerik/Developer/hermes-polymarket/bot.py", line 543, in <lambda>
    ("review", lambda: step_review(c, *get_rules(c))),
  File "/Users/michalecerik/Developer/hermes-polymarket/bot.py", line 474, in step_review
    c.execute("UPDATE wallets SET status='watch', status_reason='downgraded: avg paper pnl %.2f over %d copies' WHERE address=? AND status='track'",
sqlite3.ProgrammingError: Incorrect number of bindings supplied. The current statement uses 1, and there are 3 supplied.
monitor: 15 new trades, 0 paper copies (rules v9)
pnl: 8 open updated, total -13.74 (blind bench 1176.17)
report: 2026-07-10 pnl=-13.74
export: docs/data.json written
=== 2026-07-10 11:18:26
ERROR review: Incorrect number of bindings supplied. The current statement uses 1, and there are 3 supplied.
Traceback (most recent call last):
  File "/Users/michalecerik/Developer/hermes-polymarket/bot.py", line 552, in cycle
    fn()
  File "/Users/michalecerik/Developer/hermes-polymarket/bot.py", line 543, in <lambda>
    ("review", lambda: step_review(c, *get_rules(c))),
  File "/Users/michalecerik/Developer/hermes-polymarket/bot.py", line 474, in step_review
    c.execute("UPDATE wallets SET status='watch', status_reason='downgraded: avg paper pnl %.2f over %d copies' WHERE address=? AND status='track'",
sqlite3.ProgrammingError: Incorrect number of bindings supplied. The current statement uses 1, and there are 3 supplied.
monitor: 20 new trades, 0 paper copies (rules v9)
pnl: 8 open updated, total -13.74 (blind bench 1196.65)
report: 2026-07-10 pnl=-13.74
export: docs/data.json written
=== 2026-07-10 11:33:52
ERROR review: Incorrect number of bindings supplied. The current statement uses 1, and there are 3 supplied.
Traceback (most recent call last):
  File "/Users/michalecerik/Developer/hermes-polymarket/bot.py", line 552, in cycle
    fn()
  File "/Users/michalecerik/Developer/hermes-polymarket/bot.py", line 543, in <lambda>
    ("review", lambda: step_review(c, *get_rules(c))),
  File "/Users/michalecerik/Developer/hermes-polymarket/bot.py", line 474, in step_review
    c.execute("UPDATE wallets SET status='watch', status_reason='downgraded: avg paper pnl %.2f over %d copies' WHERE address=? AND status='track'",
sqlite3.ProgrammingError: Incorrect number of bindings supplied. The current statement uses 1, and there are 3 supplied.
monitor: 10 new trades, 0 paper copies (rules v9)
pnl: 8 open updated, total -13.74 (blind bench 1244.37)
report: 2026-07-10 pnl=-13.74
export: docs/data.json written
=== 2026-07-10 11:49:18
ERROR review: Incorrect number of bindings supplied. The current statement uses 1, and there are 3 supplied.
Traceback (most recent call last):
  File "/Users/michalecerik/Developer/hermes-polymarket/bot.py", line 552, in cycle
    fn()
  File "/Users/michalecerik/Developer/hermes-polymarket/bot.py", line 543, in <lambda>
    ("review", lambda: step_review(c, *get_rules(c))),
  File "/Users/michalecerik/Developer/hermes-polymarket/bot.py", line 474, in step_review
    c.execute("UPDATE wallets SET status='watch', status_reason='downgraded: avg paper pnl %.2f over %d copies' WHERE address=? AND status='track'",
sqlite3.ProgrammingError: Incorrect number of bindings supplied. The current statement uses 1, and there are 3 supplied.
monitor: 6 new trades, 0 paper copies (rules v9)
pnl: 8 open updated, total -13.74 (blind bench 1232.65)
report: 2026-07-10 pnl=-13.74
export: docs/data.json written
=== 2026-07-10 12:05:05
ERROR review: Incorrect number of bindings supplied. The current statement uses 1, and there are 3 supplied.
Traceback (most recent call last):
  File "/Users/michalecerik/Developer/hermes-polymarket/bot.py", line 552, in cycle
    fn()
  File "/Users/michalecerik/Developer/hermes-polymarket/bot.py", line 543, in <lambda>
    ("review", lambda: step_review(c, *get_rules(c))),
  File "/Users/michalecerik/Developer/hermes-polymarket/bot.py", line 474, in step_review
    c.execute("UPDATE wallets SET status='watch', status_reason='downgraded: avg paper pnl %.2f over %d copies' WHERE address=? AND status='track'",
sqlite3.ProgrammingError: Incorrect number of bindings supplied. The current statement uses 1, and there are 3 supplied.
monitor: 42 new trades, 0 paper copies (rules v9)
pnl: 8 open updated, total -13.74 (blind bench 1146.05)
report: 2026-07-10 pnl=-13.74
export: docs/data.json written
=== 2026-07-10 12:20:46
ERROR review: Incorrect number of bindings supplied. The current statement uses 1, and there are 3 supplied.
Traceback (most recent call last):
  File "/Users/michalecerik/Developer/hermes-polymarket/bot.py", line 552, in cycle
    fn()
  File "/Users/michalecerik/Developer/hermes-polymarket/bot.py", line 543, in <lambda>
    ("review", lambda: step_review(c, *get_rules(c))),
  File "/Users/michalecerik/Developer/hermes-polymarket/bot.py", line 474, in step_review
    c.execute("UPDATE wallets SET status='watch', status_reason='downgraded: avg paper pnl %.2f over %d copies' WHERE address=? AND status='track'",
sqlite3.ProgrammingError: Incorrect number of bindings supplied. The current statement uses 1, and there are 3 supplied.
monitor: 17 new trades, 0 paper copies (rules v9)
pnl: 8 open updated, total -13.74 (blind bench 1076.21)
report: 2026-07-10 pnl=-13.74
export: docs/data.json written
=== 2026-07-10 12:36:16
ERROR review: Incorrect number of bindings supplied. The current statement uses 1, and there are 3 supplied.
Traceback (most recent call last):
  File "/Users/michalecerik/Developer/hermes-polymarket/bot.py", line 552, in cycle
    fn()
  File "/Users/michalecerik/Developer/hermes-polymarket/bot.py", line 543, in <lambda>
    ("review", lambda: step_review(c, *get_rules(c))),
  File "/Users/michalecerik/Developer/hermes-polymarket/bot.py", line 474, in step_review
    c.execute("UPDATE wallets SET status='watch', status_reason='downgraded: avg paper pnl %.2f over %d copies' WHERE address=? AND status='track'",
sqlite3.ProgrammingError: Incorrect number of bindings supplied. The current statement uses 1, and there are 3 supplied.
scan: 500 wallets, 50 profiled, 15 tracked
monitor: 65 new trades, 0 paper copies (rules v9)
pnl: 8 open updated, total -13.74 (blind bench 969.91)
report: 2026-07-10 pnl=-13.74
export: docs/data.json written
=== 2026-07-10 12:52:13
ERROR review: Incorrect number of bindings supplied. The current statement uses 1, and there are 3 supplied.
Traceback (most recent call last):
  File "/Users/michalecerik/Developer/hermes-polymarket/bot.py", line 552, in cycle
    fn()
  File "/Users/michalecerik/Developer/hermes-polymarket/bot.py", line 543, in <lambda>
    ("review", lambda: step_review(c, *get_rules(c))),
  File "/Users/michalecerik/Developer/hermes-polymarket/bot.py", line 474, in step_review
    c.execute("UPDATE wallets SET status='watch', status_reason='downgraded: avg paper pnl %.2f over %d copies' WHERE address=? AND status='track'",
sqlite3.ProgrammingError: Incorrect number of bindings supplied. The current statement uses 1, and there are 3 supplied.
monitor: 5 new trades, 0 paper copies (rules v9)
pnl: 8 open updated, total -13.74 (blind bench 961.30)
report: 2026-07-10 pnl=-13.74
export: docs/data.json written
=== 2026-07-10 13:07:33
ERROR review: Incorrect number of bindings supplied. The current statement uses 1, and there are 3 supplied.
Traceback (most recent call last):
  File "/Users/michalecerik/Developer/hermes-polymarket/bot.py", line 552, in cycle
    fn()
  File "/Users/michalecerik/Developer/hermes-polymarket/bot.py", line 543, in <lambda>
    ("review", lambda: step_review(c, *get_rules(c))),
  File "/Users/michalecerik/Developer/hermes-polymarket/bot.py", line 474, in step_review
    c.execute("UPDATE wallets SET status='watch', status_reason='downgraded: avg paper pnl %.2f over %d copies' WHERE address=? AND status='track'",
sqlite3.ProgrammingError: Incorrect number of bindings supplied. The current statement uses 1, and there are 3 supplied.
monitor: 7 new trades, 0 paper copies (rules v9)
pnl: 8 open updated, total -13.74 (blind bench 971.37)
report: 2026-07-10 pnl=-13.74
export: docs/data.json written
=== 2026-07-10 13:23:10
ERROR review: Incorrect number of bindings supplied. The current statement uses 1, and there are 3 supplied.
Traceback (most recent call last):
  File "/Users/michalecerik/Developer/hermes-polymarket/bot.py", line 552, in cycle
    fn()
  File "/Users/michalecerik/Developer/hermes-polymarket/bot.py", line 543, in <lambda>
    ("review", lambda: step_review(c, *get_rules(c))),
  File "/Users/michalecerik/Developer/hermes-polymarket/bot.py", line 474, in step_review
    c.execute("UPDATE wallets SET status='watch', status_reason='downgraded: avg paper pnl %.2f over %d copies' WHERE address=? AND status='track'",
sqlite3.ProgrammingError: Incorrect number of bindings supplied. The current statement uses 1, and there are 3 supplied.
monitor: 7 new trades, 0 paper copies (rules v9)
pnl: 8 open updated, total -13.74 (blind bench 1160.61)
report: 2026-07-10 pnl=-13.74
export: docs/data.json written
=== 2026-07-10 13:38:36
ERROR review: Incorrect number of bindings supplied. The current statement uses 1, and there are 3 supplied.
Traceback (most recent call last):
  File "/Users/michalecerik/Developer/hermes-polymarket/bot.py", line 552, in cycle
    fn()
  File "/Users/michalecerik/Developer/hermes-polymarket/bot.py", line 543, in <lambda>
    ("review", lambda: step_review(c, *get_rules(c))),
  File "/Users/michalecerik/Developer/hermes-polymarket/bot.py", line 474, in step_review
    c.execute("UPDATE wallets SET status='watch', status_reason='downgraded: avg paper pnl %.2f over %d copies' WHERE address=? AND status='track'",
sqlite3.ProgrammingError: Incorrect number of bindings supplied. The current statement uses 1, and there are 3 supplied.
monitor: 15 new trades, 0 paper copies (rules v9)
pnl: 8 open updated, total -13.74 (blind bench 1156.71)
report: 2026-07-10 pnl=-13.74
export: docs/data.json written
=== 2026-07-10 13:55:01
ERROR review: Incorrect number of bindings supplied. The current statement uses 1, and there are 3 supplied.
Traceback (most recent call last):
  File "/Users/michalecerik/Developer/hermes-polymarket/bot.py", line 552, in cycle
    fn()
  File "/Users/michalecerik/Developer/hermes-polymarket/bot.py", line 543, in <lambda>
    ("review", lambda: step_review(c, *get_rules(c))),
  File "/Users/michalecerik/Developer/hermes-polymarket/bot.py", line 474, in step_review
    c.execute("UPDATE wallets SET status='watch', status_reason='downgraded: avg paper pnl %.2f over %d copies' WHERE address=? AND status='track'",
sqlite3.ProgrammingError: Incorrect number of bindings supplied. The current statement uses 1, and there are 3 supplied.
monitor: 24 new trades, 0 paper copies (rules v9)
pnl: 8 open updated, total -13.74 (blind bench 1163.66)
report: 2026-07-10 pnl=-13.74
export: docs/data.json written
=== 2026-07-10 14:10:24
ERROR review: Incorrect number of bindings supplied. The current statement uses 1, and there are 3 supplied.
Traceback (most recent call last):
  File "/Users/michalecerik/Developer/hermes-polymarket/bot.py", line 552, in cycle
    fn()
  File "/Users/michalecerik/Developer/hermes-polymarket/bot.py", line 543, in <lambda>
    ("review", lambda: step_review(c, *get_rules(c))),
  File "/Users/michalecerik/Developer/hermes-polymarket/bot.py", line 474, in step_review
    c.execute("UPDATE wallets SET status='watch', status_reason='downgraded: avg paper pnl %.2f over %d copies' WHERE address=? AND status='track'",
sqlite3.ProgrammingError: Incorrect number of bindings supplied. The current statement uses 1, and there are 3 supplied.
monitor: 26 new trades, 0 paper copies (rules v9)
pnl: 8 open updated, total -13.74 (blind bench 1165.24)
report: 2026-07-10 pnl=-13.74
export: docs/data.json written
=== 2026-07-10 14:25:49
ERROR review: Incorrect number of bindings supplied. The current statement uses 1, and there are 3 supplied.
Traceback (most recent call last):
  File "/Users/michalecerik/Developer/hermes-polymarket/bot.py", line 552, in cycle
    fn()
  File "/Users/michalecerik/Developer/hermes-polymarket/bot.py", line 543, in <lambda>
    ("review", lambda: step_review(c, *get_rules(c))),
  File "/Users/michalecerik/Developer/hermes-polymarket/bot.py", line 474, in step_review
    c.execute("UPDATE wallets SET status='watch', status_reason='downgraded: avg paper pnl %.2f over %d copies' WHERE address=? AND status='track'",
sqlite3.ProgrammingError: Incorrect number of bindings supplied. The current statement uses 1, and there are 3 supplied.
monitor: 32 new trades, 0 paper copies (rules v9)
pnl: 8 open updated, total -13.74 (blind bench 1165.25)
report: 2026-07-10 pnl=-13.74
export: docs/data.json written
=== 2026-07-10 14:41:19
ERROR review: Incorrect number of bindings supplied. The current statement uses 1, and there are 3 supplied.
Traceback (most recent call last):
  File "/Users/michalecerik/Developer/hermes-polymarket/bot.py", line 552, in cycle
    fn()
  File "/Users/michalecerik/Developer/hermes-polymarket/bot.py", line 543, in <lambda>
    ("review", lambda: step_review(c, *get_rules(c))),
  File "/Users/michalecerik/Developer/hermes-polymarket/bot.py", line 474, in step_review
    c.execute("UPDATE wallets SET status='watch', status_reason='downgraded: avg paper pnl %.2f over %d copies' WHERE address=? AND status='track'",
sqlite3.ProgrammingError: Incorrect number of bindings supplied. The current statement uses 1, and there are 3 supplied.
monitor: 33 new trades, 0 paper copies (rules v9)
pnl: 8 open updated, total -13.74 (blind bench 1164.38)
report: 2026-07-10 pnl=-13.74
export: docs/data.json written
=== 2026-07-10 14:56:44
ERROR review: Incorrect number of bindings supplied. The current statement uses 1, and there are 3 supplied.
Traceback (most recent call last):
  File "/Users/michalecerik/Developer/hermes-polymarket/bot.py", line 552, in cycle
    fn()
  File "/Users/michalecerik/Developer/hermes-polymarket/bot.py", line 543, in <lambda>
    ("review", lambda: step_review(c, *get_rules(c))),
  File "/Users/michalecerik/Developer/hermes-polymarket/bot.py", line 474, in step_review
    c.execute("UPDATE wallets SET status='watch', status_reason='downgraded: avg paper pnl %.2f over %d copies' WHERE address=? AND status='track'",
sqlite3.ProgrammingError: Incorrect number of bindings supplied. The current statement uses 1, and there are 3 supplied.
monitor: 10 new trades, 0 paper copies (rules v9)
pnl: 8 open updated, total -13.74 (blind bench 1147.49)
report: 2026-07-10 pnl=-13.74
export: docs/data.json written
=== 2026-07-10 15:12:08
ERROR review: Incorrect number of bindings supplied. The current statement uses 1, and there are 3 supplied.
Traceback (most recent call last):
  File "/Users/michalecerik/Developer/hermes-polymarket/bot.py", line 552, in cycle
    fn()
  File "/Users/michalecerik/Developer/hermes-polymarket/bot.py", line 543, in <lambda>
    ("review", lambda: step_review(c, *get_rules(c))),
  File "/Users/michalecerik/Developer/hermes-polymarket/bot.py", line 474, in step_review
    c.execute("UPDATE wallets SET status='watch', status_reason='downgraded: avg paper pnl %.2f over %d copies' WHERE address=? AND status='track'",
sqlite3.ProgrammingError: Incorrect number of bindings supplied. The current statement uses 1, and there are 3 supplied.
monitor: 12 new trades, 0 paper copies (rules v9)
pnl: 8 open updated, total -13.74 (blind bench 1119.92)
report: 2026-07-10 pnl=-13.74
export: docs/data.json written
=== 2026-07-10 15:27:31
ERROR review: Incorrect number of bindings supplied. The current statement uses 1, and there are 3 supplied.
Traceback (most recent call last):
  File "/Users/michalecerik/Developer/hermes-polymarket/bot.py", line 552, in cycle
    fn()
  File "/Users/michalecerik/Developer/hermes-polymarket/bot.py", line 543, in <lambda>
    ("review", lambda: step_review(c, *get_rules(c))),
  File "/Users/michalecerik/Developer/hermes-polymarket/bot.py", line 474, in step_review
    c.execute("UPDATE wallets SET status='watch', status_reason='downgraded: avg paper pnl %.2f over %d copies' WHERE address=? AND status='track'",
sqlite3.ProgrammingError: Incorrect number of bindings supplied. The current statement uses 1, and there are 3 supplied.
monitor: 21 new trades, 0 paper copies (rules v9)
pnl: 8 open updated, total -13.74 (blind bench 1094.23)
report: 2026-07-10 pnl=-13.74
export: docs/data.json written
=== 2026-07-10 15:42:53
ERROR review: Incorrect number of bindings supplied. The current statement uses 1, and there are 3 supplied.
Traceback (most recent call last):
  File "/Users/michalecerik/Developer/hermes-polymarket/bot.py", line 552, in cycle
    fn()
  File "/Users/michalecerik/Developer/hermes-polymarket/bot.py", line 543, in <lambda>
    ("review", lambda: step_review(c, *get_rules(c))),
  File "/Users/michalecerik/Developer/hermes-polymarket/bot.py", line 474, in step_review
    c.execute("UPDATE wallets SET status='watch', status_reason='downgraded: avg paper pnl %.2f over %d copies' WHERE address=? AND status='track'",
sqlite3.ProgrammingError: Incorrect number of bindings supplied. The current statement uses 1, and there are 3 supplied.
monitor: 9 new trades, 0 paper copies (rules v9)
pnl: 8 open updated, total -13.74 (blind bench 1100.00)
report: 2026-07-10 pnl=-13.74
export: docs/data.json written
=== 2026-07-10 15:58:14
ERROR review: Incorrect number of bindings supplied. The current statement uses 1, and there are 3 supplied.
Traceback (most recent call last):
  File "/Users/michalecerik/Developer/hermes-polymarket/bot.py", line 552, in cycle
    fn()
  File "/Users/michalecerik/Developer/hermes-polymarket/bot.py", line 543, in <lambda>
    ("review", lambda: step_review(c, *get_rules(c))),
  File "/Users/michalecerik/Developer/hermes-polymarket/bot.py", line 474, in step_review
    c.execute("UPDATE wallets SET status='watch', status_reason='downgraded: avg paper pnl %.2f over %d copies' WHERE address=? AND status='track'",
sqlite3.ProgrammingError: Incorrect number of bindings supplied. The current statement uses 1, and there are 3 supplied.
monitor: 12 new trades, 0 paper copies (rules v9)
pnl: 8 open updated, total -13.74 (blind bench 1089.47)
report: 2026-07-10 pnl=-13.74
export: docs/data.json written
=== 2026-07-10 16:13:33
ERROR review: Incorrect number of bindings supplied. The current statement uses 1, and there are 3 supplied.
Traceback (most recent call last):
  File "/Users/michalecerik/Developer/hermes-polymarket/bot.py", line 552, in cycle
    fn()
  File "/Users/michalecerik/Developer/hermes-polymarket/bot.py", line 543, in <lambda>
    ("review", lambda: step_review(c, *get_rules(c))),
  File "/Users/michalecerik/Developer/hermes-polymarket/bot.py", line 474, in step_review
    c.execute("UPDATE wallets SET status='watch', status_reason='downgraded: avg paper pnl %.2f over %d copies' WHERE address=? AND status='track'",
sqlite3.ProgrammingError: Incorrect number of bindings supplied. The current statement uses 1, and there are 3 supplied.
monitor: 5 new trades, 0 paper copies (rules v9)
pnl: 8 open updated, total -13.74 (blind bench 1083.73)
report: 2026-07-10 pnl=-13.74
export: docs/data.json written
=== 2026-07-10 16:28:50
ERROR review: Incorrect number of bindings supplied. The current statement uses 1, and there are 3 supplied.
Traceback (most recent call last):
  File "/Users/michalecerik/Developer/hermes-polymarket/bot.py", line 552, in cycle
    fn()
  File "/Users/michalecerik/Developer/hermes-polymarket/bot.py", line 543, in <lambda>
    ("review", lambda: step_review(c, *get_rules(c))),
  File "/Users/michalecerik/Developer/hermes-polymarket/bot.py", line 474, in step_review
    c.execute("UPDATE wallets SET status='watch', status_reason='downgraded: avg paper pnl %.2f over %d copies' WHERE address=? AND status='track'",
sqlite3.ProgrammingError: Incorrect number of bindings supplied. The current statement uses 1, and there are 3 supplied.
monitor: 9 new trades, 0 paper copies (rules v9)
pnl: 8 open updated, total -13.74 (blind bench 1071.12)
report: 2026-07-10 pnl=-13.74
export: docs/data.json written
=== 2026-07-10 16:44:10
ERROR review: Incorrect number of bindings supplied. The current statement uses 1, and there are 3 supplied.
Traceback (most recent call last):
  File "/Users/michalecerik/Developer/hermes-polymarket/bot.py", line 552, in cycle
    fn()
  File "/Users/michalecerik/Developer/hermes-polymarket/bot.py", line 543, in <lambda>
    ("review", lambda: step_review(c, *get_rules(c))),
  File "/Users/michalecerik/Developer/hermes-polymarket/bot.py", line 474, in step_review
    c.execute("UPDATE wallets SET status='watch', status_reason='downgraded: avg paper pnl %.2f over %d copies' WHERE address=? AND status='track'",
sqlite3.ProgrammingError: Incorrect number of bindings supplied. The current statement uses 1, and there are 3 supplied.
monitor: 7 new trades, 0 paper copies (rules v9)
pnl: 8 open updated, total -13.74 (blind bench 1085.21)
report: 2026-07-10 pnl=-13.74
export: docs/data.json written
=== 2026-07-10 16:59:27
ERROR review: Incorrect number of bindings supplied. The current statement uses 1, and there are 3 supplied.
Traceback (most recent call last):
  File "/Users/michalecerik/Developer/hermes-polymarket/bot.py", line 552, in cycle
    fn()
  File "/Users/michalecerik/Developer/hermes-polymarket/bot.py", line 543, in <lambda>
    ("review", lambda: step_review(c, *get_rules(c))),
  File "/Users/michalecerik/Developer/hermes-polymarket/bot.py", line 474, in step_review
    c.execute("UPDATE wallets SET status='watch', status_reason='downgraded: avg paper pnl %.2f over %d copies' WHERE address=? AND status='track'",
sqlite3.ProgrammingError: Incorrect number of bindings supplied. The current statement uses 1, and there are 3 supplied.
monitor: 3 new trades, 0 paper copies (rules v9)
pnl: 8 open updated, total -13.74 (blind bench 1135.04)
report: 2026-07-10 pnl=-13.74
export: docs/data.json written
=== 2026-07-10 17:14:45
ERROR review: Incorrect number of bindings supplied. The current statement uses 1, and there are 3 supplied.
Traceback (most recent call last):
  File "/Users/michalecerik/Developer/hermes-polymarket/bot.py", line 552, in cycle
    fn()
  File "/Users/michalecerik/Developer/hermes-polymarket/bot.py", line 543, in <lambda>
    ("review", lambda: step_review(c, *get_rules(c))),
  File "/Users/michalecerik/Developer/hermes-polymarket/bot.py", line 474, in step_review
    c.execute("UPDATE wallets SET status='watch', status_reason='downgraded: avg paper pnl %.2f over %d copies' WHERE address=? AND status='track'",
sqlite3.ProgrammingError: Incorrect number of bindings supplied. The current statement uses 1, and there are 3 supplied.
monitor: 13 new trades, 0 paper copies (rules v9)
pnl: 8 open updated, total -13.74 (blind bench 1120.24)
report: 2026-07-10 pnl=-13.74
export: docs/data.json written
=== 2026-07-10 17:30:03
ERROR review: Incorrect number of bindings supplied. The current statement uses 1, and there are 3 supplied.
Traceback (most recent call last):
  File "/Users/michalecerik/Developer/hermes-polymarket/bot.py", line 552, in cycle
    fn()
  File "/Users/michalecerik/Developer/hermes-polymarket/bot.py", line 543, in <lambda>
    ("review", lambda: step_review(c, *get_rules(c))),
  File "/Users/michalecerik/Developer/hermes-polymarket/bot.py", line 474, in step_review
    c.execute("UPDATE wallets SET status='watch', status_reason='downgraded: avg paper pnl %.2f over %d copies' WHERE address=? AND status='track'",
sqlite3.ProgrammingError: Incorrect number of bindings supplied. The current statement uses 1, and there are 3 supplied.
monitor: 5 new trades, 0 paper copies (rules v9)
pnl: 8 open updated, total -13.74 (blind bench 1125.99)
report: 2026-07-10 pnl=-13.74
export: docs/data.json written
=== 2026-07-10 17:45:20
ERROR review: Incorrect number of bindings supplied. The current statement uses 1, and there are 3 supplied.
Traceback (most recent call last):
  File "/Users/michalecerik/Developer/hermes-polymarket/bot.py", line 552, in cycle
    fn()
  File "/Users/michalecerik/Developer/hermes-polymarket/bot.py", line 543, in <lambda>
    ("review", lambda: step_review(c, *get_rules(c))),
  File "/Users/michalecerik/Developer/hermes-polymarket/bot.py", line 474, in step_review
    c.execute("UPDATE wallets SET status='watch', status_reason='downgraded: avg paper pnl %.2f over %d copies' WHERE address=? AND status='track'",
sqlite3.ProgrammingError: Incorrect number of bindings supplied. The current statement uses 1, and there are 3 supplied.
monitor: 8 new trades, 0 paper copies (rules v9)
pnl: 8 open updated, total -13.74 (blind bench 1125.63)
report: 2026-07-10 pnl=-13.74
export: docs/data.json written
=== 2026-07-10 18:00:41
ERROR review: Incorrect number of bindings supplied. The current statement uses 1, and there are 3 supplied.
Traceback (most recent call last):
  File "/Users/michalecerik/Developer/hermes-polymarket/bot.py", line 552, in cycle
    fn()
  File "/Users/michalecerik/Developer/hermes-polymarket/bot.py", line 543, in <lambda>
    ("review", lambda: step_review(c, *get_rules(c))),
  File "/Users/michalecerik/Developer/hermes-polymarket/bot.py", line 474, in step_review
    c.execute("UPDATE wallets SET status='watch', status_reason='downgraded: avg paper pnl %.2f over %d copies' WHERE address=? AND status='track'",
sqlite3.ProgrammingError: Incorrect number of bindings supplied. The current statement uses 1, and there are 3 supplied.
monitor: 2 new trades, 0 paper copies (rules v9)
pnl: 8 open updated, total -13.74 (blind bench 1132.53)
report: 2026-07-10 pnl=-13.74
export: docs/data.json written
=== 2026-07-10 18:15:58
ERROR review: Incorrect number of bindings supplied. The current statement uses 1, and there are 3 supplied.
Traceback (most recent call last):
  File "/Users/michalecerik/Developer/hermes-polymarket/bot.py", line 552, in cycle
    fn()
  File "/Users/michalecerik/Developer/hermes-polymarket/bot.py", line 543, in <lambda>
    ("review", lambda: step_review(c, *get_rules(c))),
  File "/Users/michalecerik/Developer/hermes-polymarket/bot.py", line 474, in step_review
    c.execute("UPDATE wallets SET status='watch', status_reason='downgraded: avg paper pnl %.2f over %d copies' WHERE address=? AND status='track'",
sqlite3.ProgrammingError: Incorrect number of bindings supplied. The current statement uses 1, and there are 3 supplied.
monitor: 1 new trades, 0 paper copies (rules v9)
pnl: 8 open updated, total -13.74 (blind bench 1132.73)
report: 2026-07-10 pnl=-13.74
export: docs/data.json written
=== 2026-07-10 18:31:16
ERROR review: Incorrect number of bindings supplied. The current statement uses 1, and there are 3 supplied.
Traceback (most recent call last):
  File "/Users/michalecerik/Developer/hermes-polymarket/bot.py", line 552, in cycle
    fn()
  File "/Users/michalecerik/Developer/hermes-polymarket/bot.py", line 543, in <lambda>
    ("review", lambda: step_review(c, *get_rules(c))),
  File "/Users/michalecerik/Developer/hermes-polymarket/bot.py", line 474, in step_review
    c.execute("UPDATE wallets SET status='watch', status_reason='downgraded: avg paper pnl %.2f over %d copies' WHERE address=? AND status='track'",
sqlite3.ProgrammingError: Incorrect number of bindings supplied. The current statement uses 1, and there are 3 supplied.
monitor: 7 new trades, 0 paper copies (rules v9)
pnl: 8 open updated, total -13.74 (blind bench 1130.76)
report: 2026-07-10 pnl=-13.74
export: docs/data.json written
=== 2026-07-10 18:46:33
ERROR review: Incorrect number of bindings supplied. The current statement uses 1, and there are 3 supplied.
Traceback (most recent call last):
  File "/Users/michalecerik/Developer/hermes-polymarket/bot.py", line 552, in cycle
    fn()
  File "/Users/michalecerik/Developer/hermes-polymarket/bot.py", line 543, in <lambda>
    ("review", lambda: step_review(c, *get_rules(c))),
  File "/Users/michalecerik/Developer/hermes-polymarket/bot.py", line 474, in step_review
    c.execute("UPDATE wallets SET status='watch', status_reason='downgraded: avg paper pnl %.2f over %d copies' WHERE address=? AND status='track'",
sqlite3.ProgrammingError: Incorrect number of bindings supplied. The current statement uses 1, and there are 3 supplied.
scan: 500 wallets, 50 profiled, 15 tracked
monitor: 104 new trades, 0 paper copies (rules v9)
pnl: 8 open updated, total -13.74 (blind bench 1131.83)
report: 2026-07-10 pnl=-13.74
export: docs/data.json written
=== 2026-07-10 19:02:18
ERROR review: Incorrect number of bindings supplied. The current statement uses 1, and there are 3 supplied.
Traceback (most recent call last):
  File "/Users/michalecerik/Developer/hermes-polymarket/bot.py", line 552, in cycle
    fn()
  File "/Users/michalecerik/Developer/hermes-polymarket/bot.py", line 543, in <lambda>
    ("review", lambda: step_review(c, *get_rules(c))),
  File "/Users/michalecerik/Developer/hermes-polymarket/bot.py", line 474, in step_review
    c.execute("UPDATE wallets SET status='watch', status_reason='downgraded: avg paper pnl %.2f over %d copies' WHERE address=? AND status='track'",
sqlite3.ProgrammingError: Incorrect number of bindings supplied. The current statement uses 1, and there are 3 supplied.
monitor: 46 new trades, 0 paper copies (rules v9)
pnl: 8 open updated, total -13.74 (blind bench 1132.46)
report: 2026-07-10 pnl=-13.74
export: docs/data.json written
=== 2026-07-10 19:17:49
ERROR review: Incorrect number of bindings supplied. The current statement uses 1, and there are 3 supplied.
Traceback (most recent call last):
  File "/Users/michalecerik/Developer/hermes-polymarket/bot.py", line 552, in cycle
    fn()
  File "/Users/michalecerik/Developer/hermes-polymarket/bot.py", line 543, in <lambda>
    ("review", lambda: step_review(c, *get_rules(c))),
  File "/Users/michalecerik/Developer/hermes-polymarket/bot.py", line 474, in step_review
    c.execute("UPDATE wallets SET status='watch', status_reason='downgraded: avg paper pnl %.2f over %d copies' WHERE address=? AND status='track'",
sqlite3.ProgrammingError: Incorrect number of bindings supplied. The current statement uses 1, and there are 3 supplied.
monitor: 46 new trades, 0 paper copies (rules v9)
pnl: 8 open updated, total -13.74 (blind bench 1126.67)
report: 2026-07-10 pnl=-13.74
export: docs/data.json written
=== 2026-07-10 19:33:14
ERROR review: Incorrect number of bindings supplied. The current statement uses 1, and there are 3 supplied.
Traceback (most recent call last):
  File "/Users/michalecerik/Developer/hermes-polymarket/bot.py", line 552, in cycle
    fn()
  File "/Users/michalecerik/Developer/hermes-polymarket/bot.py", line 543, in <lambda>
    ("review", lambda: step_review(c, *get_rules(c))),
  File "/Users/michalecerik/Developer/hermes-polymarket/bot.py", line 474, in step_review
    c.execute("UPDATE wallets SET status='watch', status_reason='downgraded: avg paper pnl %.2f over %d copies' WHERE address=? AND status='track'",
sqlite3.ProgrammingError: Incorrect number of bindings supplied. The current statement uses 1, and there are 3 supplied.
monitor: 43 new trades, 0 paper copies (rules v9)
pnl: 8 open updated, total -13.74 (blind bench 1126.88)
report: 2026-07-10 pnl=-13.74
export: docs/data.json written
=== 2026-07-10 19:48:38
ERROR review: Incorrect number of bindings supplied. The current statement uses 1, and there are 3 supplied.
Traceback (most recent call last):
  File "/Users/michalecerik/Developer/hermes-polymarket/bot.py", line 552, in cycle
    fn()
  File "/Users/michalecerik/Developer/hermes-polymarket/bot.py", line 543, in <lambda>
    ("review", lambda: step_review(c, *get_rules(c))),
  File "/Users/michalecerik/Developer/hermes-polymarket/bot.py", line 474, in step_review
    c.execute("UPDATE wallets SET status='watch', status_reason='downgraded: avg paper pnl %.2f over %d copies' WHERE address=? AND status='track'",
sqlite3.ProgrammingError: Incorrect number of bindings supplied. The current statement uses 1, and there are 3 supplied.
monitor: 47 new trades, 0 paper copies (rules v9)
pnl: 8 open updated, total -13.74 (blind bench 1121.35)
report: 2026-07-10 pnl=-13.74
export: docs/data.json written
=== 2026-07-10 20:04:17
ERROR review: Incorrect number of bindings supplied. The current statement uses 1, and there are 3 supplied.
Traceback (most recent call last):
  File "/Users/michalecerik/Developer/hermes-polymarket/bot.py", line 552, in cycle
    fn()
  File "/Users/michalecerik/Developer/hermes-polymarket/bot.py", line 543, in <lambda>
    ("review", lambda: step_review(c, *get_rules(c))),
  File "/Users/michalecerik/Developer/hermes-polymarket/bot.py", line 474, in step_review
    c.execute("UPDATE wallets SET status='watch', status_reason='downgraded: avg paper pnl %.2f over %d copies' WHERE address=? AND status='track'",
sqlite3.ProgrammingError: Incorrect number of bindings supplied. The current statement uses 1, and there are 3 supplied.
monitor: 42 new trades, 0 paper copies (rules v9)
pnl: 8 open updated, total -13.74 (blind bench 1108.82)
report: 2026-07-10 pnl=-13.74
export: docs/data.json written
=== 2026-07-10 20:19:51
ERROR review: Incorrect number of bindings supplied. The current statement uses 1, and there are 3 supplied.
Traceback (most recent call last):
  File "/Users/michalecerik/Developer/hermes-polymarket/bot.py", line 552, in cycle
    fn()
  File "/Users/michalecerik/Developer/hermes-polymarket/bot.py", line 543, in <lambda>
    ("review", lambda: step_review(c, *get_rules(c))),
  File "/Users/michalecerik/Developer/hermes-polymarket/bot.py", line 474, in step_review
    c.execute("UPDATE wallets SET status='watch', status_reason='downgraded: avg paper pnl %.2f over %d copies' WHERE address=? AND status='track'",
sqlite3.ProgrammingError: Incorrect number of bindings supplied. The current statement uses 1, and there are 3 supplied.
monitor: 37 new trades, 0 paper copies (rules v9)
pnl: 8 open updated, total -13.74 (blind bench 1155.45)
report: 2026-07-10 pnl=-13.74
export: docs/data.json written
=== 2026-07-10 20:35:22
ERROR review: Incorrect number of bindings supplied. The current statement uses 1, and there are 3 supplied.
Traceback (most recent call last):
  File "/Users/michalecerik/Developer/hermes-polymarket/bot.py", line 552, in cycle
    fn()
  File "/Users/michalecerik/Developer/hermes-polymarket/bot.py", line 543, in <lambda>
    ("review", lambda: step_review(c, *get_rules(c))),
  File "/Users/michalecerik/Developer/hermes-polymarket/bot.py", line 474, in step_review
    c.execute("UPDATE wallets SET status='watch', status_reason='downgraded: avg paper pnl %.2f over %d copies' WHERE address=? AND status='track'",
sqlite3.ProgrammingError: Incorrect number of bindings supplied. The current statement uses 1, and there are 3 supplied.
monitor: 53 new trades, 0 paper copies (rules v9)
pnl: 8 open updated, total -13.74 (blind bench 969.67)
report: 2026-07-10 pnl=-13.74
export: docs/data.json written
=== 2026-07-10 20:50:48
ERROR review: Incorrect number of bindings supplied. The current statement uses 1, and there are 3 supplied.
Traceback (most recent call last):
  File "/Users/michalecerik/Developer/hermes-polymarket/bot.py", line 552, in cycle
    fn()
  File "/Users/michalecerik/Developer/hermes-polymarket/bot.py", line 543, in <lambda>
    ("review", lambda: step_review(c, *get_rules(c))),
  File "/Users/michalecerik/Developer/hermes-polymarket/bot.py", line 474, in step_review
    c.execute("UPDATE wallets SET status='watch', status_reason='downgraded: avg paper pnl %.2f over %d copies' WHERE address=? AND status='track'",
sqlite3.ProgrammingError: Incorrect number of bindings supplied. The current statement uses 1, and there are 3 supplied.
monitor: 62 new trades, 0 paper copies (rules v9)
pnl: 8 open updated, total -13.74 (blind bench 1082.21)
report: 2026-07-10 pnl=-13.74
export: docs/data.json written
=== 2026-07-10 21:06:16
ERROR review: Incorrect number of bindings supplied. The current statement uses 1, and there are 3 supplied.
Traceback (most recent call last):
  File "/Users/michalecerik/Developer/hermes-polymarket/bot.py", line 552, in cycle
    fn()
  File "/Users/michalecerik/Developer/hermes-polymarket/bot.py", line 543, in <lambda>
    ("review", lambda: step_review(c, *get_rules(c))),
  File "/Users/michalecerik/Developer/hermes-polymarket/bot.py", line 474, in step_review
    c.execute("UPDATE wallets SET status='watch', status_reason='downgraded: avg paper pnl %.2f over %d copies' WHERE address=? AND status='track'",
sqlite3.ProgrammingError: Incorrect number of bindings supplied. The current statement uses 1, and there are 3 supplied.
monitor: 49 new trades, 0 paper copies (rules v9)
pnl: 8 open updated, total -13.74 (blind bench 1111.14)
report: 2026-07-10 pnl=-13.74
export: docs/data.json written
=== 2026-07-10 21:21:46
ERROR review: Incorrect number of bindings supplied. The current statement uses 1, and there are 3 supplied.
Traceback (most recent call last):
  File "/Users/michalecerik/Developer/hermes-polymarket/bot.py", line 552, in cycle
    fn()
  File "/Users/michalecerik/Developer/hermes-polymarket/bot.py", line 543, in <lambda>
    ("review", lambda: step_review(c, *get_rules(c))),
  File "/Users/michalecerik/Developer/hermes-polymarket/bot.py", line 474, in step_review
    c.execute("UPDATE wallets SET status='watch', status_reason='downgraded: avg paper pnl %.2f over %d copies' WHERE address=? AND status='track'",
sqlite3.ProgrammingError: Incorrect number of bindings supplied. The current statement uses 1, and there are 3 supplied.
monitor: 21 new trades, 0 paper copies (rules v9)
pnl: 8 open updated, total -13.74 (blind bench 1077.62)
report: 2026-07-10 pnl=-13.74
export: docs/data.json written
=== 2026-07-10 21:37:35
ERROR review: Incorrect number of bindings supplied. The current statement uses 1, and there are 3 supplied.
Traceback (most recent call last):
  File "/Users/michalecerik/Developer/hermes-polymarket/bot.py", line 552, in cycle
    fn()
  File "/Users/michalecerik/Developer/hermes-polymarket/bot.py", line 543, in <lambda>
    ("review", lambda: step_review(c, *get_rules(c))),
  File "/Users/michalecerik/Developer/hermes-polymarket/bot.py", line 474, in step_review
    c.execute("UPDATE wallets SET status='watch', status_reason='downgraded: avg paper pnl %.2f over %d copies' WHERE address=? AND status='track'",
sqlite3.ProgrammingError: Incorrect number of bindings supplied. The current statement uses 1, and there are 3 supplied.
monitor: 23 new trades, 0 paper copies (rules v9)
pnl: 8 open updated, total -13.74 (blind bench 1103.86)
report: 2026-07-10 pnl=-13.74
export: docs/data.json written
=== 2026-07-10 21:53:40
ERROR review: Incorrect number of bindings supplied. The current statement uses 1, and there are 3 supplied.
Traceback (most recent call last):
  File "/Users/michalecerik/Developer/hermes-polymarket/bot.py", line 552, in cycle
    fn()
  File "/Users/michalecerik/Developer/hermes-polymarket/bot.py", line 543, in <lambda>
    ("review", lambda: step_review(c, *get_rules(c))),
  File "/Users/michalecerik/Developer/hermes-polymarket/bot.py", line 474, in step_review
    c.execute("UPDATE wallets SET status='watch', status_reason='downgraded: avg paper pnl %.2f over %d copies' WHERE address=? AND status='track'",
sqlite3.ProgrammingError: Incorrect number of bindings supplied. The current statement uses 1, and there are 3 supplied.
monitor: 28 new trades, 0 paper copies (rules v9)
pnl: 8 open updated, total -13.74 (blind bench 1119.72)
report: 2026-07-10 pnl=-13.74
export: docs/data.json written
=== 2026-07-10 22:09:57
ERROR review: Incorrect number of bindings supplied. The current statement uses 1, and there are 3 supplied.
Traceback (most recent call last):
  File "/Users/michalecerik/Developer/hermes-polymarket/bot.py", line 552, in cycle
    fn()
  File "/Users/michalecerik/Developer/hermes-polymarket/bot.py", line 543, in <lambda>
    ("review", lambda: step_review(c, *get_rules(c))),
  File "/Users/michalecerik/Developer/hermes-polymarket/bot.py", line 474, in step_review
    c.execute("UPDATE wallets SET status='watch', status_reason='downgraded: avg paper pnl %.2f over %d copies' WHERE address=? AND status='track'",
sqlite3.ProgrammingError: Incorrect number of bindings supplied. The current statement uses 1, and there are 3 supplied.
monitor: 17 new trades, 0 paper copies (rules v9)
pnl: 8 open updated, total -13.74 (blind bench 1145.62)
report: 2026-07-10 pnl=-13.74
export: docs/data.json written
=== 2026-07-10 22:25:59
ERROR review: Incorrect number of bindings supplied. The current statement uses 1, and there are 3 supplied.
Traceback (most recent call last):
  File "/Users/michalecerik/Developer/hermes-polymarket/bot.py", line 552, in cycle
    fn()
  File "/Users/michalecerik/Developer/hermes-polymarket/bot.py", line 543, in <lambda>
    ("review", lambda: step_review(c, *get_rules(c))),
  File "/Users/michalecerik/Developer/hermes-polymarket/bot.py", line 474, in step_review
    c.execute("UPDATE wallets SET status='watch', status_reason='downgraded: avg paper pnl %.2f over %d copies' WHERE address=? AND status='track'",
sqlite3.ProgrammingError: Incorrect number of bindings supplied. The current statement uses 1, and there are 3 supplied.
monitor: 13 new trades, 0 paper copies (rules v9)
pnl: 8 open updated, total -13.74 (blind bench 21086.33)
report: 2026-07-10 pnl=-13.74
export: docs/data.json written
=== 2026-07-10 22:41:29
ERROR review: Incorrect number of bindings supplied. The current statement uses 1, and there are 3 supplied.
Traceback (most recent call last):
  File "/Users/michalecerik/Developer/hermes-polymarket/bot.py", line 552, in cycle
    fn()
  File "/Users/michalecerik/Developer/hermes-polymarket/bot.py", line 543, in <lambda>
    ("review", lambda: step_review(c, *get_rules(c))),
  File "/Users/michalecerik/Developer/hermes-polymarket/bot.py", line 474, in step_review
    c.execute("UPDATE wallets SET status='watch', status_reason='downgraded: avg paper pnl %.2f over %d copies' WHERE address=? AND status='track'",
sqlite3.ProgrammingError: Incorrect number of bindings supplied. The current statement uses 1, and there are 3 supplied.
monitor: 10 new trades, 0 paper copies (rules v9)
pnl: 8 open updated, total -13.74 (blind bench 21085.73)
report: 2026-07-10 pnl=-13.74
export: docs/data.json written
=== 2026-07-10 22:56:53
ERROR review: Incorrect number of bindings supplied. The current statement uses 1, and there are 3 supplied.
Traceback (most recent call last):
  File "/Users/michalecerik/Developer/hermes-polymarket/bot.py", line 552, in cycle
    fn()
  File "/Users/michalecerik/Developer/hermes-polymarket/bot.py", line 543, in <lambda>
    ("review", lambda: step_review(c, *get_rules(c))),
  File "/Users/michalecerik/Developer/hermes-polymarket/bot.py", line 474, in step_review
    c.execute("UPDATE wallets SET status='watch', status_reason='downgraded: avg paper pnl %.2f over %d copies' WHERE address=? AND status='track'",
sqlite3.ProgrammingError: Incorrect number of bindings supplied. The current statement uses 1, and there are 3 supplied.
monitor: 15 new trades, 0 paper copies (rules v9)
pnl: 8 open updated, total -13.74 (blind bench 21083.38)
report: 2026-07-10 pnl=-13.74
export: docs/data.json written
=== 2026-07-10 23:12:19
ERROR review: Incorrect number of bindings supplied. The current statement uses 1, and there are 3 supplied.
Traceback (most recent call last):
  File "/Users/michalecerik/Developer/hermes-polymarket/bot.py", line 552, in cycle
    fn()
  File "/Users/michalecerik/Developer/hermes-polymarket/bot.py", line 543, in <lambda>
    ("review", lambda: step_review(c, *get_rules(c))),
  File "/Users/michalecerik/Developer/hermes-polymarket/bot.py", line 474, in step_review
    c.execute("UPDATE wallets SET status='watch', status_reason='downgraded: avg paper pnl %.2f over %d copies' WHERE address=? AND status='track'",
sqlite3.ProgrammingError: Incorrect number of bindings supplied. The current statement uses 1, and there are 3 supplied.
monitor: 11 new trades, 0 paper copies (rules v9)
pnl: 8 open updated, total -13.74 (blind bench 21086.71)
report: 2026-07-10 pnl=-13.74
export: docs/data.json written
=== 2026-07-10 23:27:43
ERROR review: Incorrect number of bindings supplied. The current statement uses 1, and there are 3 supplied.
Traceback (most recent call last):
  File "/Users/michalecerik/Developer/hermes-polymarket/bot.py", line 552, in cycle
    fn()
  File "/Users/michalecerik/Developer/hermes-polymarket/bot.py", line 543, in <lambda>
    ("review", lambda: step_review(c, *get_rules(c))),
  File "/Users/michalecerik/Developer/hermes-polymarket/bot.py", line 474, in step_review
    c.execute("UPDATE wallets SET status='watch', status_reason='downgraded: avg paper pnl %.2f over %d copies' WHERE address=? AND status='track'",
sqlite3.ProgrammingError: Incorrect number of bindings supplied. The current statement uses 1, and there are 3 supplied.
monitor: 15 new trades, 0 paper copies (rules v9)
pnl: 8 open updated, total -13.74 (blind bench 21080.17)
report: 2026-07-10 pnl=-13.74
export: docs/data.json written
=== 2026-07-10 23:43:08
ERROR review: Incorrect number of bindings supplied. The current statement uses 1, and there are 3 supplied.
Traceback (most recent call last):
  File "/Users/michalecerik/Developer/hermes-polymarket/bot.py", line 552, in cycle
    fn()
  File "/Users/michalecerik/Developer/hermes-polymarket/bot.py", line 543, in <lambda>
    ("review", lambda: step_review(c, *get_rules(c))),
  File "/Users/michalecerik/Developer/hermes-polymarket/bot.py", line 474, in step_review
    c.execute("UPDATE wallets SET status='watch', status_reason='downgraded: avg paper pnl %.2f over %d copies' WHERE address=? AND status='track'",
sqlite3.ProgrammingError: Incorrect number of bindings supplied. The current statement uses 1, and there are 3 supplied.
monitor: 18 new trades, 0 paper copies (rules v9)
pnl: 8 open updated, total -13.74 (blind bench 21080.82)
report: 2026-07-10 pnl=-13.74
export: docs/data.json written
=== 2026-07-10 23:58:27
ERROR review: Incorrect number of bindings supplied. The current statement uses 1, and there are 3 supplied.
Traceback (most recent call last):
  File "/Users/michalecerik/Developer/hermes-polymarket/bot.py", line 552, in cycle
    fn()
  File "/Users/michalecerik/Developer/hermes-polymarket/bot.py", line 543, in <lambda>
    ("review", lambda: step_review(c, *get_rules(c))),
  File "/Users/michalecerik/Developer/hermes-polymarket/bot.py", line 474, in step_review
    c.execute("UPDATE wallets SET status='watch', status_reason='downgraded: avg paper pnl %.2f over %d copies' WHERE address=? AND status='track'",
sqlite3.ProgrammingError: Incorrect number of bindings supplied. The current statement uses 1, and there are 3 supplied.
monitor: 10 new trades, 0 paper copies (rules v9)
pnl: 8 open updated, total -13.74 (blind bench 21068.96)
report: 2026-07-10 pnl=-13.74
export: docs/data.json written
=== 2026-07-11 00:13:46
ERROR review: Incorrect number of bindings supplied. The current statement uses 1, and there are 3 supplied.
Traceback (most recent call last):
  File "/Users/michalecerik/Developer/hermes-polymarket/bot.py", line 552, in cycle
    fn()
  File "/Users/michalecerik/Developer/hermes-polymarket/bot.py", line 543, in <lambda>
    ("review", lambda: step_review(c, *get_rules(c))),
  File "/Users/michalecerik/Developer/hermes-polymarket/bot.py", line 474, in step_review
    c.execute("UPDATE wallets SET status='watch', status_reason='downgraded: avg paper pnl %.2f over %d copies' WHERE address=? AND status='track'",
sqlite3.ProgrammingError: Incorrect number of bindings supplied. The current statement uses 1, and there are 3 supplied.
monitor: 5 new trades, 0 paper copies (rules v9)
pnl: 8 open updated, total -13.74 (blind bench 21078.24)
report: 2026-07-11 pnl=-13.74
export: docs/data.json written
=== 2026-07-11 00:29:04
ERROR review: Incorrect number of bindings supplied. The current statement uses 1, and there are 3 supplied.
Traceback (most recent call last):
  File "/Users/michalecerik/Developer/hermes-polymarket/bot.py", line 552, in cycle
    fn()
  File "/Users/michalecerik/Developer/hermes-polymarket/bot.py", line 543, in <lambda>
    ("review", lambda: step_review(c, *get_rules(c))),
  File "/Users/michalecerik/Developer/hermes-polymarket/bot.py", line 474, in step_review
    c.execute("UPDATE wallets SET status='watch', status_reason='downgraded: avg paper pnl %.2f over %d copies' WHERE address=? AND status='track'",
sqlite3.ProgrammingError: Incorrect number of bindings supplied. The current statement uses 1, and there are 3 supplied.
monitor: 14 new trades, 0 paper copies (rules v9)
pnl: 8 open updated, total -13.74 (blind bench 21008.33)
report: 2026-07-11 pnl=-13.74
export: docs/data.json written
=== 2026-07-11 00:44:24
ERROR review: Incorrect number of bindings supplied. The current statement uses 1, and there are 3 supplied.
Traceback (most recent call last):
  File "/Users/michalecerik/Developer/hermes-polymarket/bot.py", line 552, in cycle
    fn()
  File "/Users/michalecerik/Developer/hermes-polymarket/bot.py", line 543, in <lambda>
    ("review", lambda: step_review(c, *get_rules(c))),
  File "/Users/michalecerik/Developer/hermes-polymarket/bot.py", line 474, in step_review
    c.execute("UPDATE wallets SET status='watch', status_reason='downgraded: avg paper pnl %.2f over %d copies' WHERE address=? AND status='track'",
sqlite3.ProgrammingError: Incorrect number of bindings supplied. The current statement uses 1, and there are 3 supplied.
monitor: 8 new trades, 0 paper copies (rules v9)
pnl: 8 open updated, total -13.74 (blind bench 20940.86)
report: 2026-07-11 pnl=-13.74
export: docs/data.json written
=== 2026-07-11 00:59:43
ERROR review: Incorrect number of bindings supplied. The current statement uses 1, and there are 3 supplied.
Traceback (most recent call last):
  File "/Users/michalecerik/Developer/hermes-polymarket/bot.py", line 552, in cycle
    fn()
  File "/Users/michalecerik/Developer/hermes-polymarket/bot.py", line 543, in <lambda>
    ("review", lambda: step_review(c, *get_rules(c))),
  File "/Users/michalecerik/Developer/hermes-polymarket/bot.py", line 474, in step_review
    c.execute("UPDATE wallets SET status='watch', status_reason='downgraded: avg paper pnl %.2f over %d copies' WHERE address=? AND status='track'",
sqlite3.ProgrammingError: Incorrect number of bindings supplied. The current statement uses 1, and there are 3 supplied.
scan: 500 wallets, 50 profiled, 15 tracked
monitor: 62 new trades, 0 paper copies (rules v9)
pnl: 8 open updated, total -13.74 (blind bench 20979.36)
report: 2026-07-11 pnl=-13.74
export: docs/data.json written
=== 2026-07-11 01:15:54
ERROR review: Incorrect number of bindings supplied. The current statement uses 1, and there are 3 supplied.
Traceback (most recent call last):
  File "/Users/michalecerik/Developer/hermes-polymarket/bot.py", line 552, in cycle
    fn()
  File "/Users/michalecerik/Developer/hermes-polymarket/bot.py", line 543, in <lambda>
    ("review", lambda: step_review(c, *get_rules(c))),
  File "/Users/michalecerik/Developer/hermes-polymarket/bot.py", line 474, in step_review
    c.execute("UPDATE wallets SET status='watch', status_reason='downgraded: avg paper pnl %.2f over %d copies' WHERE address=? AND status='track'",
sqlite3.ProgrammingError: Incorrect number of bindings supplied. The current statement uses 1, and there are 3 supplied.
monitor: 20 new trades, 0 paper copies (rules v9)
pnl: 8 open updated, total -13.74 (blind bench 20980.28)
report: 2026-07-11 pnl=-13.74
export: docs/data.json written
=== 2026-07-11 01:31:13
ERROR review: Incorrect number of bindings supplied. The current statement uses 1, and there are 3 supplied.
Traceback (most recent call last):
  File "/Users/michalecerik/Developer/hermes-polymarket/bot.py", line 552, in cycle
    fn()
  File "/Users/michalecerik/Developer/hermes-polymarket/bot.py", line 543, in <lambda>
    ("review", lambda: step_review(c, *get_rules(c))),
  File "/Users/michalecerik/Developer/hermes-polymarket/bot.py", line 474, in step_review
    c.execute("UPDATE wallets SET status='watch', status_reason='downgraded: avg paper pnl %.2f over %d copies' WHERE address=? AND status='track'",
sqlite3.ProgrammingError: Incorrect number of bindings supplied. The current statement uses 1, and there are 3 supplied.
monitor: 24 new trades, 0 paper copies (rules v9)
pnl: 8 open updated, total -13.74 (blind bench 20996.77)
report: 2026-07-11 pnl=-13.74
export: docs/data.json written
=== 2026-07-11 01:46:36
ERROR review: Incorrect number of bindings supplied. The current statement uses 1, and there are 3 supplied.
Traceback (most recent call last):
  File "/Users/michalecerik/Developer/hermes-polymarket/bot.py", line 552, in cycle
    fn()
  File "/Users/michalecerik/Developer/hermes-polymarket/bot.py", line 543, in <lambda>
    ("review", lambda: step_review(c, *get_rules(c))),
  File "/Users/michalecerik/Developer/hermes-polymarket/bot.py", line 474, in step_review
    c.execute("UPDATE wallets SET status='watch', status_reason='downgraded: avg paper pnl %.2f over %d copies' WHERE address=? AND status='track'",
sqlite3.ProgrammingError: Incorrect number of bindings supplied. The current statement uses 1, and there are 3 supplied.
monitor: 13 new trades, 0 paper copies (rules v9)
pnl: 8 open updated, total -13.74 (blind bench 20979.90)
report: 2026-07-11 pnl=-13.74
export: docs/data.json written
=== 2026-07-11 02:01:58
ERROR review: Incorrect number of bindings supplied. The current statement uses 1, and there are 3 supplied.
Traceback (most recent call last):
  File "/Users/michalecerik/Developer/hermes-polymarket/bot.py", line 552, in cycle
    fn()
  File "/Users/michalecerik/Developer/hermes-polymarket/bot.py", line 543, in <lambda>
    ("review", lambda: step_review(c, *get_rules(c))),
  File "/Users/michalecerik/Developer/hermes-polymarket/bot.py", line 474, in step_review
    c.execute("UPDATE wallets SET status='watch', status_reason='downgraded: avg paper pnl %.2f over %d copies' WHERE address=? AND status='track'",
sqlite3.ProgrammingError: Incorrect number of bindings supplied. The current statement uses 1, and there are 3 supplied.
monitor: 10 new trades, 0 paper copies (rules v9)
pnl: 8 open updated, total -13.74 (blind bench 20964.12)
report: 2026-07-11 pnl=-13.74
export: docs/data.json written
=== 2026-07-11 02:17:56
ERROR review: Incorrect number of bindings supplied. The current statement uses 1, and there are 3 supplied.
Traceback (most recent call last):
  File "/Users/michalecerik/Developer/hermes-polymarket/bot.py", line 552, in cycle
    fn()
  File "/Users/michalecerik/Developer/hermes-polymarket/bot.py", line 543, in <lambda>
    ("review", lambda: step_review(c, *get_rules(c))),
  File "/Users/michalecerik/Developer/hermes-polymarket/bot.py", line 474, in step_review
    c.execute("UPDATE wallets SET status='watch', status_reason='downgraded: avg paper pnl %.2f over %d copies' WHERE address=? AND status='track'",
sqlite3.ProgrammingError: Incorrect number of bindings supplied. The current statement uses 1, and there are 3 supplied.
monitor: 31 new trades, 0 paper copies (rules v9)
pnl: 8 open updated, total -13.74 (blind bench 20963.40)
report: 2026-07-11 pnl=-13.74
export: docs/data.json written
=== 2026-07-11 02:33:29
ERROR review: Incorrect number of bindings supplied. The current statement uses 1, and there are 3 supplied.
Traceback (most recent call last):
  File "/Users/michalecerik/Developer/hermes-polymarket/bot.py", line 552, in cycle
    fn()
  File "/Users/michalecerik/Developer/hermes-polymarket/bot.py", line 543, in <lambda>
    ("review", lambda: step_review(c, *get_rules(c))),
  File "/Users/michalecerik/Developer/hermes-polymarket/bot.py", line 474, in step_review
    c.execute("UPDATE wallets SET status='watch', status_reason='downgraded: avg paper pnl %.2f over %d copies' WHERE address=? AND status='track'",
sqlite3.ProgrammingError: Incorrect number of bindings supplied. The current statement uses 1, and there are 3 supplied.
monitor: 19 new trades, 0 paper copies (rules v9)
pnl: 8 open updated, total -13.74 (blind bench 20953.45)
report: 2026-07-11 pnl=-13.74
export: docs/data.json written
=== 2026-07-11 02:49:05
ERROR review: Incorrect number of bindings supplied. The current statement uses 1, and there are 3 supplied.
Traceback (most recent call last):
  File "/Users/michalecerik/Developer/hermes-polymarket/bot.py", line 552, in cycle
    fn()
  File "/Users/michalecerik/Developer/hermes-polymarket/bot.py", line 543, in <lambda>
    ("review", lambda: step_review(c, *get_rules(c))),
  File "/Users/michalecerik/Developer/hermes-polymarket/bot.py", line 474, in step_review
    c.execute("UPDATE wallets SET status='watch', status_reason='downgraded: avg paper pnl %.2f over %d copies' WHERE address=? AND status='track'",
sqlite3.ProgrammingError: Incorrect number of bindings supplied. The current statement uses 1, and there are 3 supplied.
monitor: 9 new trades, 0 paper copies (rules v9)
pnl: 8 open updated, total -13.74 (blind bench 20952.65)
report: 2026-07-11 pnl=-13.74
export: docs/data.json written
=== 2026-07-11 03:04:26
ERROR review: Incorrect number of bindings supplied. The current statement uses 1, and there are 3 supplied.
Traceback (most recent call last):
  File "/Users/michalecerik/Developer/hermes-polymarket/bot.py", line 552, in cycle
    fn()
  File "/Users/michalecerik/Developer/hermes-polymarket/bot.py", line 543, in <lambda>
    ("review", lambda: step_review(c, *get_rules(c))),
  File "/Users/michalecerik/Developer/hermes-polymarket/bot.py", line 474, in step_review
    c.execute("UPDATE wallets SET status='watch', status_reason='downgraded: avg paper pnl %.2f over %d copies' WHERE address=? AND status='track'",
sqlite3.ProgrammingError: Incorrect number of bindings supplied. The current statement uses 1, and there are 3 supplied.
monitor: 14 new trades, 0 paper copies (rules v9)
pnl: 8 open updated, total -13.74 (blind bench 20941.86)
report: 2026-07-11 pnl=-13.74
export: docs/data.json written
=== 2026-07-11 03:19:46
ERROR review: Incorrect number of bindings supplied. The current statement uses 1, and there are 3 supplied.
Traceback (most recent call last):
  File "/Users/michalecerik/Developer/hermes-polymarket/bot.py", line 552, in cycle
    fn()
  File "/Users/michalecerik/Developer/hermes-polymarket/bot.py", line 543, in <lambda>
    ("review", lambda: step_review(c, *get_rules(c))),
  File "/Users/michalecerik/Developer/hermes-polymarket/bot.py", line 474, in step_review
    c.execute("UPDATE wallets SET status='watch', status_reason='downgraded: avg paper pnl %.2f over %d copies' WHERE address=? AND status='track'",
sqlite3.ProgrammingError: Incorrect number of bindings supplied. The current statement uses 1, and there are 3 supplied.
monitor: 19 new trades, 0 paper copies (rules v9)
pnl: 8 open updated, total -13.74 (blind bench 20910.85)
report: 2026-07-11 pnl=-13.74
export: docs/data.json written
=== 2026-07-11 03:35:15
ERROR review: Incorrect number of bindings supplied. The current statement uses 1, and there are 3 supplied.
Traceback (most recent call last):
  File "/Users/michalecerik/Developer/hermes-polymarket/bot.py", line 552, in cycle
    fn()
  File "/Users/michalecerik/Developer/hermes-polymarket/bot.py", line 543, in <lambda>
    ("review", lambda: step_review(c, *get_rules(c))),
  File "/Users/michalecerik/Developer/hermes-polymarket/bot.py", line 474, in step_review
    c.execute("UPDATE wallets SET status='watch', status_reason='downgraded: avg paper pnl %.2f over %d copies' WHERE address=? AND status='track'",
sqlite3.ProgrammingError: Incorrect number of bindings supplied. The current statement uses 1, and there are 3 supplied.
monitor: 33 new trades, 0 paper copies (rules v9)
pnl: 8 open updated, total -13.74 (blind bench 20952.00)
report: 2026-07-11 pnl=-13.74
export: docs/data.json written
=== 2026-07-11 03:50:53
ERROR review: Incorrect number of bindings supplied. The current statement uses 1, and there are 3 supplied.
Traceback (most recent call last):
  File "/Users/michalecerik/Developer/hermes-polymarket/bot.py", line 552, in cycle
    fn()
  File "/Users/michalecerik/Developer/hermes-polymarket/bot.py", line 543, in <lambda>
    ("review", lambda: step_review(c, *get_rules(c))),
  File "/Users/michalecerik/Developer/hermes-polymarket/bot.py", line 474, in step_review
    c.execute("UPDATE wallets SET status='watch', status_reason='downgraded: avg paper pnl %.2f over %d copies' WHERE address=? AND status='track'",
sqlite3.ProgrammingError: Incorrect number of bindings supplied. The current statement uses 1, and there are 3 supplied.
monitor: 32 new trades, 0 paper copies (rules v9)
pnl: 8 open updated, total -13.74 (blind bench 20956.25)
report: 2026-07-11 pnl=-13.74
export: docs/data.json written
=== 2026-07-11 04:06:18
ERROR review: Incorrect number of bindings supplied. The current statement uses 1, and there are 3 supplied.
Traceback (most recent call last):
  File "/Users/michalecerik/Developer/hermes-polymarket/bot.py", line 552, in cycle
    fn()
  File "/Users/michalecerik/Developer/hermes-polymarket/bot.py", line 543, in <lambda>
    ("review", lambda: step_review(c, *get_rules(c))),
  File "/Users/michalecerik/Developer/hermes-polymarket/bot.py", line 474, in step_review
    c.execute("UPDATE wallets SET status='watch', status_reason='downgraded: avg paper pnl %.2f over %d copies' WHERE address=? AND status='track'",
sqlite3.ProgrammingError: Incorrect number of bindings supplied. The current statement uses 1, and there are 3 supplied.
monitor: 12 new trades, 0 paper copies (rules v9)
pnl: 8 open updated, total -13.74 (blind bench 20941.82)
report: 2026-07-11 pnl=-13.74
export: docs/data.json written
=== 2026-07-11 04:21:38
ERROR review: Incorrect number of bindings supplied. The current statement uses 1, and there are 3 supplied.
Traceback (most recent call last):
  File "/Users/michalecerik/Developer/hermes-polymarket/bot.py", line 552, in cycle
    fn()
  File "/Users/michalecerik/Developer/hermes-polymarket/bot.py", line 543, in <lambda>
    ("review", lambda: step_review(c, *get_rules(c))),
  File "/Users/michalecerik/Developer/hermes-polymarket/bot.py", line 474, in step_review
    c.execute("UPDATE wallets SET status='watch', status_reason='downgraded: avg paper pnl %.2f over %d copies' WHERE address=? AND status='track'",
sqlite3.ProgrammingError: Incorrect number of bindings supplied. The current statement uses 1, and there are 3 supplied.
monitor: 13 new trades, 0 paper copies (rules v9)
pnl: 8 open updated, total -13.74 (blind bench 20996.78)
report: 2026-07-11 pnl=-13.74
export: docs/data.json written
=== 2026-07-11 04:37:01
ERROR review: Incorrect number of bindings supplied. The current statement uses 1, and there are 3 supplied.
Traceback (most recent call last):
  File "/Users/michalecerik/Developer/hermes-polymarket/bot.py", line 552, in cycle
    fn()
  File "/Users/michalecerik/Developer/hermes-polymarket/bot.py", line 543, in <lambda>
    ("review", lambda: step_review(c, *get_rules(c))),
  File "/Users/michalecerik/Developer/hermes-polymarket/bot.py", line 474, in step_review
    c.execute("UPDATE wallets SET status='watch', status_reason='downgraded: avg paper pnl %.2f over %d copies' WHERE address=? AND status='track'",
sqlite3.ProgrammingError: Incorrect number of bindings supplied. The current statement uses 1, and there are 3 supplied.
monitor: 12 new trades, 0 paper copies (rules v9)
pnl: 8 open updated, total -13.74 (blind bench 21017.54)
report: 2026-07-11 pnl=-13.74
export: docs/data.json written
=== 2026-07-11 04:52:37
ERROR review: Incorrect number of bindings supplied. The current statement uses 1, and there are 3 supplied.
Traceback (most recent call last):
  File "/Users/michalecerik/Developer/hermes-polymarket/bot.py", line 552, in cycle
    fn()
  File "/Users/michalecerik/Developer/hermes-polymarket/bot.py", line 543, in <lambda>
    ("review", lambda: step_review(c, *get_rules(c))),
  File "/Users/michalecerik/Developer/hermes-polymarket/bot.py", line 474, in step_review
    c.execute("UPDATE wallets SET status='watch', status_reason='downgraded: avg paper pnl %.2f over %d copies' WHERE address=? AND status='track'",
sqlite3.ProgrammingError: Incorrect number of bindings supplied. The current statement uses 1, and there are 3 supplied.
monitor: 14 new trades, 0 paper copies (rules v9)
pnl: 8 open updated, total -13.74 (blind bench 20976.91)
report: 2026-07-11 pnl=-13.74
export: docs/data.json written
=== 2026-07-11 05:55:39
ERROR review: Incorrect number of bindings supplied. The current statement uses 1, and there are 3 supplied.
Traceback (most recent call last):
  File "/Users/michalecerik/Developer/hermes-polymarket/bot.py", line 552, in cycle
    fn()
  File "/Users/michalecerik/Developer/hermes-polymarket/bot.py", line 543, in <lambda>
    ("review", lambda: step_review(c, *get_rules(c))),
  File "/Users/michalecerik/Developer/hermes-polymarket/bot.py", line 474, in step_review
    c.execute("UPDATE wallets SET status='watch', status_reason='downgraded: avg paper pnl %.2f over %d copies' WHERE address=? AND status='track'",
sqlite3.ProgrammingError: Incorrect number of bindings supplied. The current statement uses 1, and there are 3 supplied.
monitor: 54 new trades, 0 paper copies (rules v9)
pnl: 8 open updated, total -13.74 (blind bench 20963.30)
report: 2026-07-11 pnl=-13.74
export: docs/data.json written
=== 2026-07-11 07:08:24
ERROR review: Incorrect number of bindings supplied. The current statement uses 1, and there are 3 supplied.
Traceback (most recent call last):
  File "/Users/michalecerik/Developer/hermes-polymarket/bot.py", line 552, in cycle
    fn()
  File "/Users/michalecerik/Developer/hermes-polymarket/bot.py", line 543, in <lambda>
    ("review", lambda: step_review(c, *get_rules(c))),
  File "/Users/michalecerik/Developer/hermes-polymarket/bot.py", line 474, in step_review
    c.execute("UPDATE wallets SET status='watch', status_reason='downgraded: avg paper pnl %.2f over %d copies' WHERE address=? AND status='track'",
sqlite3.ProgrammingError: Incorrect number of bindings supplied. The current statement uses 1, and there are 3 supplied.
scan: 500 wallets, 50 profiled, 15 tracked
monitor: 244 new trades, 0 paper copies (rules v9)
pnl: 8 open updated, total -13.74 (blind bench 20949.20)
report: 2026-07-11 pnl=-13.74
export: docs/data.json written
=== 2026-07-11 09:03:09
ERROR review: Incorrect number of bindings supplied. The current statement uses 1, and there are 3 supplied.
Traceback (most recent call last):
  File "/Users/michalecerik/Developer/hermes-polymarket/bot.py", line 552, in cycle
    fn()
  File "/Users/michalecerik/Developer/hermes-polymarket/bot.py", line 543, in <lambda>
    ("review", lambda: step_review(c, *get_rules(c))),
  File "/Users/michalecerik/Developer/hermes-polymarket/bot.py", line 474, in step_review
    c.execute("UPDATE wallets SET status='watch', status_reason='downgraded: avg paper pnl %.2f over %d copies' WHERE address=? AND status='track'",
sqlite3.ProgrammingError: Incorrect number of bindings supplied. The current statement uses 1, and there are 3 supplied.
monitor: 119 new trades, 0 paper copies (rules v9)
pnl: 8 open updated, total -13.74 (blind bench 20952.19)
report: 2026-07-11 pnl=-13.74
export: docs/data.json written
To https://github.com/agik66/hermes-polymarket.git
 ! [remote rejected] main -> main (cannot lock ref 'refs/heads/main': is at fdfaa06a96eaf3e47d20f6141b8d685377102edc but expected f13ae5ae8797c28c25e5d781e137745a2f5b8b87)
error: failed to push some refs to 'https://github.com/agik66/hermes-polymarket.git'
=== 2026-07-11 10:26:25
ERROR review: Incorrect number of bindings supplied. The current statement uses 1, and there are 3 supplied.
Traceback (most recent call last):
  File "/Users/michalecerik/Developer/hermes-polymarket/bot.py", line 552, in cycle
    fn()
  File "/Users/michalecerik/Developer/hermes-polymarket/bot.py", line 543, in <lambda>
    ("review", lambda: step_review(c, *get_rules(c))),
  File "/Users/michalecerik/Developer/hermes-polymarket/bot.py", line 474, in step_review
    c.execute("UPDATE wallets SET status='watch', status_reason='downgraded: avg paper pnl %.2f over %d copies' WHERE address=? AND status='track'",
sqlite3.ProgrammingError: Incorrect number of bindings supplied. The current statement uses 1, and there are 3 supplied.
monitor: 144 new trades, 0 paper copies (rules v9)
pnl: 8 open updated, total -13.74 (blind bench 20930.69)
report: 2026-07-11 pnl=-13.74
export: docs/data.json written
=== 2026-07-11 10:42:17
ERROR review: Incorrect number of bindings supplied. The current statement uses 1, and there are 3 supplied.
Traceback (most recent call last):
  File "/Users/michalecerik/Developer/hermes-polymarket/bot.py", line 552, in cycle
    fn()
  File "/Users/michalecerik/Developer/hermes-polymarket/bot.py", line 543, in <lambda>
    ("review", lambda: step_review(c, *get_rules(c))),
  File "/Users/michalecerik/Developer/hermes-polymarket/bot.py", line 474, in step_review
    c.execute("UPDATE wallets SET status='watch', status_reason='downgraded: avg paper pnl %.2f over %d copies' WHERE address=? AND status='track'",
sqlite3.ProgrammingError: Incorrect number of bindings supplied. The current statement uses 1, and there are 3 supplied.
monitor: 38 new trades, 0 paper copies (rules v9)
pnl: 8 open updated, total -13.74 (blind bench 20976.82)
report: 2026-07-11 pnl=-13.74
export: docs/data.json written
=== 2026-07-11 10:57:39
ERROR review: Incorrect number of bindings supplied. The current statement uses 1, and there are 3 supplied.
Traceback (most recent call last):
  File "/Users/michalecerik/Developer/hermes-polymarket/bot.py", line 552, in cycle
    fn()
  File "/Users/michalecerik/Developer/hermes-polymarket/bot.py", line 543, in <lambda>
    ("review", lambda: step_review(c, *get_rules(c))),
  File "/Users/michalecerik/Developer/hermes-polymarket/bot.py", line 474, in step_review
    c.execute("UPDATE wallets SET status='watch', status_reason='downgraded: avg paper pnl %.2f over %d copies' WHERE address=? AND status='track'",
sqlite3.ProgrammingError: Incorrect number of bindings supplied. The current statement uses 1, and there are 3 supplied.
monitor: 43 new trades, 0 paper copies (rules v9)
pnl: 8 open updated, total -13.74 (blind bench 20976.82)
report: 2026-07-11 pnl=-13.74
export: docs/data.json written
=== 2026-07-11 11:31:33
ERROR review: Incorrect number of bindings supplied. The current statement uses 1, and there are 3 supplied.
Traceback (most recent call last):
  File "/Users/michalecerik/Developer/hermes-polymarket/bot.py", line 552, in cycle
    fn()
  File "/Users/michalecerik/Developer/hermes-polymarket/bot.py", line 543, in <lambda>
    ("review", lambda: step_review(c, *get_rules(c))),
  File "/Users/michalecerik/Developer/hermes-polymarket/bot.py", line 474, in step_review
    c.execute("UPDATE wallets SET status='watch', status_reason='downgraded: avg paper pnl %.2f over %d copies' WHERE address=? AND status='track'",
sqlite3.ProgrammingError: Incorrect number of bindings supplied. The current statement uses 1, and there are 3 supplied.
monitor: 104 new trades, 0 paper copies (rules v9)
pnl: 8 open updated, total -13.74 (blind bench 20976.82)
report: 2026-07-11 pnl=-13.74
export: docs/data.json written
=== 2026-07-11 13:11:55
ERROR review: Incorrect number of bindings supplied. The current statement uses 1, and there are 3 supplied.
Traceback (most recent call last):
  File "/Users/michalecerik/Developer/hermes-polymarket/bot.py", line 552, in cycle
    fn()
  File "/Users/michalecerik/Developer/hermes-polymarket/bot.py", line 543, in <lambda>
    ("review", lambda: step_review(c, *get_rules(c))),
  File "/Users/michalecerik/Developer/hermes-polymarket/bot.py", line 474, in step_review
    c.execute("UPDATE wallets SET status='watch', status_reason='downgraded: avg paper pnl %.2f over %d copies' WHERE address=? AND status='track'",
sqlite3.ProgrammingError: Incorrect number of bindings supplied. The current statement uses 1, and there are 3 supplied.
scan: 500 wallets, 50 profiled, 15 tracked
monitor: 206 new trades, 0 paper copies (rules v9)
pnl: 8 open updated, total -13.74 (blind bench 23587.49)
report: 2026-07-11 pnl=-13.74
export: docs/data.json written
=== 2026-07-11 14:49:05
ERROR review: Incorrect number of bindings supplied. The current statement uses 1, and there are 3 supplied.
Traceback (most recent call last):
  File "/Users/michalecerik/Developer/hermes-polymarket/bot.py", line 552, in cycle
    fn()
  File "/Users/michalecerik/Developer/hermes-polymarket/bot.py", line 543, in <lambda>
    ("review", lambda: step_review(c, *get_rules(c))),
  File "/Users/michalecerik/Developer/hermes-polymarket/bot.py", line 474, in step_review
    c.execute("UPDATE wallets SET status='watch', status_reason='downgraded: avg paper pnl %.2f over %d copies' WHERE address=? AND status='track'",
sqlite3.ProgrammingError: Incorrect number of bindings supplied. The current statement uses 1, and there are 3 supplied.
monitor: 144 new trades, 0 paper copies (rules v9)
pnl: 8 open updated, total -13.74 (blind bench 23338.13)
report: 2026-07-11 pnl=-13.74
export: docs/data.json written
=== 2026-07-11 15:06:09
ERROR review: Incorrect number of bindings supplied. The current statement uses 1, and there are 3 supplied.
Traceback (most recent call last):
  File "/Users/michalecerik/Developer/hermes-polymarket/bot.py", line 552, in cycle
    fn()
  File "/Users/michalecerik/Developer/hermes-polymarket/bot.py", line 543, in <lambda>
    ("review", lambda: step_review(c, *get_rules(c))),
  File "/Users/michalecerik/Developer/hermes-polymarket/bot.py", line 474, in step_review
    c.execute("UPDATE wallets SET status='watch', status_reason='downgraded: avg paper pnl %.2f over %d copies' WHERE address=? AND status='track'",
sqlite3.ProgrammingError: Incorrect number of bindings supplied. The current statement uses 1, and there are 3 supplied.
monitor: 40 new trades, 0 paper copies (rules v9)
pnl: 8 open updated, total -13.74 (blind bench 23391.88)
report: 2026-07-11 pnl=-13.74
export: docs/data.json written
=== 2026-07-11 15:21:32
ERROR review: Incorrect number of bindings supplied. The current statement uses 1, and there are 3 supplied.
Traceback (most recent call last):
  File "/Users/michalecerik/Developer/hermes-polymarket/bot.py", line 552, in cycle
    fn()
  File "/Users/michalecerik/Developer/hermes-polymarket/bot.py", line 543, in <lambda>
    ("review", lambda: step_review(c, *get_rules(c))),
  File "/Users/michalecerik/Developer/hermes-polymarket/bot.py", line 474, in step_review
    c.execute("UPDATE wallets SET status='watch', status_reason='downgraded: avg paper pnl %.2f over %d copies' WHERE address=? AND status='track'",
sqlite3.ProgrammingError: Incorrect number of bindings supplied. The current statement uses 1, and there are 3 supplied.
monitor: 29 new trades, 0 paper copies (rules v9)
pnl: 8 open updated, total -13.74 (blind bench 23391.88)
report: 2026-07-11 pnl=-13.74
export: docs/data.json written
=== 2026-07-11 15:36:55
ERROR review: Incorrect number of bindings supplied. The current statement uses 1, and there are 3 supplied.
Traceback (most recent call last):
  File "/Users/michalecerik/Developer/hermes-polymarket/bot.py", line 552, in cycle
    fn()
  File "/Users/michalecerik/Developer/hermes-polymarket/bot.py", line 543, in <lambda>
    ("review", lambda: step_review(c, *get_rules(c))),
  File "/Users/michalecerik/Developer/hermes-polymarket/bot.py", line 474, in step_review
    c.execute("UPDATE wallets SET status='watch', status_reason='downgraded: avg paper pnl %.2f over %d copies' WHERE address=? AND status='track'",
sqlite3.ProgrammingError: Incorrect number of bindings supplied. The current statement uses 1, and there are 3 supplied.
monitor: 30 new trades, 0 paper copies (rules v9)
pnl: 8 open updated, total -13.74 (blind bench 23391.88)
report: 2026-07-11 pnl=-13.74
export: docs/data.json written
=== 2026-07-11 16:07:59
ERROR review: Incorrect number of bindings supplied. The current statement uses 1, and there are 3 supplied.
Traceback (most recent call last):
  File "/Users/michalecerik/Developer/hermes-polymarket/bot.py", line 552, in cycle
    fn()
  File "/Users/michalecerik/Developer/hermes-polymarket/bot.py", line 543, in <lambda>
    ("review", lambda: step_review(c, *get_rules(c))),
  File "/Users/michalecerik/Developer/hermes-polymarket/bot.py", line 474, in step_review
    c.execute("UPDATE wallets SET status='watch', status_reason='downgraded: avg paper pnl %.2f over %d copies' WHERE address=? AND status='track'",
sqlite3.ProgrammingError: Incorrect number of bindings supplied. The current statement uses 1, and there are 3 supplied.
monitor: 66 new trades, 0 paper copies (rules v9)
pnl: 8 open updated, total -13.74 (blind bench 23391.88)
report: 2026-07-11 pnl=-13.74
export: docs/data.json written
=== 2026-07-11 16:58:40
ERROR review: Incorrect number of bindings supplied. The current statement uses 1, and there are 3 supplied.
Traceback (most recent call last):
  File "/Users/michalecerik/Developer/hermes-polymarket/bot.py", line 552, in cycle
    fn()
  File "/Users/michalecerik/Developer/hermes-polymarket/bot.py", line 543, in <lambda>
    ("review", lambda: step_review(c, *get_rules(c))),
  File "/Users/michalecerik/Developer/hermes-polymarket/bot.py", line 474, in step_review
    c.execute("UPDATE wallets SET status='watch', status_reason='downgraded: avg paper pnl %.2f over %d copies' WHERE address=? AND status='track'",
sqlite3.ProgrammingError: Incorrect number of bindings supplied. The current statement uses 1, and there are 3 supplied.
monitor: 113 new trades, 0 paper copies (rules v9)
pnl: 8 open updated, total -13.74 (blind bench 23547.60)
report: 2026-07-11 pnl=-13.74
export: docs/data.json written
=== 2026-07-11 17:14:28
ERROR review: Incorrect number of bindings supplied. The current statement uses 1, and there are 3 supplied.
Traceback (most recent call last):
  File "/Users/michalecerik/Developer/hermes-polymarket/bot.py", line 552, in cycle
    fn()
  File "/Users/michalecerik/Developer/hermes-polymarket/bot.py", line 543, in <lambda>
    ("review", lambda: step_review(c, *get_rules(c))),
  File "/Users/michalecerik/Developer/hermes-polymarket/bot.py", line 474, in step_review
    c.execute("UPDATE wallets SET status='watch', status_reason='downgraded: avg paper pnl %.2f over %d copies' WHERE address=? AND status='track'",
sqlite3.ProgrammingError: Incorrect number of bindings supplied. The current statement uses 1, and there are 3 supplied.
monitor: 21 new trades, 0 paper copies (rules v9)
pnl: 8 open updated, total -13.74 (blind bench 23665.46)
report: 2026-07-11 pnl=-13.74
export: docs/data.json written
=== 2026-07-11 17:29:57
ERROR review: Incorrect number of bindings supplied. The current statement uses 1, and there are 3 supplied.
Traceback (most recent call last):
  File "/Users/michalecerik/Developer/hermes-polymarket/bot.py", line 552, in cycle
    fn()
  File "/Users/michalecerik/Developer/hermes-polymarket/bot.py", line 543, in <lambda>
    ("review", lambda: step_review(c, *get_rules(c))),
  File "/Users/michalecerik/Developer/hermes-polymarket/bot.py", line 474, in step_review
    c.execute("UPDATE wallets SET status='watch', status_reason='downgraded: avg paper pnl %.2f over %d copies' WHERE address=? AND status='track'",
sqlite3.ProgrammingError: Incorrect number of bindings supplied. The current statement uses 1, and there are 3 supplied.
monitor: 41 new trades, 0 paper copies (rules v9)
pnl: 8 open updated, total -13.74 (blind bench 23646.41)
report: 2026-07-11 pnl=-13.74
export: docs/data.json written
=== 2026-07-11 17:45:21
ERROR review: Incorrect number of bindings supplied. The current statement uses 1, and there are 3 supplied.
Traceback (most recent call last):
  File "/Users/michalecerik/Developer/hermes-polymarket/bot.py", line 552, in cycle
    fn()
  File "/Users/michalecerik/Developer/hermes-polymarket/bot.py", line 543, in <lambda>
    ("review", lambda: step_review(c, *get_rules(c))),
  File "/Users/michalecerik/Developer/hermes-polymarket/bot.py", line 474, in step_review
    c.execute("UPDATE wallets SET status='watch', status_reason='downgraded: avg paper pnl %.2f over %d copies' WHERE address=? AND status='track'",
sqlite3.ProgrammingError: Incorrect number of bindings supplied. The current statement uses 1, and there are 3 supplied.
monitor: 42 new trades, 0 paper copies (rules v9)
pnl: 8 open updated, total -13.74 (blind bench 23646.41)
report: 2026-07-11 pnl=-13.74
export: docs/data.json written
=== 2026-07-11 18:00:44
ERROR review: Incorrect number of bindings supplied. The current statement uses 1, and there are 3 supplied.
Traceback (most recent call last):
  File "/Users/michalecerik/Developer/hermes-polymarket/bot.py", line 552, in cycle
    fn()
  File "/Users/michalecerik/Developer/hermes-polymarket/bot.py", line 543, in <lambda>
    ("review", lambda: step_review(c, *get_rules(c))),
  File "/Users/michalecerik/Developer/hermes-polymarket/bot.py", line 474, in step_review
    c.execute("UPDATE wallets SET status='watch', status_reason='downgraded: avg paper pnl %.2f over %d copies' WHERE address=? AND status='track'",
sqlite3.ProgrammingError: Incorrect number of bindings supplied. The current statement uses 1, and there are 3 supplied.
monitor: 35 new trades, 0 paper copies (rules v9)
pnl: 8 open updated, total -13.74 (blind bench 23646.41)
report: 2026-07-11 pnl=-13.74
export: docs/data.json written
=== 2026-07-11 18:27:29
ERROR review: Incorrect number of bindings supplied. The current statement uses 1, and there are 3 supplied.
Traceback (most recent call last):
  File "/Users/michalecerik/Developer/hermes-polymarket/bot.py", line 552, in cycle
    fn()
  File "/Users/michalecerik/Developer/hermes-polymarket/bot.py", line 543, in <lambda>
    ("review", lambda: step_review(c, *get_rules(c))),
  File "/Users/michalecerik/Developer/hermes-polymarket/bot.py", line 474, in step_review
    c.execute("UPDATE wallets SET status='watch', status_reason='downgraded: avg paper pnl %.2f over %d copies' WHERE address=? AND status='track'",
sqlite3.ProgrammingError: Incorrect number of bindings supplied. The current statement uses 1, and there are 3 supplied.
monitor: 59 new trades, 0 paper copies (rules v9)
pnl: 8 open updated, total -13.74 (blind bench 23538.37)
report: 2026-07-11 pnl=-13.74
export: docs/data.json written
=== 2026-07-11 19:55:38
ERROR review: Incorrect number of bindings supplied. The current statement uses 1, and there are 3 supplied.
Traceback (most recent call last):
  File "/Users/michalecerik/Developer/hermes-polymarket/bot.py", line 552, in cycle
    fn()
  File "/Users/michalecerik/Developer/hermes-polymarket/bot.py", line 543, in <lambda>
    ("review", lambda: step_review(c, *get_rules(c))),
  File "/Users/michalecerik/Developer/hermes-polymarket/bot.py", line 474, in step_review
    c.execute("UPDATE wallets SET status='watch', status_reason='downgraded: avg paper pnl %.2f over %d copies' WHERE address=? AND status='track'",
sqlite3.ProgrammingError: Incorrect number of bindings supplied. The current statement uses 1, and there are 3 supplied.
scan: 500 wallets, 50 profiled, 15 tracked
monitor: 161 new trades, 0 paper copies (rules v9)
pnl: 8 open updated, total -13.74 (blind bench 23505.83)
report: 2026-07-11 pnl=-13.74
export: docs/data.json written
=== 2026-07-11 21:37:47
ERROR review: Incorrect number of bindings supplied. The current statement uses 1, and there are 3 supplied.
Traceback (most recent call last):
  File "/Users/michalecerik/Developer/hermes-polymarket/bot.py", line 552, in cycle
    fn()
  File "/Users/michalecerik/Developer/hermes-polymarket/bot.py", line 543, in <lambda>
    ("review", lambda: step_review(c, *get_rules(c))),
  File "/Users/michalecerik/Developer/hermes-polymarket/bot.py", line 474, in step_review
    c.execute("UPDATE wallets SET status='watch', status_reason='downgraded: avg paper pnl %.2f over %d copies' WHERE address=? AND status='track'",
sqlite3.ProgrammingError: Incorrect number of bindings supplied. The current statement uses 1, and there are 3 supplied.
monitor: 292 new trades, 0 paper copies (rules v9)
pnl: 8 open updated, total -13.74 (blind bench 23527.83)
report: 2026-07-11 pnl=-13.74
export: docs/data.json written
=== 2026-07-11 23:11:35
ERROR review: Incorrect number of bindings supplied. The current statement uses 1, and there are 3 supplied.
Traceback (most recent call last):
  File "/Users/michalecerik/Developer/hermes-polymarket/bot.py", line 552, in cycle
    fn()
  File "/Users/michalecerik/Developer/hermes-polymarket/bot.py", line 543, in <lambda>
    ("review", lambda: step_review(c, *get_rules(c))),
  File "/Users/michalecerik/Developer/hermes-polymarket/bot.py", line 474, in step_review
    c.execute("UPDATE wallets SET status='watch', status_reason='downgraded: avg paper pnl %.2f over %d copies' WHERE address=? AND status='track'",
sqlite3.ProgrammingError: Incorrect number of bindings supplied. The current statement uses 1, and there are 3 supplied.
monitor: 239 new trades, 0 paper copies (rules v9)
pnl: 8 open updated, total -13.74 (blind bench 24237.90)
report: 2026-07-11 pnl=-13.74
export: docs/data.json written
=== 2026-07-12 01:25:56
ERROR review: Incorrect number of bindings supplied. The current statement uses 1, and there are 3 supplied.
Traceback (most recent call last):
  File "/Users/michalecerik/Developer/hermes-polymarket/bot.py", line 552, in cycle
    fn()
  File "/Users/michalecerik/Developer/hermes-polymarket/bot.py", line 543, in <lambda>
    ("review", lambda: step_review(c, *get_rules(c))),
  File "/Users/michalecerik/Developer/hermes-polymarket/bot.py", line 474, in step_review
    c.execute("UPDATE wallets SET status='watch', status_reason='downgraded: avg paper pnl %.2f over %d copies' WHERE address=? AND status='track'",
sqlite3.ProgrammingError: Incorrect number of bindings supplied. The current statement uses 1, and there are 3 supplied.
monitor: 341 new trades, 0 paper copies (rules v9)
pnl: 8 open updated, total -13.74 (blind bench 24115.34)
report: 2026-07-12 pnl=-13.74
export: docs/data.json written
=== 2026-07-12 03:11:29
ERROR review: Incorrect number of bindings supplied. The current statement uses 1, and there are 3 supplied.
Traceback (most recent call last):
  File "/Users/michalecerik/Developer/hermes-polymarket/bot.py", line 552, in cycle
    fn()
  File "/Users/michalecerik/Developer/hermes-polymarket/bot.py", line 543, in <lambda>
    ("review", lambda: step_review(c, *get_rules(c))),
  File "/Users/michalecerik/Developer/hermes-polymarket/bot.py", line 474, in step_review
    c.execute("UPDATE wallets SET status='watch', status_reason='downgraded: avg paper pnl %.2f over %d copies' WHERE address=? AND status='track'",
sqlite3.ProgrammingError: Incorrect number of bindings supplied. The current statement uses 1, and there are 3 supplied.
scan: 500 wallets, 50 profiled, 15 tracked
monitor: 369 new trades, 0 paper copies (rules v9)
pnl: 8 open updated, total -13.74 (blind bench 24080.00)
report: 2026-07-12 pnl=-13.74
export: docs/data.json written
=== 2026-07-12 05:45:39
ERROR review: Incorrect number of bindings supplied. The current statement uses 1, and there are 3 supplied.
Traceback (most recent call last):
  File "/Users/michalecerik/Developer/hermes-polymarket/bot.py", line 552, in cycle
    fn()
  File "/Users/michalecerik/Developer/hermes-polymarket/bot.py", line 543, in <lambda>
    ("review", lambda: step_review(c, *get_rules(c))),
  File "/Users/michalecerik/Developer/hermes-polymarket/bot.py", line 474, in step_review
    c.execute("UPDATE wallets SET status='watch', status_reason='downgraded: avg paper pnl %.2f over %d copies' WHERE address=? AND status='track'",
sqlite3.ProgrammingError: Incorrect number of bindings supplied. The current statement uses 1, and there are 3 supplied.
monitor: 141 new trades, 0 paper copies (rules v9)
pnl: 8 open updated, total -13.74 (blind bench 33393.91)
report: 2026-07-12 pnl=-13.74
export: docs/data.json written
=== 2026-07-12 07:47:36
ERROR review: Incorrect number of bindings supplied. The current statement uses 1, and there are 3 supplied.
Traceback (most recent call last):
  File "/Users/michalecerik/Developer/hermes-polymarket/bot.py", line 552, in cycle
    fn()
  File "/Users/michalecerik/Developer/hermes-polymarket/bot.py", line 543, in <lambda>
    ("review", lambda: step_review(c, *get_rules(c))),
  File "/Users/michalecerik/Developer/hermes-polymarket/bot.py", line 474, in step_review
    c.execute("UPDATE wallets SET status='watch', status_reason='downgraded: avg paper pnl %.2f over %d copies' WHERE address=? AND status='track'",
sqlite3.ProgrammingError: Incorrect number of bindings supplied. The current statement uses 1, and there are 3 supplied.
monitor: 131 new trades, 0 paper copies (rules v9)
pnl: 8 open updated, total -13.74 (blind bench 33404.10)
report: 2026-07-12 pnl=-13.74
export: docs/data.json written
=== 2026-07-12 09:27:41
ERROR review: Incorrect number of bindings supplied. The current statement uses 1, and there are 3 supplied.
Traceback (most recent call last):
  File "/Users/michalecerik/Developer/hermes-polymarket/bot.py", line 552, in cycle
    fn()
  File "/Users/michalecerik/Developer/hermes-polymarket/bot.py", line 543, in <lambda>
    ("review", lambda: step_review(c, *get_rules(c))),
  File "/Users/michalecerik/Developer/hermes-polymarket/bot.py", line 474, in step_review
    c.execute("UPDATE wallets SET status='watch', status_reason='downgraded: avg paper pnl %.2f over %d copies' WHERE address=? AND status='track'",
sqlite3.ProgrammingError: Incorrect number of bindings supplied. The current statement uses 1, and there are 3 supplied.
scan: 500 wallets, 50 profiled, 15 tracked
monitor: 219 new trades, 0 paper copies (rules v9)
pnl: 8 open updated, total -13.74 (blind bench 33384.12)
report: 2026-07-12 pnl=-13.74
export: docs/data.json written
error: RPC failed; curl 56 Recv failure: Operation timed out
send-pack: unexpected disconnect while reading sideband packet
fatal: the remote end hung up unexpectedly
=== 2026-07-12 11:21:20
ERROR review: Incorrect number of bindings supplied. The current statement uses 1, and there are 3 supplied.
Traceback (most recent call last):
  File "/Users/michalecerik/Developer/hermes-polymarket/bot.py", line 552, in cycle
    fn()
  File "/Users/michalecerik/Developer/hermes-polymarket/bot.py", line 543, in <lambda>
    ("review", lambda: step_review(c, *get_rules(c))),
  File "/Users/michalecerik/Developer/hermes-polymarket/bot.py", line 474, in step_review
    c.execute("UPDATE wallets SET status='watch', status_reason='downgraded: avg paper pnl %.2f over %d copies' WHERE address=? AND status='track'",
sqlite3.ProgrammingError: Incorrect number of bindings supplied. The current statement uses 1, and there are 3 supplied.
monitor: 170 new trades, 0 paper copies (rules v9)
pnl: 8 open updated, total -13.74 (blind bench 33434.57)
report: 2026-07-12 pnl=-13.74
export: docs/data.json written
=== 2026-07-12 11:39:29
ERROR review: Incorrect number of bindings supplied. The current statement uses 1, and there are 3 supplied.
Traceback (most recent call last):
  File "/Users/michalecerik/Developer/hermes-polymarket/bot.py", line 552, in cycle
    fn()
  File "/Users/michalecerik/Developer/hermes-polymarket/bot.py", line 543, in <lambda>
    ("review", lambda: step_review(c, *get_rules(c))),
  File "/Users/michalecerik/Developer/hermes-polymarket/bot.py", line 474, in step_review
    c.execute("UPDATE wallets SET status='watch', status_reason='downgraded: avg paper pnl %.2f over %d copies' WHERE address=? AND status='track'",
sqlite3.ProgrammingError: Incorrect number of bindings supplied. The current statement uses 1, and there are 3 supplied.
monitor: 48 new trades, 0 paper copies (rules v9)
pnl: 8 open updated, total -13.74 (blind bench 33417.63)
report: 2026-07-12 pnl=-13.74
export: docs/data.json written
=== 2026-07-12 11:55:02
ERROR review: Incorrect number of bindings supplied. The current statement uses 1, and there are 3 supplied.
Traceback (most recent call last):
  File "/Users/michalecerik/Developer/hermes-polymarket/bot.py", line 552, in cycle
    fn()
  File "/Users/michalecerik/Developer/hermes-polymarket/bot.py", line 543, in <lambda>
    ("review", lambda: step_review(c, *get_rules(c))),
  File "/Users/michalecerik/Developer/hermes-polymarket/bot.py", line 474, in step_review
    c.execute("UPDATE wallets SET status='watch', status_reason='downgraded: avg paper pnl %.2f over %d copies' WHERE address=? AND status='track'",
sqlite3.ProgrammingError: Incorrect number of bindings supplied. The current statement uses 1, and there are 3 supplied.
monitor: 40 new trades, 0 paper copies (rules v9)
pnl: 8 open updated, total -13.74 (blind bench 33417.63)
report: 2026-07-12 pnl=-13.74
export: docs/data.json written
=== 2026-07-12 12:10:30
ERROR review: Incorrect number of bindings supplied. The current statement uses 1, and there are 3 supplied.
Traceback (most recent call last):
  File "/Users/michalecerik/Developer/hermes-polymarket/bot.py", line 552, in cycle
    fn()
  File "/Users/michalecerik/Developer/hermes-polymarket/bot.py", line 543, in <lambda>
    ("review", lambda: step_review(c, *get_rules(c))),
  File "/Users/michalecerik/Developer/hermes-polymarket/bot.py", line 474, in step_review
    c.execute("UPDATE wallets SET status='watch', status_reason='downgraded: avg paper pnl %.2f over %d copies' WHERE address=? AND status='track'",
sqlite3.ProgrammingError: Incorrect number of bindings supplied. The current statement uses 1, and there are 3 supplied.
monitor: 57 new trades, 0 paper copies (rules v9)
pnl: 8 open updated, total -13.74 (blind bench 33417.63)
report: 2026-07-12 pnl=-13.74
export: docs/data.json written
=== 2026-07-12 12:26:02
ERROR review: Incorrect number of bindings supplied. The current statement uses 1, and there are 3 supplied.
Traceback (most recent call last):
  File "/Users/michalecerik/Developer/hermes-polymarket/bot.py", line 552, in cycle
    fn()
  File "/Users/michalecerik/Developer/hermes-polymarket/bot.py", line 543, in <lambda>
    ("review", lambda: step_review(c, *get_rules(c))),
  File "/Users/michalecerik/Developer/hermes-polymarket/bot.py", line 474, in step_review
    c.execute("UPDATE wallets SET status='watch', status_reason='downgraded: avg paper pnl %.2f over %d copies' WHERE address=? AND status='track'",
sqlite3.ProgrammingError: Incorrect number of bindings supplied. The current statement uses 1, and there are 3 supplied.
monitor: 46 new trades, 0 paper copies (rules v9)
pnl: 8 open updated, total -13.74 (blind bench 33417.63)
report: 2026-07-12 pnl=-13.74
export: docs/data.json written
=== 2026-07-12 12:42:36
ERROR review: Incorrect number of bindings supplied. The current statement uses 1, and there are 3 supplied.
Traceback (most recent call last):
  File "/Users/michalecerik/Developer/hermes-polymarket/bot.py", line 552, in cycle
    fn()
  File "/Users/michalecerik/Developer/hermes-polymarket/bot.py", line 543, in <lambda>
    ("review", lambda: step_review(c, *get_rules(c))),
  File "/Users/michalecerik/Developer/hermes-polymarket/bot.py", line 474, in step_review
    c.execute("UPDATE wallets SET status='watch', status_reason='downgraded: avg paper pnl %.2f over %d copies' WHERE address=? AND status='track'",
sqlite3.ProgrammingError: Incorrect number of bindings supplied. The current statement uses 1, and there are 3 supplied.
monitor: 55 new trades, 0 paper copies (rules v9)
pnl: 8 open updated, total -13.74 (blind bench 33365.30)
report: 2026-07-12 pnl=-13.74
export: docs/data.json written
=== 2026-07-12 12:58:17
ERROR review: Incorrect number of bindings supplied. The current statement uses 1, and there are 3 supplied.
Traceback (most recent call last):
  File "/Users/michalecerik/Developer/hermes-polymarket/bot.py", line 552, in cycle
    fn()
  File "/Users/michalecerik/Developer/hermes-polymarket/bot.py", line 543, in <lambda>
    ("review", lambda: step_review(c, *get_rules(c))),
  File "/Users/michalecerik/Developer/hermes-polymarket/bot.py", line 474, in step_review
    c.execute("UPDATE wallets SET status='watch', status_reason='downgraded: avg paper pnl %.2f over %d copies' WHERE address=? AND status='track'",
sqlite3.ProgrammingError: Incorrect number of bindings supplied. The current statement uses 1, and there are 3 supplied.
monitor: 48 new trades, 0 paper copies (rules v9)
pnl: 8 open updated, total -13.74 (blind bench 33351.10)
report: 2026-07-12 pnl=-13.74
export: docs/data.json written
=== 2026-07-12 13:13:53
ERROR review: Incorrect number of bindings supplied. The current statement uses 1, and there are 3 supplied.
Traceback (most recent call last):
  File "/Users/michalecerik/Developer/hermes-polymarket/bot.py", line 552, in cycle
    fn()
  File "/Users/michalecerik/Developer/hermes-polymarket/bot.py", line 543, in <lambda>
    ("review", lambda: step_review(c, *get_rules(c))),
  File "/Users/michalecerik/Developer/hermes-polymarket/bot.py", line 474, in step_review
    c.execute("UPDATE wallets SET status='watch', status_reason='downgraded: avg paper pnl %.2f over %d copies' WHERE address=? AND status='track'",
sqlite3.ProgrammingError: Incorrect number of bindings supplied. The current statement uses 1, and there are 3 supplied.
monitor: 30 new trades, 0 paper copies (rules v9)
pnl: 8 open updated, total -13.74 (blind bench 33659.56)
report: 2026-07-12 pnl=-13.74
export: docs/data.json written
=== 2026-07-12 13:29:28
ERROR review: Incorrect number of bindings supplied. The current statement uses 1, and there are 3 supplied.
Traceback (most recent call last):
  File "/Users/michalecerik/Developer/hermes-polymarket/bot.py", line 552, in cycle
    fn()
  File "/Users/michalecerik/Developer/hermes-polymarket/bot.py", line 543, in <lambda>
    ("review", lambda: step_review(c, *get_rules(c))),
  File "/Users/michalecerik/Developer/hermes-polymarket/bot.py", line 474, in step_review
    c.execute("UPDATE wallets SET status='watch', status_reason='downgraded: avg paper pnl %.2f over %d copies' WHERE address=? AND status='track'",
sqlite3.ProgrammingError: Incorrect number of bindings supplied. The current statement uses 1, and there are 3 supplied.
monitor: 26 new trades, 0 paper copies (rules v9)
pnl: 8 open updated, total -13.74 (blind bench 33581.72)
report: 2026-07-12 pnl=-13.74
export: docs/data.json written
=== 2026-07-12 13:44:59
ERROR review: Incorrect number of bindings supplied. The current statement uses 1, and there are 3 supplied.
Traceback (most recent call last):
  File "/Users/michalecerik/Developer/hermes-polymarket/bot.py", line 552, in cycle
    fn()
  File "/Users/michalecerik/Developer/hermes-polymarket/bot.py", line 543, in <lambda>
    ("review", lambda: step_review(c, *get_rules(c))),
  File "/Users/michalecerik/Developer/hermes-polymarket/bot.py", line 474, in step_review
    c.execute("UPDATE wallets SET status='watch', status_reason='downgraded: avg paper pnl %.2f over %d copies' WHERE address=? AND status='track'",
sqlite3.ProgrammingError: Incorrect number of bindings supplied. The current statement uses 1, and there are 3 supplied.
monitor: 22 new trades, 0 paper copies (rules v9)
pnl: 8 open updated, total -13.74 (blind bench 33557.46)
report: 2026-07-12 pnl=-13.74
export: docs/data.json written
=== 2026-07-12 14:00:30
ERROR review: Incorrect number of bindings supplied. The current statement uses 1, and there are 3 supplied.
Traceback (most recent call last):
  File "/Users/michalecerik/Developer/hermes-polymarket/bot.py", line 552, in cycle
    fn()
  File "/Users/michalecerik/Developer/hermes-polymarket/bot.py", line 543, in <lambda>
    ("review", lambda: step_review(c, *get_rules(c))),
  File "/Users/michalecerik/Developer/hermes-polymarket/bot.py", line 474, in step_review
    c.execute("UPDATE wallets SET status='watch', status_reason='downgraded: avg paper pnl %.2f over %d copies' WHERE address=? AND status='track'",
sqlite3.ProgrammingError: Incorrect number of bindings supplied. The current statement uses 1, and there are 3 supplied.
monitor: 28 new trades, 0 paper copies (rules v9)
pnl: 8 open updated, total -13.74 (blind bench 33478.75)
report: 2026-07-12 pnl=-13.74
export: docs/data.json written
=== 2026-07-12 14:16:02
ERROR review: Incorrect number of bindings supplied. The current statement uses 1, and there are 3 supplied.
Traceback (most recent call last):
  File "/Users/michalecerik/Developer/hermes-polymarket/bot.py", line 552, in cycle
    fn()
  File "/Users/michalecerik/Developer/hermes-polymarket/bot.py", line 543, in <lambda>
    ("review", lambda: step_review(c, *get_rules(c))),
  File "/Users/michalecerik/Developer/hermes-polymarket/bot.py", line 474, in step_review
    c.execute("UPDATE wallets SET status='watch', status_reason='downgraded: avg paper pnl %.2f over %d copies' WHERE address=? AND status='track'",
sqlite3.ProgrammingError: Incorrect number of bindings supplied. The current statement uses 1, and there are 3 supplied.
monitor: 34 new trades, 0 paper copies (rules v9)
pnl: 8 open updated, total -13.74 (blind bench 33461.94)
report: 2026-07-12 pnl=-13.74
export: docs/data.json written
=== 2026-07-12 14:31:33
monitor: 0 new trades, 0 paper copies (rules v10)
pnl: 8 open updated, total -13.74 (blind bench 254.69)
review: 26 decisions reviewed, 0 rule changes
report: 2026-07-12 pnl=-13.74
export: docs/data.json written
=== 2026-07-12 14:46:54
monitor: 7 new trades, 0 paper copies (rules v11)
pnl: 0 open updated, total -13.74 (blind bench 209.22)
review: 22 decisions reviewed, 0 rule changes
report: 2026-07-12 pnl=-13.74
export: docs/data.json written
=== 2026-07-12 15:02:02
monitor: 16 new trades, 0 paper copies (rules v11)
pnl: 0 open updated, total -13.74 (blind bench 238.25)
review: 28 decisions reviewed, 0 rule changes
report: 2026-07-12 pnl=-13.74
export: docs/data.json written
=== 2026-07-12 15:17:13
monitor: 4 new trades, 0 paper copies (rules v11)
pnl: 0 open updated, total -13.74 (blind bench 269.41)
review: rules v11 -> v12: min_copy_score
review: 34 decisions reviewed, 1 rule changes
report: 2026-07-12 pnl=-13.74
export: docs/data.json written
=== 2026-07-12 15:32:22
monitor: 7 new trades, 0 paper copies (rules v12)
pnl: 0 open updated, total -13.74 (blind bench 171.12)
review: 17 decisions reviewed, 0 rule changes
report: 2026-07-12 pnl=-13.74
export: docs/data.json written
=== 2026-07-12 15:47:30
monitor: 5 new trades, 0 paper copies (rules v12)
pnl: 0 open updated, total -13.74 (blind bench 171.48)
review: 7 decisions reviewed, 0 rule changes
report: 2026-07-12 pnl=-13.74
export: docs/data.json written
=== 2026-07-12 16:02:36
monitor: 2 new trades, 0 paper copies (rules v12)
pnl: 0 open updated, total -13.74 (blind bench 152.78)
review: 16 decisions reviewed, 0 rule changes
report: 2026-07-12 pnl=-13.74
export: docs/data.json written
=== 2026-07-12 16:17:41
monitor: 12 new trades, 1 paper copies (rules v12)
pnl: 1 open updated, total -13.74 (blind bench 183.20)
review: 4 decisions reviewed, 0 rule changes
report: 2026-07-12 pnl=-13.74
export: docs/data.json written
=== 2026-07-12 16:32:47
monitor: 10 new trades, 0 paper copies (rules v12)
pnl: 1 open updated, total -13.26 (blind bench 168.83)
review: 7 decisions reviewed, 0 rule changes
report: 2026-07-12 pnl=-13.26
export: docs/data.json written
=== 2026-07-12 16:47:53
monitor: 9 new trades, 1 paper copies (rules v12)
pnl: 2 open updated, total 3.87 (blind bench 233.05)
review: 5 decisions reviewed, 0 rule changes
report: 2026-07-12 pnl=3.87
export: docs/data.json written
=== 2026-07-12 17:02:59
monitor: 13 new trades, 0 paper copies (rules v12)
pnl: 2 open updated, total 4.82 (blind bench 278.59)
review: 2 decisions reviewed, 0 rule changes
report: 2026-07-12 pnl=4.82
export: docs/data.json written
=== 2026-07-12 17:18:05
monitor: 3 new trades, 0 paper copies (rules v12)
pnl: 2 open updated, total 3.87 (blind bench 288.09)
review: 12 decisions reviewed, 0 rule changes
report: 2026-07-12 pnl=3.87
export: docs/data.json written
=== 2026-07-12 17:33:11
monitor: 6 new trades, 2 paper copies (rules v12)
pnl: 3 open updated, total 7.30 (blind bench 256.76)
review: 10 decisions reviewed, 0 rule changes
report: 2026-07-12 pnl=7.30
export: docs/data.json written
=== 2026-07-12 17:48:17
monitor: 6 new trades, 4 paper copies (rules v12)
pnl: 7 open updated, total 14.75 (blind bench 295.95)
review: 9 decisions reviewed, 0 rule changes
report: 2026-07-12 pnl=14.75
export: docs/data.json written
=== 2026-07-12 18:03:23
monitor: 3 new trades, 0 paper copies (rules v12)
pnl: 7 open updated, total -2.67 (blind bench 477.22)
review: 13 decisions reviewed, 0 rule changes
report: 2026-07-12 pnl=-2.67
export: docs/data.json written
=== 2026-07-12 18:18:30
monitor: 11 new trades, 1 paper copies (rules v12)
pnl: 8 open updated, total -0.02 (blind bench 474.31)
review: 3 decisions reviewed, 0 rule changes
report: 2026-07-12 pnl=-0.02
export: docs/data.json written
=== 2026-07-12 18:33:37
monitor: 13 new trades, 0 paper copies (rules v12)
pnl: 8 open updated, total 19.94 (blind bench 513.53)
review: 6 decisions reviewed, 0 rule changes
report: 2026-07-12 pnl=19.94
export: docs/data.json written
=== 2026-07-12 18:48:45
monitor: 27 new trades, 0 paper copies (rules v12)
pnl: 7 open updated, total 46.97 (blind bench 530.10)
review: rules v12 -> v13: min_copy_score
review: 6 decisions reviewed, 1 rule changes
report: 2026-07-12 pnl=46.97
export: docs/data.json written
=== 2026-07-12 19:03:53
monitor: 12 new trades, 0 paper copies (rules v13)
pnl: 7 open updated, total 23.10 (blind bench 501.95)
review: rules v13 -> v14: min_copy_score
review: 3 decisions reviewed, 1 rule changes
report: 2026-07-12 pnl=23.10
export: docs/data.json written
=== 2026-07-12 19:19:00
monitor: 17 new trades, 0 paper copies (rules v14)
pnl: 7 open updated, total 51.62 (blind bench 511.13)
review: 11 decisions reviewed, 0 rule changes
report: 2026-07-12 pnl=51.62
export: docs/data.json written
=== 2026-07-12 19:34:09
monitor: 10 new trades, 1 paper copies (rules v14)
pnl: 8 open updated, total 50.72 (blind bench 571.55)
review: rules v14 -> v15: min_copy_score
review: 13 decisions reviewed, 1 rule changes
report: 2026-07-12 pnl=50.72
export: docs/data.json written
=== 2026-07-12 19:49:17
monitor: 12 new trades, 1 paper copies (rules v15)
pnl: 8 open updated, total -17.94 (blind bench 362.97)
review: 27 decisions reviewed, 0 rule changes
report: 2026-07-12 pnl=-17.94
export: docs/data.json written
=== 2026-07-12 20:04:26
monitor: 2 new trades, 0 paper copies (rules v15)
pnl: 8 open updated, total -28.30 (blind bench 428.42)
review: 12 decisions reviewed, 0 rule changes
report: 2026-07-12 pnl=-28.30
export: docs/data.json written
=== 2026-07-12 20:19:33
monitor: 1 new trades, 0 paper copies (rules v15)
pnl: 8 open updated, total -64.96 (blind bench 420.18)
review: 17 decisions reviewed, 0 rule changes
report: 2026-07-12 pnl=-64.96
export: docs/data.json written
=== 2026-07-12 20:34:39
scan: 500 wallets, 50 profiled, 15 tracked
monitor: 41 new trades, 0 paper copies (rules v15)
pnl: 7 open updated, total -71.83 (blind bench 377.67)
review: 10 decisions reviewed, 0 rule changes
report: 2026-07-12 pnl=-71.83
export: docs/data.json written
=== 2026-07-12 20:50:32
monitor: 0 new trades, 0 paper copies (rules v15)
pnl: 5 open updated, total -73.18 (blind bench 436.15)
review: 12 decisions reviewed, 0 rule changes
report: 2026-07-12 pnl=-73.18
export: docs/data.json written
=== 2026-07-12 21:05:39
monitor: 0 new trades, 0 paper copies (rules v15)
pnl: 3 open updated, total -72.29 (blind bench 445.82)
review: 2 decisions reviewed, 0 rule changes
report: 2026-07-12 pnl=-72.29
export: docs/data.json written
=== 2026-07-12 21:20:43
monitor: 0 new trades, 0 paper copies (rules v15)
pnl: 3 open updated, total -66.26 (blind bench 523.62)
review: 1 decisions reviewed, 0 rule changes
report: 2026-07-12 pnl=-66.26
export: docs/data.json written
=== 2026-07-12 21:35:48
monitor: 0 new trades, 0 paper copies (rules v15)
pnl: 2 open updated, total -66.26 (blind bench 527.80)
review: 41 decisions reviewed, 0 rule changes
report: 2026-07-12 pnl=-66.26
export: docs/data.json written
=== 2026-07-12 21:51:40
monitor: 1 new trades, 0 paper copies (rules v15)
pnl: 2 open updated, total -66.26 (blind bench 512.39)
review: 0 decisions reviewed, 0 rule changes
report: 2026-07-12 pnl=-66.26
export: docs/data.json written
=== 2026-07-12 22:06:44
monitor: 0 new trades, 0 paper copies (rules v15)
pnl: 2 open updated, total -66.26 (blind bench 512.39)
review: 0 decisions reviewed, 0 rule changes
report: 2026-07-12 pnl=-66.26
export: docs/data.json written
=== 2026-07-12 22:21:48
monitor: 0 new trades, 0 paper copies (rules v15)
pnl: 2 open updated, total -66.26 (blind bench 512.39)
review: 0 decisions reviewed, 0 rule changes
report: 2026-07-12 pnl=-66.26
export: docs/data.json written
=== 2026-07-12 22:36:52
monitor: 0 new trades, 0 paper copies (rules v15)
pnl: 2 open updated, total -66.26 (blind bench 512.39)
review: 0 decisions reviewed, 0 rule changes
report: 2026-07-12 pnl=-66.26
export: docs/data.json written
=== 2026-07-12 22:51:56
monitor: 0 new trades, 0 paper copies (rules v15)
pnl: 2 open updated, total -66.26 (blind bench 512.39)
review: 1 decisions reviewed, 0 rule changes
report: 2026-07-12 pnl=-66.26
export: docs/data.json written
=== 2026-07-12 23:07:00
monitor: 0 new trades, 0 paper copies (rules v15)
pnl: 2 open updated, total -66.26 (blind bench 536.22)
review: 0 decisions reviewed, 0 rule changes
report: 2026-07-12 pnl=-66.26
export: docs/data.json written
=== 2026-07-12 23:22:04
monitor: 0 new trades, 0 paper copies (rules v15)
pnl: 2 open updated, total -66.26 (blind bench 536.22)
review: 0 decisions reviewed, 0 rule changes
report: 2026-07-12 pnl=-66.26
export: docs/data.json written
=== 2026-07-12 23:37:09
monitor: 0 new trades, 0 paper copies (rules v15)
pnl: 2 open updated, total -66.26 (blind bench 536.22)
review: 0 decisions reviewed, 0 rule changes
report: 2026-07-12 pnl=-66.26
export: docs/data.json written
=== 2026-07-12 23:52:13
monitor: 0 new trades, 0 paper copies (rules v15)
pnl: 2 open updated, total -66.26 (blind bench 536.22)
review: 0 decisions reviewed, 0 rule changes
report: 2026-07-12 pnl=-66.26
export: docs/data.json written
=== 2026-07-13 00:07:17
monitor: 0 new trades, 0 paper copies (rules v15)
pnl: 2 open updated, total -66.26 (blind bench 536.22)
review: 0 decisions reviewed, 0 rule changes
report: 2026-07-13 pnl=-66.26
export: docs/data.json written
=== 2026-07-13 00:22:21
monitor: 0 new trades, 0 paper copies (rules v15)
pnl: 2 open updated, total -66.05 (blind bench 536.38)
review: 0 decisions reviewed, 0 rule changes
report: 2026-07-13 pnl=-66.05
export: docs/data.json written
=== 2026-07-13 00:37:25
monitor: 0 new trades, 0 paper copies (rules v15)
pnl: 2 open updated, total -66.05 (blind bench 536.38)
review: 0 decisions reviewed, 0 rule changes
report: 2026-07-13 pnl=-66.05
export: docs/data.json written
=== 2026-07-13 00:52:29
monitor: 0 new trades, 0 paper copies (rules v15)
pnl: 2 open updated, total -66.05 (blind bench 536.38)
review: 0 decisions reviewed, 0 rule changes
report: 2026-07-13 pnl=-66.05
export: docs/data.json written
=== 2026-07-13 01:07:34
monitor: 0 new trades, 0 paper copies (rules v15)
pnl: 2 open updated, total -66.05 (blind bench 536.38)
review: 0 decisions reviewed, 0 rule changes
report: 2026-07-13 pnl=-66.05
export: docs/data.json written
=== 2026-07-13 01:22:38
monitor: 0 new trades, 0 paper copies (rules v15)
pnl: 2 open updated, total -66.05 (blind bench 536.38)
review: 0 decisions reviewed, 0 rule changes
report: 2026-07-13 pnl=-66.05
export: docs/data.json written
=== 2026-07-13 01:37:42
monitor: 0 new trades, 0 paper copies (rules v15)
pnl: 2 open updated, total -66.05 (blind bench 536.38)
review: 0 decisions reviewed, 0 rule changes
report: 2026-07-13 pnl=-66.05
export: docs/data.json written
=== 2026-07-13 01:52:46
monitor: 0 new trades, 0 paper copies (rules v15)
pnl: 2 open updated, total -66.05 (blind bench 536.38)
review: 0 decisions reviewed, 0 rule changes
report: 2026-07-13 pnl=-66.05
export: docs/data.json written
=== 2026-07-13 02:07:50
monitor: 0 new trades, 0 paper copies (rules v15)
pnl: 2 open updated, total -66.05 (blind bench 536.38)
review: 0 decisions reviewed, 0 rule changes
report: 2026-07-13 pnl=-66.05
export: docs/data.json written
=== 2026-07-13 02:22:55
monitor: 0 new trades, 0 paper copies (rules v15)
pnl: 2 open updated, total -66.05 (blind bench 536.38)
review: 0 decisions reviewed, 0 rule changes
report: 2026-07-13 pnl=-66.05
export: docs/data.json written
=== 2026-07-13 02:37:59
scan: 500 wallets, 50 profiled, 15 tracked
monitor: 248 new trades, 5 paper copies (rules v15)
pnl: 7 open updated, total -66.05 (blind bench 570.60)
review: 0 decisions reviewed, 0 rule changes
report: 2026-07-13 pnl=-66.05
export: docs/data.json written
=== 2026-07-13 02:55:36
monitor: 34 new trades, 0 paper copies (rules v15)
pnl: 7 open updated, total -65.70 (blind bench 570.82)
review: 0 decisions reviewed, 0 rule changes
report: 2026-07-13 pnl=-65.70
export: docs/data.json written
=== 2026-07-13 03:10:44
monitor: 0 new trades, 0 paper copies (rules v15)
pnl: 7 open updated, total -66.05 (blind bench 570.60)
review: 0 decisions reviewed, 0 rule changes
report: 2026-07-13 pnl=-66.05
export: docs/data.json written
=== 2026-07-13 03:25:49
monitor: 4 new trades, 0 paper copies (rules v15)
pnl: 7 open updated, total -66.05 (blind bench 570.60)
review: 0 decisions reviewed, 0 rule changes
report: 2026-07-13 pnl=-66.05
export: docs/data.json written
=== 2026-07-13 03:40:54
monitor: 0 new trades, 0 paper copies (rules v15)
pnl: 7 open updated, total -66.05 (blind bench 570.60)
review: rules v15 -> v16: min_copy_score
review: 248 decisions reviewed, 1 rule changes
report: 2026-07-13 pnl=-66.05
export: docs/data.json written
=== 2026-07-13 03:59:45
monitor: 0 new trades, 0 paper copies (rules v16)
pnl: 7 open updated, total -65.35 (blind bench 570.88)
review: 34 decisions reviewed, 0 rule changes
report: 2026-07-13 pnl=-65.35
export: docs/data.json written
=== 2026-07-13 04:15:03
monitor: 0 new trades, 0 paper copies (rules v16)
pnl: 7 open updated, total -65.35 (blind bench 570.88)
review: 0 decisions reviewed, 0 rule changes
report: 2026-07-13 pnl=-65.35
export: docs/data.json written
=== 2026-07-13 04:30:08
monitor: 0 new trades, 0 paper copies (rules v16)
pnl: 7 open updated, total -65.35 (blind bench 570.88)
review: 4 decisions reviewed, 0 rule changes
report: 2026-07-13 pnl=-65.35
export: docs/data.json written
=== 2026-07-13 04:45:16
monitor: 0 new trades, 0 paper copies (rules v16)
pnl: 7 open updated, total -65.35 (blind bench 571.57)
review: 0 decisions reviewed, 0 rule changes
report: 2026-07-13 pnl=-65.35
export: docs/data.json written
=== 2026-07-13 05:00:21
monitor: 2 new trades, 0 paper copies (rules v16)
pnl: 7 open updated, total -65.35 (blind bench 571.57)
review: 0 decisions reviewed, 0 rule changes
report: 2026-07-13 pnl=-65.35
export: docs/data.json written
=== 2026-07-13 05:15:27
monitor: 13 new trades, 0 paper copies (rules v16)
pnl: 7 open updated, total -65.35 (blind bench 571.57)
review: 0 decisions reviewed, 0 rule changes
report: 2026-07-13 pnl=-65.35
export: docs/data.json written
=== 2026-07-13 05:30:34
monitor: 1 new trades, 0 paper copies (rules v16)
pnl: 7 open updated, total -65.35 (blind bench 571.57)
review: 0 decisions reviewed, 0 rule changes
report: 2026-07-13 pnl=-65.35
export: docs/data.json written
=== 2026-07-13 05:45:40
monitor: 0 new trades, 0 paper copies (rules v16)
pnl: 7 open updated, total -65.21 (blind bench 571.68)
review: 0 decisions reviewed, 0 rule changes
report: 2026-07-13 pnl=-65.21
export: docs/data.json written
=== 2026-07-13 06:00:45
monitor: 1 new trades, 0 paper copies (rules v16)
pnl: 7 open updated, total -65.06 (blind bench 571.78)
review: 2 decisions reviewed, 0 rule changes
report: 2026-07-13 pnl=-65.06
export: docs/data.json written
=== 2026-07-13 06:15:50
monitor: 0 new trades, 0 paper copies (rules v16)
pnl: 7 open updated, total -65.06 (blind bench 571.29)
review: 13 decisions reviewed, 0 rule changes
report: 2026-07-13 pnl=-65.06
export: docs/data.json written
=== 2026-07-13 06:30:56
monitor: 0 new trades, 0 paper copies (rules v16)
pnl: 7 open updated, total -65.06 (blind bench 568.27)
review: 1 decisions reviewed, 0 rule changes
report: 2026-07-13 pnl=-65.06
export: docs/data.json written
=== 2026-07-13 06:46:01
monitor: 0 new trades, 0 paper copies (rules v16)
pnl: 7 open updated, total -65.06 (blind bench 568.27)
review: 0 decisions reviewed, 0 rule changes
report: 2026-07-13 pnl=-65.06
export: docs/data.json written
=== 2026-07-13 07:01:07
monitor: 0 new trades, 0 paper copies (rules v16)
pnl: 7 open updated, total -65.06 (blind bench 568.27)
review: 1 decisions reviewed, 0 rule changes
report: 2026-07-13 pnl=-65.06
export: docs/data.json written
=== 2026-07-13 07:16:13
monitor: 0 new trades, 0 paper copies (rules v16)
pnl: 7 open updated, total -65.39 (blind bench 568.05)
review: 0 decisions reviewed, 0 rule changes
report: 2026-07-13 pnl=-65.39
export: docs/data.json written
=== 2026-07-13 07:31:18
monitor: 1 new trades, 0 paper copies (rules v16)
pnl: 7 open updated, total -65.39 (blind bench 568.05)
review: 0 decisions reviewed, 0 rule changes
report: 2026-07-13 pnl=-65.39
export: docs/data.json written
=== 2026-07-13 07:46:24
monitor: 7 new trades, 0 paper copies (rules v16)
pnl: 7 open updated, total -65.39 (blind bench 568.05)
review: 0 decisions reviewed, 0 rule changes
report: 2026-07-13 pnl=-65.39
export: docs/data.json written
=== 2026-07-13 08:01:30
monitor: 6 new trades, 0 paper copies (rules v16)
pnl: 7 open updated, total -65.39 (blind bench 568.05)
review: 0 decisions reviewed, 0 rule changes
report: 2026-07-13 pnl=-65.39
export: docs/data.json written
=== 2026-07-13 08:16:37
monitor: 17 new trades, 0 paper copies (rules v16)
pnl: 7 open updated, total -65.39 (blind bench 568.05)
review: 0 decisions reviewed, 0 rule changes
report: 2026-07-13 pnl=-65.39
export: docs/data.json written
=== 2026-07-13 08:31:45
monitor: 34 new trades, 0 paper copies (rules v16)
pnl: 7 open updated, total -65.66 (blind bench 567.89)
review: 1 decisions reviewed, 0 rule changes
report: 2026-07-13 pnl=-65.67
export: docs/data.json written
=== 2026-07-13 08:46:55
scan: 500 wallets, 50 profiled, 15 tracked
monitor: 129 new trades, 0 paper copies (rules v16)
pnl: 7 open updated, total -67.19 (blind bench 565.38)
review: 7 decisions reviewed, 0 rule changes
report: 2026-07-13 pnl=-67.19
export: docs/data.json written
=== 2026-07-13 09:04:08
monitor: 7 new trades, 0 paper copies (rules v16)
pnl: 7 open updated, total -67.19 (blind bench 589.78)
review: 6 decisions reviewed, 0 rule changes
report: 2026-07-13 pnl=-67.19
export: docs/data.json written
=== 2026-07-13 09:19:14
monitor: 8 new trades, 0 paper copies (rules v16)
pnl: 7 open updated, total -67.19 (blind bench 588.24)
review: 17 decisions reviewed, 0 rule changes
report: 2026-07-13 pnl=-67.19
export: docs/data.json written
=== 2026-07-13 09:34:25
monitor: 6 new trades, 0 paper copies (rules v16)
pnl: 7 open updated, total -65.92 (blind bench 611.94)
review: 34 decisions reviewed, 0 rule changes
report: 2026-07-13 pnl=-65.92
export: docs/data.json written
=== 2026-07-13 09:49:36
monitor: 7 new trades, 0 paper copies (rules v16)
pnl: 7 open updated, total -66.19 (blind bench 631.91)
review: rules v16 -> v17: min_copy_score
review: 129 decisions reviewed, 1 rule changes
report: 2026-07-13 pnl=-66.19
export: docs/data.json written
=== 2026-07-13 10:06:38
monitor: 10 new trades, 0 paper copies (rules v17)
pnl: 7 open updated, total -66.47 (blind bench 672.27)
review: 7 decisions reviewed, 0 rule changes
report: 2026-07-13 pnl=-66.47
export: docs/data.json written
=== 2026-07-13 10:21:51
monitor: 9 new trades, 0 paper copies (rules v17)
pnl: 7 open updated, total -66.47 (blind bench 669.39)
review: 8 decisions reviewed, 0 rule changes
report: 2026-07-13 pnl=-66.47
export: docs/data.json written
=== 2026-07-13 10:37:04
monitor: 3 new trades, 0 paper copies (rules v17)
pnl: 7 open updated, total -66.47 (blind bench 668.43)
review: 6 decisions reviewed, 0 rule changes
report: 2026-07-13 pnl=-66.47
export: docs/data.json written
=== 2026-07-13 10:52:16
monitor: 3 new trades, 0 paper copies (rules v17)
pnl: 7 open updated, total -66.47 (blind bench 662.70)
review: 7 decisions reviewed, 0 rule changes
report: 2026-07-13 pnl=-66.47
export: docs/data.json written
=== 2026-07-13 11:07:29
monitor: 11 new trades, 0 paper copies (rules v17)
pnl: 7 open updated, total -66.17 (blind bench 655.30)
review: 10 decisions reviewed, 0 rule changes
report: 2026-07-13 pnl=-66.17
export: docs/data.json written
=== 2026-07-13 11:22:45
monitor: 5 new trades, 0 paper copies (rules v17)
pnl: 7 open updated, total -65.87 (blind bench 657.39)
review: 9 decisions reviewed, 0 rule changes
report: 2026-07-13 pnl=-65.87
export: docs/data.json written
=== 2026-07-13 11:37:53
monitor: 5 new trades, 0 paper copies (rules v17)
pnl: 7 open updated, total -65.87 (blind bench 616.48)
review: 3 decisions reviewed, 0 rule changes
report: 2026-07-13 pnl=-65.87
export: docs/data.json written
=== 2026-07-13 11:53:02
monitor: 1 new trades, 0 paper copies (rules v17)
pnl: 7 open updated, total -64.88 (blind bench 607.14)
review: 3 decisions reviewed, 0 rule changes
report: 2026-07-13 pnl=-64.88
export: docs/data.json written
=== 2026-07-13 12:08:08
monitor: 6 new trades, 0 paper copies (rules v17)
pnl: 7 open updated, total -73.24 (blind bench 611.10)
review: 11 decisions reviewed, 0 rule changes
report: 2026-07-13 pnl=-73.24
export: docs/data.json written
=== 2026-07-13 12:23:15
monitor: 4 new trades, 0 paper copies (rules v17)
pnl: 7 open updated, total -77.34 (blind bench 651.90)
review: 5 decisions reviewed, 0 rule changes
report: 2026-07-13 pnl=-77.34
export: docs/data.json written
=== 2026-07-13 12:38:21
monitor: 0 new trades, 0 paper copies (rules v17)
pnl: 7 open updated, total -78.11 (blind bench 700.09)
review: rules v17 -> v18: min_copy_score
review: 5 decisions reviewed, 1 rule changes
report: 2026-07-13 pnl=-78.11
export: docs/data.json written
=== 2026-07-13 12:53:26
monitor: 3 new trades, 0 paper copies (rules v18)
pnl: 7 open updated, total -58.43 (blind bench 719.02)
review: 1 decisions reviewed, 0 rule changes
report: 2026-07-13 pnl=-58.43
export: docs/data.json written
=== 2026-07-13 13:08:32
monitor: 4 new trades, 0 paper copies (rules v18)
pnl: 7 open updated, total -65.02 (blind bench 704.80)
review: 6 decisions reviewed, 0 rule changes
report: 2026-07-13 pnl=-65.02
export: docs/data.json written
=== 2026-07-13 13:23:45
monitor: 2 new trades, 0 paper copies (rules v18)
pnl: 7 open updated, total -70.54 (blind bench 701.30)
review: 4 decisions reviewed, 0 rule changes
report: 2026-07-13 pnl=-70.54
export: docs/data.json written
=== 2026-07-13 13:38:53
monitor: 1 new trades, 0 paper copies (rules v18)
pnl: 7 open updated, total -74.73 (blind bench 678.73)
review: 0 decisions reviewed, 0 rule changes
report: 2026-07-13 pnl=-74.73
export: docs/data.json written
=== 2026-07-13 13:53:59
monitor: 1 new trades, 0 paper copies (rules v18)
pnl: 7 open updated, total -77.44 (blind bench 677.01)
review: 3 decisions reviewed, 0 rule changes
report: 2026-07-13 pnl=-77.44
export: docs/data.json written
=== 2026-07-13 14:09:06
monitor: 6 new trades, 0 paper copies (rules v18)
pnl: 6 open updated, total -80.38 (blind bench 665.05)
review: 4 decisions reviewed, 0 rule changes
report: 2026-07-13 pnl=-80.38
export: docs/data.json written
=== 2026-07-13 14:24:15
monitor: 12 new trades, 0 paper copies (rules v18)
pnl: 6 open updated, total -83.78 (blind bench 653.02)
review: 2 decisions reviewed, 0 rule changes
report: 2026-07-13 pnl=-83.78
export: docs/data.json written
=== 2026-07-13 14:39:23
monitor: 5 new trades, 1 paper copies (rules v18)
pnl: 6 open updated, total -85.00 (blind bench 662.45)
review: 1 decisions reviewed, 0 rule changes
report: 2026-07-13 pnl=-85.00
export: docs/data.json written
=== 2026-07-13 14:54:31
scan: 500 wallets, 50 profiled, 15 tracked
monitor: 89 new trades, 1 paper copies (rules v18)
pnl: 6 open updated, total -85.00 (blind bench 662.45)
review: 1 decisions reviewed, 0 rule changes
report: 2026-07-13 pnl=-85.00
export: docs/data.json written
=== 2026-07-13 15:11:10
monitor: 2 new trades, 0 paper copies (rules v18)
pnl: 6 open updated, total -84.23 (blind bench 666.75)
review: 6 decisions reviewed, 0 rule changes
report: 2026-07-13 pnl=-84.23
export: docs/data.json written
=== 2026-07-13 15:26:20
monitor: 7 new trades, 0 paper copies (rules v18)
pnl: 6 open updated, total -83.58 (blind bench 686.79)
review: 12 decisions reviewed, 0 rule changes
report: 2026-07-13 pnl=-83.58
export: docs/data.json written
=== 2026-07-13 15:41:31
monitor: 0 new trades, 0 paper copies (rules v18)
pnl: 6 open updated, total -83.58 (blind bench 696.00)
review: 5 decisions reviewed, 0 rule changes
report: 2026-07-13 pnl=-83.58
export: docs/data.json written
=== 2026-07-13 15:56:38
monitor: 4 new trades, 0 paper copies (rules v18)
pnl: 6 open updated, total -83.58 (blind bench 693.51)
review: 89 decisions reviewed, 0 rule changes
report: 2026-07-13 pnl=-83.58
export: docs/data.json written
=== 2026-07-13 16:12:52
monitor: 4 new trades, 0 paper copies (rules v18)
pnl: 6 open updated, total -83.44 (blind bench 694.53)
review: 2 decisions reviewed, 0 rule changes
report: 2026-07-13 pnl=-83.44
export: docs/data.json written
=== 2026-07-13 16:28:01
monitor: 3 new trades, 0 paper copies (rules v18)
pnl: 6 open updated, total -82.32 (blind bench 701.60)
review: 7 decisions reviewed, 0 rule changes
report: 2026-07-13 pnl=-82.32
export: docs/data.json written
=== 2026-07-13 16:43:12
monitor: 11 new trades, 0 paper copies (rules v18)
pnl: 6 open updated, total -76.15 (blind bench 747.99)
review: 0 decisions reviewed, 0 rule changes
report: 2026-07-13 pnl=-76.15
export: docs/data.json written
=== 2026-07-13 16:58:19
monitor: 2 new trades, 0 paper copies (rules v18)
pnl: 6 open updated, total -74.76 (blind bench 733.61)
review: 4 decisions reviewed, 0 rule changes
report: 2026-07-13 pnl=-74.76
export: docs/data.json written
=== 2026-07-13 17:13:26
monitor: 5 new trades, 0 paper copies (rules v18)
pnl: 6 open updated, total -71.13 (blind bench 768.40)
review: 4 decisions reviewed, 0 rule changes
report: 2026-07-13 pnl=-71.13
export: docs/data.json written
=== 2026-07-13 17:28:33
monitor: 6 new trades, 0 paper copies (rules v18)
pnl: 6 open updated, total -70.05 (blind bench 773.12)
review: rules v18 -> v19: min_copy_score
review: 3 decisions reviewed, 1 rule changes
report: 2026-07-13 pnl=-70.05
export: docs/data.json written
=== 2026-07-13 17:43:39
monitor: 5 new trades, 0 paper copies (rules v19)
pnl: 6 open updated, total -70.30 (blind bench 759.69)
review: 11 decisions reviewed, 0 rule changes
report: 2026-07-13 pnl=-70.30
export: docs/data.json written
=== 2026-07-13 17:58:50
monitor: 6 new trades, 0 paper copies (rules v19)
pnl: 5 open updated, total -71.98 (blind bench 747.05)
review: 2 decisions reviewed, 0 rule changes
report: 2026-07-13 pnl=-71.98
export: docs/data.json written
=== 2026-07-13 18:13:57
monitor: 2 new trades, 0 paper copies (rules v19)
pnl: 5 open updated, total -71.57 (blind bench 750.14)
review: 5 decisions reviewed, 0 rule changes
report: 2026-07-13 pnl=-71.57
export: docs/data.json written
=== 2026-07-13 18:29:04
monitor: 5 new trades, 0 paper copies (rules v19)
pnl: 5 open updated, total -71.57 (blind bench 715.70)
review: 6 decisions reviewed, 0 rule changes
report: 2026-07-13 pnl=-71.57
export: docs/data.json written
=== 2026-07-13 18:44:10
monitor: 11 new trades, 0 paper copies (rules v19)
pnl: 5 open updated, total -71.57 (blind bench 788.97)
review: 5 decisions reviewed, 0 rule changes
report: 2026-07-13 pnl=-71.57
export: docs/data.json written
=== 2026-07-13 18:59:20
monitor: 9 new trades, 1 paper copies (rules v19)
pnl: 6 open updated, total -71.00 (blind bench 778.17)
review: 6 decisions reviewed, 0 rule changes
report: 2026-07-13 pnl=-71.00
export: docs/data.json written
=== 2026-07-13 19:14:32
monitor: 11 new trades, 1 paper copies (rules v19)
pnl: 7 open updated, total -62.14 (blind bench 823.06)
review: 2 decisions reviewed, 0 rule changes
report: 2026-07-13 pnl=-62.14
export: docs/data.json written
=== 2026-07-13 19:29:40
monitor: 15 new trades, 0 paper copies (rules v19)
pnl: 7 open updated, total -59.43 (blind bench 816.88)
review: 5 decisions reviewed, 0 rule changes
report: 2026-07-13 pnl=-59.43
export: docs/data.json written
=== 2026-07-13 19:44:48
monitor: 9 new trades, 2 paper copies (rules v19)
pnl: 8 open updated, total -60.27 (blind bench 799.83)
review: 11 decisions reviewed, 0 rule changes
report: 2026-07-13 pnl=-60.27
export: docs/data.json written
=== 2026-07-13 20:00:02
monitor: 17 new trades, 0 paper copies (rules v19)
pnl: 8 open updated, total -59.65 (blind bench 815.84)
review: 9 decisions reviewed, 0 rule changes
report: 2026-07-13 pnl=-59.65
export: docs/data.json written
=== 2026-07-13 20:15:14
monitor: 25 new trades, 0 paper copies (rules v19)
pnl: 8 open updated, total -60.04 (blind bench 792.29)
review: 11 decisions reviewed, 0 rule changes
report: 2026-07-13 pnl=-60.04
export: docs/data.json written
=== 2026-07-13 20:30:30
monitor: 23 new trades, 0 paper copies (rules v19)
pnl: 8 open updated, total -59.49 (blind bench 811.02)
review: 15 decisions reviewed, 0 rule changes
report: 2026-07-13 pnl=-59.49
export: docs/data.json written
=== 2026-07-13 20:45:45
monitor: 13 new trades, 0 paper copies (rules v19)
pnl: 8 open updated, total -59.50 (blind bench 805.84)
review: 9 decisions reviewed, 0 rule changes
report: 2026-07-13 pnl=-59.50
export: docs/data.json written
=== 2026-07-13 21:00:55
scan: 500 wallets, 50 profiled, 15 tracked
monitor: 58 new trades, 0 paper copies (rules v19)
pnl: 8 open updated, total -59.50 (blind bench 894.95)
review: 17 decisions reviewed, 0 rule changes
report: 2026-07-13 pnl=-59.50
export: docs/data.json written
=== 2026-07-13 21:16:38
monitor: 3 new trades, 0 paper copies (rules v19)
pnl: 8 open updated, total -58.90 (blind bench 837.14)
review: 25 decisions reviewed, 0 rule changes
report: 2026-07-13 pnl=-58.90
export: docs/data.json written
=== 2026-07-13 21:31:48
monitor: 6 new trades, 0 paper copies (rules v19)
pnl: 8 open updated, total -58.89 (blind bench 908.32)
review: 23 decisions reviewed, 0 rule changes
report: 2026-07-13 pnl=-58.89
export: docs/data.json written
=== 2026-07-13 21:46:56
monitor: 11 new trades, 0 paper copies (rules v19)
pnl: 8 open updated, total -58.80 (blind bench 887.05)
review: 13 decisions reviewed, 0 rule changes
report: 2026-07-13 pnl=-58.80
export: docs/data.json written
=== 2026-07-13 22:02:03
monitor: 4 new trades, 0 paper copies (rules v19)
pnl: 8 open updated, total -58.80 (blind bench 847.57)
review: 58 decisions reviewed, 0 rule changes
report: 2026-07-13 pnl=-58.80
export: docs/data.json written
=== 2026-07-13 22:17:32
monitor: 10 new trades, 0 paper copies (rules v19)
pnl: 8 open updated, total -58.80 (blind bench 835.70)
review: 3 decisions reviewed, 0 rule changes
report: 2026-07-13 pnl=-58.80
export: docs/data.json written
=== 2026-07-13 22:32:40
monitor: 4 new trades, 0 paper copies (rules v19)
pnl: 8 open updated, total -58.78 (blind bench 859.28)
review: rules v19 -> v20: min_copy_score
review: 6 decisions reviewed, 1 rule changes
report: 2026-07-13 pnl=-58.78
export: docs/data.json written
=== 2026-07-13 22:47:48
monitor: 1 new trades, 0 paper copies (rules v20)
pnl: 8 open updated, total -58.77 (blind bench 862.38)
review: 11 decisions reviewed, 0 rule changes
report: 2026-07-13 pnl=-58.77
export: docs/data.json written
=== 2026-07-13 23:03:02
monitor: 2 new trades, 0 paper copies (rules v20)
pnl: 8 open updated, total -58.70 (blind bench 872.67)
review: 4 decisions reviewed, 0 rule changes
report: 2026-07-13 pnl=-58.70
export: docs/data.json written
=== 2026-07-13 23:18:11
monitor: 4 new trades, 0 paper copies (rules v20)
pnl: 8 open updated, total -58.69 (blind bench 864.84)
review: 10 decisions reviewed, 0 rule changes
report: 2026-07-13 pnl=-58.69
export: docs/data.json written
=== 2026-07-13 23:33:27
monitor: 4 new trades, 0 paper copies (rules v20)
pnl: 8 open updated, total -58.10 (blind bench 860.28)
review: 4 decisions reviewed, 0 rule changes
report: 2026-07-13 pnl=-58.10
export: docs/data.json written
=== 2026-07-13 23:48:40
monitor: 2 new trades, 0 paper copies (rules v20)
pnl: 8 open updated, total -58.69 (blind bench 855.18)
review: 1 decisions reviewed, 0 rule changes
report: 2026-07-13 pnl=-58.69
export: docs/data.json written
=== 2026-07-14 00:03:45
monitor: 6 new trades, 0 paper copies (rules v20)
pnl: 8 open updated, total -58.35 (blind bench 856.41)
review: 2 decisions reviewed, 0 rule changes
report: 2026-07-14 pnl=-58.35
export: docs/data.json written
=== 2026-07-14 00:18:51
monitor: 1 new trades, 0 paper copies (rules v20)
pnl: 8 open updated, total -58.18 (blind bench 857.88)
review: 4 decisions reviewed, 0 rule changes
report: 2026-07-14 pnl=-58.18
export: docs/data.json written
=== 2026-07-14 00:33:57
monitor: 7 new trades, 0 paper copies (rules v20)
pnl: 8 open updated, total -58.61 (blind bench 852.90)
review: 4 decisions reviewed, 0 rule changes
report: 2026-07-14 pnl=-58.61
export: docs/data.json written
=== 2026-07-14 00:49:03
monitor: 8 new trades, 0 paper copies (rules v20)
pnl: 8 open updated, total -58.69 (blind bench 852.65)
review: 2 decisions reviewed, 0 rule changes
report: 2026-07-14 pnl=-58.69
export: docs/data.json written
=== 2026-07-14 01:04:11
monitor: 12 new trades, 0 paper copies (rules v20)
pnl: 8 open updated, total -58.96 (blind bench 850.20)
review: 6 decisions reviewed, 0 rule changes
report: 2026-07-14 pnl=-58.96
export: docs/data.json written
=== 2026-07-14 01:19:19
monitor: 10 new trades, 0 paper copies (rules v20)
pnl: 8 open updated, total -58.93 (blind bench 865.56)
review: 1 decisions reviewed, 0 rule changes
report: 2026-07-14 pnl=-58.93
export: docs/data.json written
=== 2026-07-14 01:34:26
monitor: 19 new trades, 0 paper copies (rules v20)
pnl: 8 open updated, total -59.14 (blind bench 884.76)
review: 7 decisions reviewed, 0 rule changes
report: 2026-07-14 pnl=-59.14
export: docs/data.json written
=== 2026-07-14 01:49:34
monitor: 10 new trades, 0 paper copies (rules v20)
pnl: 8 open updated, total -61.31 (blind bench 882.55)
review: 8 decisions reviewed, 0 rule changes
report: 2026-07-14 pnl=-61.31
export: docs/data.json written
=== 2026-07-14 02:04:41
monitor: 14 new trades, 0 paper copies (rules v20)
pnl: 8 open updated, total -61.51 (blind bench 882.45)
review: 12 decisions reviewed, 0 rule changes
report: 2026-07-14 pnl=-61.51
export: docs/data.json written
=== 2026-07-14 02:19:53
monitor: 8 new trades, 0 paper copies (rules v20)
pnl: 8 open updated, total -62.28 (blind bench 873.91)
review: 10 decisions reviewed, 0 rule changes
report: 2026-07-14 pnl=-62.28
export: docs/data.json written
=== 2026-07-14 02:35:05
monitor: 9 new trades, 0 paper copies (rules v20)
pnl: 8 open updated, total -59.78 (blind bench 894.27)
review: 19 decisions reviewed, 0 rule changes
report: 2026-07-14 pnl=-59.78
export: docs/data.json written
=== 2026-07-14 02:50:16
monitor: 18 new trades, 0 paper copies (rules v20)
pnl: 8 open updated, total -65.76 (blind bench 852.87)
review: 10 decisions reviewed, 0 rule changes
report: 2026-07-14 pnl=-65.76
export: docs/data.json written
=== 2026-07-14 03:05:24
scan: 500 wallets, 50 profiled, 15 tracked
monitor: 256 new trades, 0 paper copies (rules v20)
pnl: 7 open updated, total -65.76 (blind bench 878.72)
review: 14 decisions reviewed, 0 rule changes
report: 2026-07-14 pnl=-65.76
export: docs/data.json written
=== 2026-07-14 03:23:21
monitor: 10 new trades, 0 paper copies (rules v20)
pnl: 7 open updated, total -65.33 (blind bench 902.68)
review: 8 decisions reviewed, 0 rule changes
report: 2026-07-14 pnl=-65.33
export: docs/data.json written
=== 2026-07-14 03:38:29
monitor: 9 new trades, 0 paper copies (rules v20)
pnl: 7 open updated, total -65.20 (blind bench 900.59)
review: 9 decisions reviewed, 0 rule changes
report: 2026-07-14 pnl=-65.20
export: docs/data.json written
=== 2026-07-14 03:53:37
monitor: 14 new trades, 0 paper copies (rules v20)
pnl: 7 open updated, total -64.08 (blind bench 1111.95)
review: 18 decisions reviewed, 0 rule changes
report: 2026-07-14 pnl=-64.08
export: docs/data.json written
=== 2026-07-14 04:08:47
monitor: 8 new trades, 0 paper copies (rules v20)
pnl: 7 open updated, total -64.01 (blind bench 1122.08)
review: 256 decisions reviewed, 0 rule changes
report: 2026-07-14 pnl=-64.01
export: docs/data.json written
=== 2026-07-14 04:27:30
monitor: 7 new trades, 0 paper copies (rules v20)
pnl: 7 open updated, total -64.87 (blind bench 1158.41)
review: 10 decisions reviewed, 0 rule changes
report: 2026-07-14 pnl=-64.87
export: docs/data.json written
=== 2026-07-14 04:42:41
monitor: 1 new trades, 0 paper copies (rules v20)
pnl: 7 open updated, total -64.87 (blind bench 1136.21)
review: 9 decisions reviewed, 0 rule changes
report: 2026-07-14 pnl=-64.87
export: docs/data.json written
=== 2026-07-14 04:57:59
monitor: 2 new trades, 0 paper copies (rules v20)
pnl: 7 open updated, total -64.87 (blind bench 1136.21)
review: 14 decisions reviewed, 0 rule changes
report: 2026-07-14 pnl=-64.87
export: docs/data.json written
=== 2026-07-14 05:13:16
monitor: 6 new trades, 0 paper copies (rules v20)
pnl: 7 open updated, total -64.87 (blind bench 1136.21)
review: 8 decisions reviewed, 0 rule changes
report: 2026-07-14 pnl=-64.87
export: docs/data.json written
=== 2026-07-14 05:28:30
monitor: 2 new trades, 0 paper copies (rules v20)
pnl: 7 open updated, total -64.87 (blind bench 1144.48)
review: 7 decisions reviewed, 0 rule changes
report: 2026-07-14 pnl=-64.87
export: docs/data.json written
=== 2026-07-14 05:43:45
monitor: 1 new trades, 0 paper copies (rules v20)
pnl: 7 open updated, total -64.72 (blind bench 1134.58)
review: 1 decisions reviewed, 0 rule changes
report: 2026-07-14 pnl=-64.72
export: docs/data.json written
=== 2026-07-14 05:58:56
monitor: 5 new trades, 0 paper copies (rules v20)
pnl: 7 open updated, total -64.72 (blind bench 1134.58)
review: 2 decisions reviewed, 0 rule changes
report: 2026-07-14 pnl=-64.72
export: docs/data.json written
=== 2026-07-14 06:20:21
monitor: 2 new trades, 0 paper copies (rules v20)
pnl: 7 open updated, total -64.72 (blind bench 1134.34)
review: 6 decisions reviewed, 0 rule changes
report: 2026-07-14 pnl=-64.72
export: docs/data.json written
=== 2026-07-14 06:35:28
monitor: 3 new trades, 0 paper copies (rules v20)
pnl: 7 open updated, total -64.16 (blind bench 1140.26)
review: 2 decisions reviewed, 0 rule changes
report: 2026-07-14 pnl=-64.16
export: docs/data.json written
=== 2026-07-14 06:50:34
monitor: 12 new trades, 0 paper copies (rules v20)
pnl: 7 open updated, total -64.16 (blind bench 1140.26)
review: 1 decisions reviewed, 0 rule changes
report: 2026-07-14 pnl=-64.16
export: docs/data.json written
=== 2026-07-14 07:05:48
monitor: 16 new trades, 0 paper copies (rules v20)
pnl: 7 open updated, total -64.16 (blind bench 1140.26)
review: 5 decisions reviewed, 0 rule changes
report: 2026-07-14 pnl=-64.16
export: docs/data.json written
=== 2026-07-14 07:21:01
monitor: 3 new trades, 0 paper copies (rules v20)
pnl: 7 open updated, total -64.02 (blind bench 1140.78)
review: 2 decisions reviewed, 0 rule changes
report: 2026-07-14 pnl=-64.02
export: docs/data.json written
=== 2026-07-14 07:36:10
monitor: 7 new trades, 0 paper copies (rules v20)
pnl: 7 open updated, total -63.38 (blind bench 1146.85)
review: 3 decisions reviewed, 0 rule changes
report: 2026-07-14 pnl=-63.38
export: docs/data.json written
=== 2026-07-14 07:51:17
monitor: 3 new trades, 0 paper copies (rules v20)
pnl: 7 open updated, total -63.30 (blind bench 1147.40)
review: 12 decisions reviewed, 0 rule changes
report: 2026-07-14 pnl=-63.30
export: docs/data.json written
=== 2026-07-14 08:06:30
monitor: 16 new trades, 0 paper copies (rules v20)
pnl: 7 open updated, total -63.86 (blind bench 1143.68)
review: 16 decisions reviewed, 0 rule changes
report: 2026-07-14 pnl=-63.86
export: docs/data.json written
=== 2026-07-14 08:21:43
monitor: 3 new trades, 0 paper copies (rules v20)
pnl: 7 open updated, total -63.65 (blind bench 1144.92)
review: 3 decisions reviewed, 0 rule changes
report: 2026-07-14 pnl=-63.65
export: docs/data.json written
=== 2026-07-14 08:36:52
monitor: 7 new trades, 0 paper copies (rules v20)
pnl: 7 open updated, total -63.65 (blind bench 1144.92)
review: 7 decisions reviewed, 0 rule changes
report: 2026-07-14 pnl=-63.65
export: docs/data.json written
=== 2026-07-14 08:52:01
monitor: 28 new trades, 0 paper copies (rules v20)
pnl: 7 open updated, total -63.65 (blind bench 1144.39)
review: 3 decisions reviewed, 0 rule changes
report: 2026-07-14 pnl=-63.65
export: docs/data.json written
=== 2026-07-14 09:07:36
scan: 500 wallets, 50 profiled, 15 tracked
monitor: 113 new trades, 0 paper copies (rules v20)
pnl: 7 open updated, total -63.65 (blind bench 1154.13)
review: rules v20 -> v21: min_copy_score
review: 16 decisions reviewed, 1 rule changes
report: 2026-07-14 pnl=-63.65
export: docs/data.json written
=== 2026-07-14 09:24:29
monitor: 21 new trades, 0 paper copies (rules v21)
pnl: 7 open updated, total -63.48 (blind bench 1153.27)
review: 3 decisions reviewed, 0 rule changes
report: 2026-07-14 pnl=-63.48
export: docs/data.json written
=== 2026-07-14 09:39:38
monitor: 25 new trades, 0 paper copies (rules v21)
pnl: 7 open updated, total -63.40 (blind bench 1153.68)
review: 7 decisions reviewed, 0 rule changes
report: 2026-07-14 pnl=-63.40
export: docs/data.json written
=== 2026-07-14 09:54:48
monitor: 23 new trades, 0 paper copies (rules v21)
pnl: 7 open updated, total -62.84 (blind bench 1155.29)
review: 28 decisions reviewed, 0 rule changes
report: 2026-07-14 pnl=-62.84
export: docs/data.json written
=== 2026-07-14 10:10:26
monitor: 19 new trades, 0 paper copies (rules v21)
pnl: 7 open updated, total -62.28 (blind bench 1158.33)
review: 113 decisions reviewed, 0 rule changes
report: 2026-07-14 pnl=-62.28
export: docs/data.json written
=== 2026-07-14 10:27:01
monitor: 17 new trades, 0 paper copies (rules v21)
pnl: 7 open updated, total -62.35 (blind bench 1112.68)
review: 21 decisions reviewed, 0 rule changes
report: 2026-07-14 pnl=-62.35
export: docs/data.json written
=== 2026-07-14 10:42:12
monitor: 16 new trades, 0 paper copies (rules v21)
pnl: 7 open updated, total -62.28 (blind bench 1125.76)
review: 25 decisions reviewed, 0 rule changes
report: 2026-07-14 pnl=-62.28
export: docs/data.json written
=== 2026-07-14 10:57:22
monitor: 17 new trades, 0 paper copies (rules v21)
pnl: 7 open updated, total -62.21 (blind bench 1014.53)
review: 23 decisions reviewed, 0 rule changes
report: 2026-07-14 pnl=-62.21
export: docs/data.json written
=== 2026-07-14 11:12:34
monitor: 22 new trades, 0 paper copies (rules v21)
pnl: 7 open updated, total -62.21 (blind bench 925.11)
review: 19 decisions reviewed, 0 rule changes
report: 2026-07-14 pnl=-62.21
export: docs/data.json written
=== 2026-07-14 11:27:48
monitor: 22 new trades, 0 paper copies (rules v21)
pnl: 7 open updated, total -62.61 (blind bench 884.41)
review: 17 decisions reviewed, 0 rule changes
report: 2026-07-14 pnl=-62.61
export: docs/data.json written
=== 2026-07-14 11:43:07
monitor: 29 new trades, 0 paper copies (rules v21)
pnl: 7 open updated, total -63.17 (blind bench 804.47)
review: 16 decisions reviewed, 0 rule changes
report: 2026-07-14 pnl=-63.17
export: docs/data.json written
=== 2026-07-14 11:58:25
monitor: 25 new trades, 0 paper copies (rules v21)
pnl: 7 open updated, total -64.36 (blind bench 766.17)
review: 17 decisions reviewed, 0 rule changes
report: 2026-07-14 pnl=-64.36
export: docs/data.json written
=== 2026-07-14 12:13:39
monitor: 25 new trades, 0 paper copies (rules v21)
pnl: 7 open updated, total -64.92 (blind bench 729.70)
review: 22 decisions reviewed, 0 rule changes
report: 2026-07-14 pnl=-64.92
export: docs/data.json written
=== 2026-07-14 12:28:58
monitor: 31 new trades, 0 paper copies (rules v21)
pnl: 7 open updated, total -66.53 (blind bench 809.71)
review: 22 decisions reviewed, 0 rule changes
report: 2026-07-14 pnl=-66.53
export: docs/data.json written
=== 2026-07-14 12:44:12
monitor: 34 new trades, 0 paper copies (rules v21)
pnl: 7 open updated, total -79.16 (blind bench 717.16)
review: 29 decisions reviewed, 0 rule changes
report: 2026-07-14 pnl=-79.16
export: docs/data.json written
=== 2026-07-14 12:59:29
monitor: 26 new trades, 0 paper copies (rules v21)
pnl: 7 open updated, total -79.64 (blind bench 646.84)
review: 25 decisions reviewed, 0 rule changes
report: 2026-07-14 pnl=-79.64
export: docs/data.json written
=== 2026-07-14 13:14:44
monitor: 37 new trades, 0 paper copies (rules v21)
pnl: 7 open updated, total -79.32 (blind bench 523.06)
review: 25 decisions reviewed, 0 rule changes
report: 2026-07-14 pnl=-79.32
export: docs/data.json written
=== 2026-07-14 13:30:01
monitor: 32 new trades, 0 paper copies (rules v21)
pnl: 7 open updated, total -79.16 (blind bench 644.78)
review: 31 decisions reviewed, 0 rule changes
report: 2026-07-14 pnl=-79.16
export: docs/data.json written
=== 2026-07-14 13:45:16
monitor: 31 new trades, 0 paper copies (rules v21)
pnl: 7 open updated, total -79.16 (blind bench 616.81)
review: 34 decisions reviewed, 0 rule changes
report: 2026-07-14 pnl=-79.16
export: docs/data.json written
=== 2026-07-14 14:00:35
monitor: 22 new trades, 0 paper copies (rules v21)
pnl: 7 open updated, total -79.16 (blind bench 628.03)
review: 26 decisions reviewed, 0 rule changes
report: 2026-07-14 pnl=-79.16
export: docs/data.json written
=== 2026-07-14 14:15:51
monitor: 35 new trades, 0 paper copies (rules v21)
pnl: 7 open updated, total -79.16 (blind bench 689.75)
review: 37 decisions reviewed, 0 rule changes
report: 2026-07-14 pnl=-79.16
export: docs/data.json written
=== 2026-07-14 14:31:08
monitor: 28 new trades, 0 paper copies (rules v21)
pnl: 7 open updated, total -78.60 (blind bench 591.11)
review: 32 decisions reviewed, 0 rule changes
report: 2026-07-14 pnl=-78.60
export: docs/data.json written
=== 2026-07-14 14:46:34
monitor: 13 new trades, 0 paper copies (rules v21)
pnl: 7 open updated, total -79.16 (blind bench 576.77)
review: 31 decisions reviewed, 0 rule changes
report: 2026-07-14 pnl=-79.16
export: docs/data.json written
=== 2026-07-14 15:01:56
monitor: 16 new trades, 0 paper copies (rules v21)
pnl: 7 open updated, total -79.16 (blind bench 509.83)
review: 22 decisions reviewed, 0 rule changes
report: 2026-07-14 pnl=-79.16
export: docs/data.json written
=== 2026-07-14 15:17:11
scan: 500 wallets, 50 profiled, 15 tracked
monitor: 130 new trades, 0 paper copies (rules v21)
pnl: 7 open updated, total -79.16 (blind bench 447.39)
review: 35 decisions reviewed, 0 rule changes
report: 2026-07-14 pnl=-79.16
export: docs/data.json written
=== 2026-07-14 15:33:24
monitor: 12 new trades, 0 paper copies (rules v21)
pnl: 7 open updated, total -79.03 (blind bench 344.47)
review: 28 decisions reviewed, 0 rule changes
report: 2026-07-14 pnl=-79.03
export: docs/data.json written
=== 2026-07-14 15:48:39
monitor: 6 new trades, 0 paper copies (rules v21)
pnl: 7 open updated, total -79.01 (blind bench 360.51)
review: 13 decisions reviewed, 0 rule changes
report: 2026-07-14 pnl=-79.01
export: docs/data.json written
=== 2026-07-14 16:03:48
monitor: 8 new trades, 0 paper copies (rules v21)
pnl: 7 open updated, total -76.77 (blind bench 418.74)
review: 16 decisions reviewed, 0 rule changes
report: 2026-07-14 pnl=-76.77
export: docs/data.json written
=== 2026-07-14 16:19:04
monitor: 17 new trades, 0 paper copies (rules v21)
pnl: 7 open updated, total -76.85 (blind bench 441.96)
review: 130 decisions reviewed, 0 rule changes
report: 2026-07-14 pnl=-76.85
export: docs/data.json written
=== 2026-07-14 16:35:30
monitor: 20 new trades, 0 paper copies (rules v21)
pnl: 7 open updated, total -76.91 (blind bench 396.37)
review: 12 decisions reviewed, 0 rule changes
report: 2026-07-14 pnl=-76.91
export: docs/data.json written
=== 2026-07-14 16:50:41
monitor: 11 new trades, 0 paper copies (rules v21)
pnl: 7 open updated, total -77.12 (blind bench 459.42)
review: 6 decisions reviewed, 0 rule changes
report: 2026-07-14 pnl=-77.12
export: docs/data.json written
=== 2026-07-14 17:05:50
monitor: 17 new trades, 0 paper copies (rules v21)
pnl: 7 open updated, total -77.28 (blind bench 455.79)
review: 8 decisions reviewed, 0 rule changes
report: 2026-07-14 pnl=-77.28
export: docs/data.json written
=== 2026-07-14 17:21:04
monitor: 12 new trades, 0 paper copies (rules v21)
pnl: 7 open updated, total -77.72 (blind bench 449.30)
review: 17 decisions reviewed, 0 rule changes
report: 2026-07-14 pnl=-77.72
export: docs/data.json written
=== 2026-07-14 17:36:16
monitor: 13 new trades, 0 paper copies (rules v21)
pnl: 7 open updated, total -77.72 (blind bench 467.21)
review: 20 decisions reviewed, 0 rule changes
report: 2026-07-14 pnl=-77.72
export: docs/data.json written
=== 2026-07-14 17:51:28
monitor: 4 new trades, 0 paper copies (rules v21)
pnl: 7 open updated, total -77.80 (blind bench 450.15)
review: 11 decisions reviewed, 0 rule changes
report: 2026-07-14 pnl=-77.80
export: docs/data.json written
=== 2026-07-14 18:06:40
monitor: 27 new trades, 0 paper copies (rules v21)
pnl: 7 open updated, total -77.80 (blind bench 451.33)
review: 17 decisions reviewed, 0 rule changes
report: 2026-07-14 pnl=-77.80
export: docs/data.json written
=== 2026-07-14 18:21:54
monitor: 12 new trades, 0 paper copies (rules v21)
pnl: 7 open updated, total -77.80 (blind bench 400.47)
review: 12 decisions reviewed, 0 rule changes
report: 2026-07-14 pnl=-77.80
export: docs/data.json written
=== 2026-07-14 18:37:10
monitor: 14 new trades, 0 paper copies (rules v21)
pnl: 7 open updated, total -78.13 (blind bench 391.68)
review: 13 decisions reviewed, 0 rule changes
report: 2026-07-14 pnl=-78.13
export: docs/data.json written
=== 2026-07-14 18:52:23
monitor: 15 new trades, 0 paper copies (rules v21)
pnl: 7 open updated, total -77.67 (blind bench 345.39)
review: 4 decisions reviewed, 0 rule changes
report: 2026-07-14 pnl=-77.67
export: docs/data.json written
=== 2026-07-14 19:07:35
monitor: 12 new trades, 0 paper copies (rules v21)
pnl: 7 open updated, total -76.20 (blind bench 348.60)
review: 27 decisions reviewed, 0 rule changes
report: 2026-07-14 pnl=-76.20
export: docs/data.json written
=== 2026-07-14 19:22:48
monitor: 10 new trades, 0 paper copies (rules v21)
pnl: 7 open updated, total -87.75 (blind bench 392.66)
review: 12 decisions reviewed, 0 rule changes
report: 2026-07-14 pnl=-87.75
export: docs/data.json written
=== 2026-07-14 19:38:03
monitor: 9 new trades, 0 paper copies (rules v21)
pnl: 7 open updated, total -83.33 (blind bench 401.51)
review: 14 decisions reviewed, 0 rule changes
report: 2026-07-14 pnl=-83.33
export: docs/data.json written
=== 2026-07-14 19:53:19
monitor: 7 new trades, 0 paper copies (rules v21)
pnl: 7 open updated, total -75.28 (blind bench 363.46)
review: 15 decisions reviewed, 0 rule changes
report: 2026-07-14 pnl=-75.28
export: docs/data.json written
=== 2026-07-14 20:08:36
monitor: 3 new trades, 0 paper copies (rules v21)
pnl: 7 open updated, total -75.55 (blind bench 336.86)
review: 12 decisions reviewed, 0 rule changes
report: 2026-07-14 pnl=-75.55
export: docs/data.json written
=== 2026-07-14 20:23:46
monitor: 2 new trades, 0 paper copies (rules v21)
pnl: 7 open updated, total -82.65 (blind bench 416.27)
review: 10 decisions reviewed, 0 rule changes
report: 2026-07-14 pnl=-82.65
export: docs/data.json written
=== 2026-07-14 20:39:02
monitor: 7 new trades, 0 paper copies (rules v21)
pnl: 6 open updated, total -75.88 (blind bench 427.69)
review: 9 decisions reviewed, 0 rule changes
report: 2026-07-14 pnl=-75.88
export: docs/data.json written
=== 2026-07-14 20:54:13
monitor: 6 new trades, 0 paper copies (rules v21)
pnl: 6 open updated, total -52.80 (blind bench 463.97)
review: 7 decisions reviewed, 0 rule changes
report: 2026-07-14 pnl=-52.80
export: docs/data.json written
=== 2026-07-14 21:09:22
monitor: 3 new trades, 0 paper copies (rules v21)
pnl: 6 open updated, total -36.51 (blind bench 540.22)
review: 3 decisions reviewed, 0 rule changes
report: 2026-07-14 pnl=-36.51
export: docs/data.json written
=== 2026-07-14 21:24:30
scan: 500 wallets, 50 profiled, 15 tracked
monitor: 92 new trades, 1 paper copies (rules v21)
pnl: 5 open updated, total -37.29 (blind bench 854.12)
review: 2 decisions reviewed, 0 rule changes
report: 2026-07-14 pnl=-37.29
export: docs/data.json written
=== 2026-07-14 21:41:19
monitor: 2 new trades, 1 paper copies (rules v21)
pnl: 6 open updated, total -36.56 (blind bench 872.44)
review: 7 decisions reviewed, 0 rule changes
report: 2026-07-14 pnl=-36.56
export: docs/data.json written
=== 2026-07-14 21:56:34
monitor: 3 new trades, 1 paper copies (rules v21)
pnl: 7 open updated, total -36.63 (blind bench 866.36)
review: 6 decisions reviewed, 0 rule changes
report: 2026-07-14 pnl=-36.63
export: docs/data.json written
=== 2026-07-14 22:11:43
monitor: 0 new trades, 0 paper copies (rules v21)
pnl: 7 open updated, total -36.78 (blind bench 916.83)
review: 3 decisions reviewed, 0 rule changes
report: 2026-07-14 pnl=-36.78
export: docs/data.json written
=== 2026-07-14 22:26:42
monitor: 0 new trades, 0 paper copies (rules v21)
pnl: 7 open updated, total -36.71 (blind bench 916.89)
review: 92 decisions reviewed, 0 rule changes
report: 2026-07-14 pnl=-36.71
export: docs/data.json written
=== 2026-07-14 22:43:46
monitor: 0 new trades, 0 paper copies (rules v21)
pnl: 7 open updated, total -36.64 (blind bench 916.95)
review: 2 decisions reviewed, 0 rule changes
report: 2026-07-14 pnl=-36.64
export: docs/data.json written
=== 2026-07-14 22:58:52
monitor: 1 new trades, 1 paper copies (rules v21)
pnl: 8 open updated, total -36.41 (blind bench 917.07)
review: 3 decisions reviewed, 0 rule changes
report: 2026-07-14 pnl=-36.41
export: docs/data.json written
=== 2026-07-14 23:13:59
monitor: 1 new trades, 0 paper copies (rules v21)
pnl: 8 open updated, total -36.41 (blind bench 917.07)
review: 0 decisions reviewed, 0 rule changes
report: 2026-07-14 pnl=-36.41
export: docs/data.json written
=== 2026-07-14 23:29:05
monitor: 1 new trades, 0 paper copies (rules v21)
pnl: 8 open updated, total -36.41 (blind bench 917.07)
review: 0 decisions reviewed, 0 rule changes
report: 2026-07-14 pnl=-36.41
export: docs/data.json written
=== 2026-07-14 23:44:11
monitor: 2 new trades, 0 paper copies (rules v21)
pnl: 8 open updated, total -36.96 (blind bench 916.53)
review: 0 decisions reviewed, 0 rule changes
report: 2026-07-14 pnl=-36.96
export: docs/data.json written
=== 2026-07-14 23:59:18
monitor: 6 new trades, 0 paper copies (rules v21)
pnl: 8 open updated, total -36.96 (blind bench 916.53)
review: 1 decisions reviewed, 0 rule changes
report: 2026-07-14 pnl=-36.96
export: docs/data.json written
=== 2026-07-15 00:14:25
monitor: 9 new trades, 0 paper copies (rules v21)
pnl: 8 open updated, total -36.96 (blind bench 916.53)
review: 1 decisions reviewed, 0 rule changes
report: 2026-07-15 pnl=-36.96
export: docs/data.json written
=== 2026-07-15 00:29:32
monitor: 8 new trades, 0 paper copies (rules v21)
pnl: 8 open updated, total -36.67 (blind bench 916.75)
review: 1 decisions reviewed, 0 rule changes
report: 2026-07-15 pnl=-36.67
export: docs/data.json written
=== 2026-07-15 00:44:39
monitor: 10 new trades, 0 paper copies (rules v21)
pnl: 8 open updated, total -30.97 (blind bench 914.74)
review: 2 decisions reviewed, 0 rule changes
report: 2026-07-15 pnl=-30.97
export: docs/data.json written
=== 2026-07-15 00:59:46
monitor: 6 new trades, 0 paper copies (rules v21)
pnl: 8 open updated, total -31.95 (blind bench 953.41)
review: 6 decisions reviewed, 0 rule changes
report: 2026-07-15 pnl=-31.95
export: docs/data.json written
=== 2026-07-15 01:14:53
monitor: 2 new trades, 0 paper copies (rules v21)
pnl: 8 open updated, total -33.07 (blind bench 957.12)
review: 9 decisions reviewed, 0 rule changes
report: 2026-07-15 pnl=-33.07
export: docs/data.json written
=== 2026-07-15 01:30:00
monitor: 2 new trades, 0 paper copies (rules v21)
pnl: 8 open updated, total -36.86 (blind bench 934.30)
review: 8 decisions reviewed, 0 rule changes
report: 2026-07-15 pnl=-36.86
export: docs/data.json written
=== 2026-07-15 01:45:07
monitor: 8 new trades, 0 paper copies (rules v21)
pnl: 8 open updated, total -40.95 (blind bench 901.29)
review: 10 decisions reviewed, 0 rule changes
report: 2026-07-15 pnl=-40.95
export: docs/data.json written
=== 2026-07-15 02:00:17
monitor: 1 new trades, 0 paper copies (rules v21)
pnl: 8 open updated, total -43.89 (blind bench 861.31)
review: 6 decisions reviewed, 0 rule changes
report: 2026-07-15 pnl=-43.89
export: docs/data.json written
=== 2026-07-15 02:15:23
monitor: 0 new trades, 0 paper copies (rules v21)
pnl: 8 open updated, total -47.82 (blind bench 862.28)
review: 2 decisions reviewed, 0 rule changes
report: 2026-07-15 pnl=-47.83
export: docs/data.json written
=== 2026-07-15 02:30:29
monitor: 1 new trades, 0 paper copies (rules v21)
pnl: 8 open updated, total -48.81 (blind bench 862.53)
review: 2 decisions reviewed, 0 rule changes
report: 2026-07-15 pnl=-48.81
export: docs/data.json written
=== 2026-07-15 02:45:36
monitor: 0 new trades, 0 paper copies (rules v21)
pnl: 8 open updated, total -48.81 (blind bench 864.80)
review: 8 decisions reviewed, 0 rule changes
report: 2026-07-15 pnl=-48.81
export: docs/data.json written
=== 2026-07-15 03:00:42
monitor: 0 new trades, 0 paper copies (rules v21)
pnl: 8 open updated, total -50.07 (blind bench 867.67)
review: 1 decisions reviewed, 0 rule changes
report: 2026-07-15 pnl=-50.07
export: docs/data.json written
=== 2026-07-15 03:15:49
monitor: 0 new trades, 0 paper copies (rules v21)
pnl: 8 open updated, total -50.76 (blind bench 870.07)
review: 0 decisions reviewed, 0 rule changes
report: 2026-07-15 pnl=-50.76
export: docs/data.json written
=== 2026-07-15 03:30:55
scan: 500 wallets, 50 profiled, 15 tracked
monitor: 198 new trades, 0 paper copies (rules v21)
pnl: 7 open updated, total -50.69 (blind bench 864.58)
review: 1 decisions reviewed, 0 rule changes
report: 2026-07-15 pnl=-50.69
export: docs/data.json written
=== 2026-07-15 03:47:50
monitor: 48 new trades, 0 paper copies (rules v21)
pnl: 7 open updated, total -50.69 (blind bench 864.58)
review: 0 decisions reviewed, 0 rule changes
report: 2026-07-15 pnl=-50.69
export: docs/data.json written
=== 2026-07-15 04:03:07
monitor: 48 new trades, 0 paper copies (rules v21)
pnl: 7 open updated, total -50.69 (blind bench 864.58)
review: 0 decisions reviewed, 0 rule changes
report: 2026-07-15 pnl=-50.69
export: docs/data.json written
=== 2026-07-15 04:18:27
monitor: 46 new trades, 0 paper copies (rules v21)
pnl: 7 open updated, total -50.76 (blind bench 864.52)
review: 0 decisions reviewed, 0 rule changes
report: 2026-07-15 pnl=-50.76
export: docs/data.json written
=== 2026-07-15 04:33:48
monitor: 43 new trades, 0 paper copies (rules v21)
pnl: 7 open updated, total -50.61 (blind bench 864.71)
review: 198 decisions reviewed, 0 rule changes
report: 2026-07-15 pnl=-50.61
export: docs/data.json written
=== 2026-07-15 04:51:06
monitor: 48 new trades, 0 paper copies (rules v21)
pnl: 7 open updated, total -50.39 (blind bench 837.94)
review: 48 decisions reviewed, 0 rule changes
report: 2026-07-15 pnl=-50.39
export: docs/data.json written
=== 2026-07-15 05:06:40
monitor: 46 new trades, 0 paper copies (rules v21)
pnl: 7 open updated, total -50.39 (blind bench 821.82)
review: 48 decisions reviewed, 0 rule changes
report: 2026-07-15 pnl=-50.39
export: docs/data.json written
=== 2026-07-15 05:22:20
monitor: 48 new trades, 0 paper copies (rules v21)
pnl: 7 open updated, total -50.46 (blind bench 826.42)
review: 46 decisions reviewed, 0 rule changes
report: 2026-07-15 pnl=-50.46
export: docs/data.json written
=== 2026-07-15 05:38:04
monitor: 48 new trades, 0 paper copies (rules v21)
pnl: 7 open updated, total -50.39 (blind bench 831.17)
review: 43 decisions reviewed, 0 rule changes
report: 2026-07-15 pnl=-50.39
export: docs/data.json written
=== 2026-07-15 05:53:50
monitor: 40 new trades, 0 paper copies (rules v21)
pnl: 7 open updated, total -50.30 (blind bench 863.26)
review: 48 decisions reviewed, 0 rule changes
report: 2026-07-15 pnl=-50.30
export: docs/data.json written
=== 2026-07-15 06:09:49
monitor: 66 new trades, 0 paper copies (rules v21)
pnl: 7 open updated, total -50.23 (blind bench 862.56)
review: 46 decisions reviewed, 0 rule changes
report: 2026-07-15 pnl=-50.23
export: docs/data.json written
=== 2026-07-15 06:25:36
monitor: 69 new trades, 0 paper copies (rules v21)
pnl: 7 open updated, total -50.30 (blind bench 867.91)
review: 48 decisions reviewed, 0 rule changes
report: 2026-07-15 pnl=-50.30
export: docs/data.json written
=== 2026-07-15 06:41:32
monitor: 51 new trades, 0 paper copies (rules v21)
pnl: 7 open updated, total -50.45 (blind bench 867.05)
review: 48 decisions reviewed, 0 rule changes
report: 2026-07-15 pnl=-50.45
export: docs/data.json written
=== 2026-07-15 06:57:29
monitor: 70 new trades, 0 paper copies (rules v21)
pnl: 7 open updated, total -50.45 (blind bench 869.04)
review: 40 decisions reviewed, 0 rule changes
report: 2026-07-15 pnl=-50.45
export: docs/data.json written
=== 2026-07-15 07:13:24
monitor: 59 new trades, 0 paper copies (rules v21)
pnl: 7 open updated, total -50.60 (blind bench 867.50)
review: 66 decisions reviewed, 0 rule changes
report: 2026-07-15 pnl=-50.60
export: docs/data.json written
=== 2026-07-15 07:29:18
monitor: 65 new trades, 0 paper copies (rules v21)
pnl: 7 open updated, total -50.60 (blind bench 886.43)
review: 69 decisions reviewed, 0 rule changes
report: 2026-07-15 pnl=-50.60
export: docs/data.json written
=== 2026-07-15 07:45:14
monitor: 66 new trades, 0 paper copies (rules v21)
pnl: 7 open updated, total -50.53 (blind bench 906.71)
review: 51 decisions reviewed, 0 rule changes
report: 2026-07-15 pnl=-50.53
export: docs/data.json written
=== 2026-07-15 08:01:07
monitor: 54 new trades, 0 paper copies (rules v21)
pnl: 7 open updated, total -50.53 (blind bench 901.96)
review: 70 decisions reviewed, 0 rule changes
report: 2026-07-15 pnl=-50.53
export: docs/data.json written
=== 2026-07-15 08:16:54
monitor: 55 new trades, 0 paper copies (rules v21)
pnl: 7 open updated, total -50.53 (blind bench 879.80)
review: 59 decisions reviewed, 0 rule changes
report: 2026-07-15 pnl=-50.53
export: docs/data.json written
=== 2026-07-15 08:32:41
monitor: 58 new trades, 0 paper copies (rules v21)
pnl: 7 open updated, total -50.53 (blind bench 910.79)
review: 65 decisions reviewed, 0 rule changes
report: 2026-07-15 pnl=-50.53
export: docs/data.json written
=== 2026-07-15 08:48:30
monitor: 42 new trades, 0 paper copies (rules v21)
pnl: 7 open updated, total -50.53 (blind bench 913.53)
review: 66 decisions reviewed, 0 rule changes
report: 2026-07-15 pnl=-50.53
export: docs/data.json written
=== 2026-07-15 09:04:09
monitor: 54 new trades, 0 paper copies (rules v21)
pnl: 7 open updated, total -50.46 (blind bench 914.35)
review: 54 decisions reviewed, 0 rule changes
report: 2026-07-15 pnl=-50.46
export: docs/data.json written
=== 2026-07-15 09:20:03
monitor: 67 new trades, 0 paper copies (rules v21)
pnl: 7 open updated, total -50.16 (blind bench 920.31)
review: 55 decisions reviewed, 0 rule changes
report: 2026-07-15 pnl=-50.16
export: docs/data.json written
=== 2026-07-15 09:35:50
scan: 500 wallets, 50 profiled, 15 tracked
monitor: 109 new trades, 0 paper copies (rules v21)
pnl: 7 open updated, total -49.56 (blind bench 928.65)
review: 58 decisions reviewed, 0 rule changes
report: 2026-07-15 pnl=-49.56
export: docs/data.json written
=== 2026-07-15 09:53:02
monitor: 5 new trades, 0 paper copies (rules v21)
pnl: 7 open updated, total -52.26 (blind bench 913.14)
review: 42 decisions reviewed, 0 rule changes
report: 2026-07-15 pnl=-52.26
export: docs/data.json written
=== 2026-07-15 10:08:34
monitor: 2 new trades, 0 paper copies (rules v21)
pnl: 7 open updated, total -48.25 (blind bench 910.37)
review: 54 decisions reviewed, 0 rule changes
report: 2026-07-15 pnl=-48.25
export: docs/data.json written
=== 2026-07-15 10:24:07
monitor: 0 new trades, 0 paper copies (rules v21)
pnl: 7 open updated, total -63.64 (blind bench 868.41)
review: 67 decisions reviewed, 0 rule changes
report: 2026-07-15 pnl=-63.64
export: docs/data.json written
=== 2026-07-15 10:39:38
monitor: 0 new trades, 0 paper copies (rules v21)
pnl: 7 open updated, total -68.82 (blind bench 845.70)
review: 109 decisions reviewed, 0 rule changes
report: 2026-07-15 pnl=-68.82
export: docs/data.json written
=== 2026-07-15 10:55:51
monitor: 0 new trades, 0 paper copies (rules v21)
pnl: 6 open updated, total -68.89 (blind bench 846.89)
review: 5 decisions reviewed, 0 rule changes
report: 2026-07-15 pnl=-68.89
export: docs/data.json written
=== 2026-07-15 11:11:01
monitor: 1 new trades, 0 paper copies (rules v21)
pnl: 6 open updated, total -68.82 (blind bench 843.15)
review: 2 decisions reviewed, 0 rule changes
report: 2026-07-15 pnl=-68.82
export: docs/data.json written
=== 2026-07-15 11:26:08
monitor: 0 new trades, 0 paper copies (rules v21)
pnl: 6 open updated, total -68.82 (blind bench 841.71)
review: 0 decisions reviewed, 0 rule changes
report: 2026-07-15 pnl=-68.82
export: docs/data.json written
=== 2026-07-15 11:41:15
monitor: 2 new trades, 0 paper copies (rules v21)
pnl: 6 open updated, total -68.82 (blind bench 841.71)
review: 0 decisions reviewed, 0 rule changes
report: 2026-07-15 pnl=-68.82
export: docs/data.json written
=== 2026-07-15 11:56:23
monitor: 1 new trades, 0 paper copies (rules v21)
pnl: 6 open updated, total -68.82 (blind bench 841.71)
review: 0 decisions reviewed, 0 rule changes
report: 2026-07-15 pnl=-68.82
export: docs/data.json written
=== 2026-07-15 12:11:30
monitor: 3 new trades, 0 paper copies (rules v21)
pnl: 6 open updated, total -68.82 (blind bench 841.71)
review: 1 decisions reviewed, 0 rule changes
report: 2026-07-15 pnl=-68.82
export: docs/data.json written
=== 2026-07-15 12:26:37
monitor: 5 new trades, 0 paper copies (rules v21)
pnl: 6 open updated, total -68.82 (blind bench 841.71)
review: 0 decisions reviewed, 0 rule changes
report: 2026-07-15 pnl=-68.82
export: docs/data.json written
=== 2026-07-15 12:41:45
monitor: 0 new trades, 0 paper copies (rules v21)
pnl: 6 open updated, total -69.94 (blind bench 794.10)
review: 2 decisions reviewed, 0 rule changes
report: 2026-07-15 pnl=-69.94
export: docs/data.json written
=== 2026-07-15 12:56:53
monitor: 0 new trades, 0 paper copies (rules v21)
pnl: 6 open updated, total -70.04 (blind bench 809.11)
review: 1 decisions reviewed, 0 rule changes
report: 2026-07-15 pnl=-70.04
export: docs/data.json written
=== 2026-07-15 13:12:00
monitor: 0 new trades, 0 paper copies (rules v21)
pnl: 6 open updated, total -69.75 (blind bench 810.29)
review: 3 decisions reviewed, 0 rule changes
report: 2026-07-15 pnl=-69.75
export: docs/data.json written
=== 2026-07-15 13:27:08
monitor: 3 new trades, 0 paper copies (rules v21)
pnl: 6 open updated, total -69.75 (blind bench 810.57)
review: 5 decisions reviewed, 0 rule changes
report: 2026-07-15 pnl=-69.75
export: docs/data.json written
=== 2026-07-15 13:42:16
monitor: 2 new trades, 0 paper copies (rules v21)
pnl: 6 open updated, total -69.47 (blind bench 822.51)
review: 0 decisions reviewed, 0 rule changes
report: 2026-07-15 pnl=-69.47
export: docs/data.json written
=== 2026-07-15 13:57:24
monitor: 4 new trades, 0 paper copies (rules v21)
pnl: 6 open updated, total -69.47 (blind bench 822.51)
review: 0 decisions reviewed, 0 rule changes
report: 2026-07-15 pnl=-69.47
export: docs/data.json written
=== 2026-07-15 14:12:32
monitor: 11 new trades, 0 paper copies (rules v21)
pnl: 6 open updated, total -69.36 (blind bench 827.27)
review: 0 decisions reviewed, 0 rule changes
report: 2026-07-15 pnl=-69.36
export: docs/data.json written
=== 2026-07-15 14:27:41
monitor: 11 new trades, 0 paper copies (rules v21)
pnl: 6 open updated, total -69.36 (blind bench 827.27)
review: 3 decisions reviewed, 0 rule changes
report: 2026-07-15 pnl=-69.36
export: docs/data.json written
=== 2026-07-15 14:42:50
monitor: 4 new trades, 0 paper copies (rules v21)
pnl: 6 open updated, total -69.47 (blind bench 792.55)
review: 2 decisions reviewed, 0 rule changes
report: 2026-07-15 pnl=-69.47
export: docs/data.json written
=== 2026-07-15 14:57:59
monitor: 1 new trades, 0 paper copies (rules v21)
pnl: 6 open updated, total -69.40 (blind bench 791.86)
review: 4 decisions reviewed, 0 rule changes
report: 2026-07-15 pnl=-69.40
export: docs/data.json written
=== 2026-07-15 15:13:06
monitor: 1 new trades, 0 paper copies (rules v21)
pnl: 6 open updated, total -69.58 (blind bench 773.37)
review: 11 decisions reviewed, 0 rule changes
report: 2026-07-15 pnl=-69.58
export: docs/data.json written
=== 2026-07-15 15:28:15
monitor: 2 new trades, 0 paper copies (rules v21)
pnl: 6 open updated, total -69.58 (blind bench 737.33)
review: 11 decisions reviewed, 0 rule changes
report: 2026-07-15 pnl=-69.58
export: docs/data.json written
=== 2026-07-15 15:43:23
scan: 500 wallets, 50 profiled, 15 tracked
monitor: 142 new trades, 0 paper copies (rules v21)
pnl: 6 open updated, total -69.64 (blind bench 706.97)
review: 4 decisions reviewed, 0 rule changes
report: 2026-07-15 pnl=-69.64
export: docs/data.json written
=== 2026-07-15 16:00:17
monitor: 4 new trades, 0 paper copies (rules v21)
pnl: 6 open updated, total -69.51 (blind bench 709.64)
review: 1 decisions reviewed, 0 rule changes
report: 2026-07-15 pnl=-69.51
export: docs/data.json written
=== 2026-07-15 16:15:25
monitor: 13 new trades, 0 paper copies (rules v21)
pnl: 6 open updated, total -69.58 (blind bench 709.58)
review: 1 decisions reviewed, 0 rule changes
report: 2026-07-15 pnl=-69.58
export: docs/data.json written
=== 2026-07-15 16:30:35
monitor: 2 new trades, 0 paper copies (rules v21)
pnl: 6 open updated, total -69.58 (blind bench 709.59)
review: 2 decisions reviewed, 0 rule changes
report: 2026-07-15 pnl=-69.58
export: docs/data.json written
=== 2026-07-15 16:45:43
monitor: 3 new trades, 0 paper copies (rules v21)
pnl: 6 open updated, total -69.43 (blind bench 713.05)
review: 142 decisions reviewed, 0 rule changes
report: 2026-07-15 pnl=-69.43
export: docs/data.json written
=== 2026-07-15 17:02:31
monitor: 17 new trades, 0 paper copies (rules v21)
pnl: 6 open updated, total -69.54 (blind bench 661.96)
review: 4 decisions reviewed, 0 rule changes
report: 2026-07-15 pnl=-69.54
export: docs/data.json written
=== 2026-07-15 17:17:41
monitor: 5 new trades, 0 paper copies (rules v21)
pnl: 6 open updated, total -69.58 (blind bench 651.08)
review: 13 decisions reviewed, 0 rule changes
report: 2026-07-15 pnl=-69.58
export: docs/data.json written
=== 2026-07-15 17:32:51
monitor: 10 new trades, 0 paper copies (rules v21)
pnl: 6 open updated, total -69.58 (blind bench 613.84)
review: 2 decisions reviewed, 0 rule changes
report: 2026-07-15 pnl=-69.58
export: docs/data.json written
=== 2026-07-15 17:48:00
monitor: 4 new trades, 0 paper copies (rules v21)
pnl: 6 open updated, total -69.67 (blind bench 608.35)
review: 3 decisions reviewed, 0 rule changes
report: 2026-07-15 pnl=-69.67
export: docs/data.json written
=== 2026-07-15 18:03:08
monitor: 3 new trades, 0 paper copies (rules v21)
pnl: 6 open updated, total -69.99 (blind bench 582.82)
review: 17 decisions reviewed, 0 rule changes
report: 2026-07-15 pnl=-69.99
export: docs/data.json written
=== 2026-07-15 18:18:17
monitor: 7 new trades, 0 paper copies (rules v21)
pnl: 6 open updated, total -70.02 (blind bench 561.27)
review: 5 decisions reviewed, 0 rule changes
report: 2026-07-15 pnl=-70.02
export: docs/data.json written
=== 2026-07-15 18:33:25
monitor: 1 new trades, 0 paper copies (rules v21)
pnl: 6 open updated, total -69.95 (blind bench 541.91)
review: 10 decisions reviewed, 0 rule changes
report: 2026-07-15 pnl=-69.95
export: docs/data.json written
=== 2026-07-15 18:48:33
monitor: 2 new trades, 0 paper copies (rules v21)
pnl: 6 open updated, total -70.21 (blind bench 517.55)
review: 4 decisions reviewed, 0 rule changes
report: 2026-07-15 pnl=-70.21
export: docs/data.json written
=== 2026-07-15 19:03:41
monitor: 5 new trades, 0 paper copies (rules v21)
pnl: 6 open updated, total -69.06 (blind bench 522.16)
review: 3 decisions reviewed, 0 rule changes
report: 2026-07-15 pnl=-69.06
export: docs/data.json written
=== 2026-07-15 19:18:50
monitor: 7 new trades, 0 paper copies (rules v21)
pnl: 6 open updated, total -75.95 (blind bench 527.85)
review: 7 decisions reviewed, 0 rule changes
report: 2026-07-15 pnl=-75.95
export: docs/data.json written
=== 2026-07-15 19:33:59
monitor: 3 new trades, 0 paper copies (rules v21)
pnl: 6 open updated, total -86.64 (blind bench 468.43)
review: 1 decisions reviewed, 0 rule changes
report: 2026-07-15 pnl=-86.64
export: docs/data.json written
=== 2026-07-15 19:49:07
monitor: 0 new trades, 0 paper copies (rules v21)
pnl: 6 open updated, total -107.97 (blind bench 421.26)
review: 2 decisions reviewed, 0 rule changes
report: 2026-07-15 pnl=-107.97
export: docs/data.json written
=== 2026-07-15 20:04:15
monitor: 3 new trades, 0 paper copies (rules v21)
pnl: 5 open updated, total -107.56 (blind bench 404.21)
review: 5 decisions reviewed, 0 rule changes
report: 2026-07-15 pnl=-107.56
export: docs/data.json written
=== 2026-07-15 20:19:23
monitor: 0 new trades, 0 paper copies (rules v21)
pnl: 5 open updated, total -90.20 (blind bench 614.08)
review: 7 decisions reviewed, 0 rule changes
report: 2026-07-15 pnl=-90.20
export: docs/data.json written
=== 2026-07-15 20:34:31
monitor: 0 new trades, 0 paper copies (rules v21)
pnl: 5 open updated, total -95.75 (blind bench 614.36)
review: 3 decisions reviewed, 0 rule changes
report: 2026-07-15 pnl=-95.75
export: docs/data.json written
=== 2026-07-15 20:49:39
monitor: 1 new trades, 0 paper copies (rules v21)
pnl: 5 open updated, total -105.27 (blind bench 476.57)
review: 0 decisions reviewed, 0 rule changes
report: 2026-07-15 pnl=-105.27
export: docs/data.json written
=== 2026-07-15 21:04:47
monitor: 0 new trades, 0 paper copies (rules v21)
pnl: 5 open updated, total -78.00 (blind bench 454.18)
review: 3 decisions reviewed, 0 rule changes
report: 2026-07-15 pnl=-78.00
export: docs/data.json written
=== 2026-07-15 21:19:55
monitor: 0 new trades, 0 paper copies (rules v21)
pnl: 3 open updated, total -78.16 (blind bench 452.11)
review: 0 decisions reviewed, 0 rule changes
report: 2026-07-15 pnl=-78.16
export: docs/data.json written
=== 2026-07-15 21:35:02
monitor: 2 new trades, 1 paper copies (rules v21)
pnl: 4 open updated, total -77.95 (blind bench 445.34)
review: 0 decisions reviewed, 0 rule changes
report: 2026-07-15 pnl=-77.95
export: docs/data.json written
=== 2026-07-15 21:50:10
scan: 500 wallets, 50 profiled, 15 tracked
monitor: 93 new trades, 1 paper copies (rules v21)
pnl: 5 open updated, total -77.99 (blind bench 434.51)
review: 1 decisions reviewed, 0 rule changes
report: 2026-07-15 pnl=-77.99
export: docs/data.json written
=== 2026-07-15 22:07:16
monitor: 0 new trades, 0 paper copies (rules v21)
pnl: 5 open updated, total -78.14 (blind bench 434.34)
review: 0 decisions reviewed, 0 rule changes
report: 2026-07-15 pnl=-78.14
export: docs/data.json written
=== 2026-07-15 22:22:24
monitor: 1 new trades, 0 paper copies (rules v21)
pnl: 5 open updated, total -78.20 (blind bench 432.04)
review: 0 decisions reviewed, 0 rule changes
report: 2026-07-15 pnl=-78.20
export: docs/data.json written
=== 2026-07-15 22:37:31
monitor: 1 new trades, 0 paper copies (rules v21)
pnl: 5 open updated, total -78.22 (blind bench 430.74)
review: 2 decisions reviewed, 0 rule changes
report: 2026-07-15 pnl=-78.22
export: docs/data.json written
=== 2026-07-15 22:52:39
monitor: 2 new trades, 0 paper copies (rules v21)
pnl: 5 open updated, total -78.18 (blind bench 430.82)
review: 93 decisions reviewed, 0 rule changes
report: 2026-07-15 pnl=-78.18
export: docs/data.json written
=== 2026-07-15 23:09:34
monitor: 0 new trades, 0 paper copies (rules v21)
pnl: 5 open updated, total -78.20 (blind bench 432.26)
review: 0 decisions reviewed, 0 rule changes
report: 2026-07-15 pnl=-78.20
export: docs/data.json written
=== 2026-07-15 23:24:41
monitor: 3 new trades, 0 paper copies (rules v21)
pnl: 5 open updated, total -78.26 (blind bench 429.88)
review: 1 decisions reviewed, 0 rule changes
report: 2026-07-15 pnl=-78.26
export: docs/data.json written
=== 2026-07-15 23:39:50
monitor: 1 new trades, 0 paper copies (rules v21)
pnl: 5 open updated, total -78.14 (blind bench 430.15)
review: 1 decisions reviewed, 0 rule changes
report: 2026-07-15 pnl=-78.14
export: docs/data.json written
=== 2026-07-15 23:54:57
monitor: 0 new trades, 0 paper copies (rules v21)
pnl: 5 open updated, total -78.16 (blind bench 427.86)
review: 2 decisions reviewed, 0 rule changes
report: 2026-07-15 pnl=-78.16
export: docs/data.json written
=== 2026-07-16 00:10:03
monitor: 0 new trades, 0 paper copies (rules v21)
pnl: 5 open updated, total -77.97 (blind bench 435.31)
review: 0 decisions reviewed, 0 rule changes
report: 2026-07-16 pnl=-77.97
export: docs/data.json written
=== 2026-07-16 00:25:10
monitor: 0 new trades, 0 paper copies (rules v21)
pnl: 5 open updated, total -78.20 (blind bench 425.79)
review: 3 decisions reviewed, 0 rule changes
report: 2026-07-16 pnl=-78.20
export: docs/data.json written
=== 2026-07-16 00:40:17
monitor: 1 new trades, 1 paper copies (rules v21)
pnl: 6 open updated, total -78.20 (blind bench 425.79)
review: 1 decisions reviewed, 0 rule changes
report: 2026-07-16 pnl=-78.20
export: docs/data.json written
=== 2026-07-16 00:55:23
monitor: 0 new trades, 0 paper copies (rules v21)
pnl: 6 open updated, total -78.17 (blind bench 423.60)
review: 0 decisions reviewed, 0 rule changes
report: 2026-07-16 pnl=-78.17
export: docs/data.json written
=== 2026-07-16 01:10:30
monitor: 2 new trades, 1 paper copies (rules v21)
pnl: 7 open updated, total -78.16 (blind bench 423.62)
review: 0 decisions reviewed, 0 rule changes
report: 2026-07-16 pnl=-78.16
export: docs/data.json written
=== 2026-07-16 01:25:37
monitor: 1 new trades, 0 paper copies (rules v21)
pnl: 7 open updated, total -78.19 (blind bench 423.56)
review: 0 decisions reviewed, 0 rule changes
report: 2026-07-16 pnl=-78.19
export: docs/data.json written
=== 2026-07-16 01:40:44
monitor: 4 new trades, 0 paper copies (rules v21)
pnl: 7 open updated, total -78.23 (blind bench 422.34)
review: 1 decisions reviewed, 0 rule changes
report: 2026-07-16 pnl=-78.23
export: docs/data.json written
=== 2026-07-16 01:55:52
monitor: 5 new trades, 0 paper copies (rules v21)
pnl: 7 open updated, total -78.20 (blind bench 423.53)
review: 0 decisions reviewed, 0 rule changes
report: 2026-07-16 pnl=-78.20
export: docs/data.json written
=== 2026-07-16 02:11:00
monitor: 8 new trades, 0 paper copies (rules v21)
pnl: 7 open updated, total -78.19 (blind bench 422.45)
review: 2 decisions reviewed, 0 rule changes
report: 2026-07-16 pnl=-78.19
export: docs/data.json written
=== 2026-07-16 02:26:08
monitor: 0 new trades, 0 paper copies (rules v21)
pnl: 7 open updated, total -78.24 (blind bench 421.53)
review: 1 decisions reviewed, 0 rule changes
report: 2026-07-16 pnl=-78.24
export: docs/data.json written
=== 2026-07-16 02:41:16
monitor: 0 new trades, 0 paper copies (rules v21)
pnl: 7 open updated, total -78.18 (blind bench 423.93)
review: 4 decisions reviewed, 0 rule changes
report: 2026-07-16 pnl=-78.18
export: docs/data.json written
=== 2026-07-16 02:56:23
monitor: 0 new trades, 0 paper copies (rules v21)
pnl: 7 open updated, total -78.09 (blind bench 414.18)
review: 5 decisions reviewed, 0 rule changes
report: 2026-07-16 pnl=-78.09
export: docs/data.json written
=== 2026-07-16 03:11:33
monitor: 0 new trades, 0 paper copies (rules v21)
pnl: 7 open updated, total -78.07 (blind bench 416.63)
review: 8 decisions reviewed, 0 rule changes
report: 2026-07-16 pnl=-78.07
export: docs/data.json written
=== 2026-07-16 03:26:46
monitor: 1 new trades, 0 paper copies (rules v21)
pnl: 7 open updated, total -77.84 (blind bench 417.10)
review: 0 decisions reviewed, 0 rule changes
report: 2026-07-16 pnl=-77.84
export: docs/data.json written
=== 2026-07-16 03:41:53
monitor: 0 new trades, 0 paper copies (rules v21)
pnl: 7 open updated, total -77.84 (blind bench 417.10)
review: 0 decisions reviewed, 0 rule changes
report: 2026-07-16 pnl=-77.84
export: docs/data.json written
=== 2026-07-16 03:57:00
scan: 500 wallets, 50 profiled, 15 tracked
monitor: 285 new trades, 0 paper copies (rules v21)
pnl: 7 open updated, total -77.81 (blind bench 357.28)
review: 0 decisions reviewed, 0 rule changes
report: 2026-07-16 pnl=-77.81
export: docs/data.json written
=== 2026-07-16 04:15:46
monitor: 72 new trades, 0 paper copies (rules v21)
pnl: 7 open updated, total -77.84 (blind bench 352.77)
review: 0 decisions reviewed, 0 rule changes
report: 2026-07-16 pnl=-77.84
export: docs/data.json written
=== 2026-07-16 04:31:04
monitor: 74 new trades, 0 paper copies (rules v21)
pnl: 7 open updated, total -77.99 (blind bench 352.41)
review: 1 decisions reviewed, 0 rule changes
report: 2026-07-16 pnl=-77.99
export: docs/data.json written
=== 2026-07-16 04:46:24
monitor: 66 new trades, 0 paper copies (rules v21)
pnl: 7 open updated, total -78.00 (blind bench 352.42)
review: 0 decisions reviewed, 0 rule changes
report: 2026-07-16 pnl=-78.00
export: docs/data.json written
=== 2026-07-16 05:01:57
monitor: 81 new trades, 0 paper copies (rules v21)
pnl: 7 open updated, total -77.78 (blind bench 350.58)
review: 285 decisions reviewed, 0 rule changes
report: 2026-07-16 pnl=-77.78
export: docs/data.json written
=== 2026-07-16 05:20:47
monitor: 84 new trades, 0 paper copies (rules v21)
pnl: 7 open updated, total -77.58 (blind bench 349.08)
review: 72 decisions reviewed, 0 rule changes
report: 2026-07-16 pnl=-77.58
export: docs/data.json written
=== 2026-07-16 05:36:36
monitor: 95 new trades, 0 paper copies (rules v21)
pnl: 7 open updated, total -77.58 (blind bench 372.75)
review: 74 decisions reviewed, 0 rule changes
report: 2026-07-16 pnl=-77.58
export: docs/data.json written
=== 2026-07-16 05:52:19
monitor: 69 new trades, 0 paper copies (rules v21)
pnl: 7 open updated, total -77.58 (blind bench 377.49)
review: 66 decisions reviewed, 0 rule changes
report: 2026-07-16 pnl=-77.58
export: docs/data.json written
=== 2026-07-16 06:08:24
monitor: 53 new trades, 0 paper copies (rules v21)
pnl: 7 open updated, total -77.48 (blind bench 378.08)
review: 81 decisions reviewed, 0 rule changes
report: 2026-07-16 pnl=-77.48
export: docs/data.json written
=== 2026-07-16 06:24:11
monitor: 50 new trades, 0 paper copies (rules v21)
pnl: 7 open updated, total -77.37 (blind bench 388.25)
review: 84 decisions reviewed, 0 rule changes
report: 2026-07-16 pnl=-77.37
export: docs/data.json written
=== 2026-07-16 06:39:56
monitor: 67 new trades, 0 paper copies (rules v21)
pnl: 7 open updated, total -77.37 (blind bench 395.07)
review: 95 decisions reviewed, 0 rule changes
report: 2026-07-16 pnl=-77.37
export: docs/data.json written
=== 2026-07-16 06:55:42
monitor: 56 new trades, 0 paper copies (rules v21)
pnl: 7 open updated, total -77.43 (blind bench 403.06)
review: 69 decisions reviewed, 0 rule changes
report: 2026-07-16 pnl=-77.43
export: docs/data.json written
=== 2026-07-16 07:11:28
monitor: 68 new trades, 0 paper copies (rules v21)
pnl: 7 open updated, total -77.43 (blind bench 404.90)
review: 53 decisions reviewed, 0 rule changes
report: 2026-07-16 pnl=-77.43
export: docs/data.json written
=== 2026-07-16 07:27:26
monitor: 84 new trades, 0 paper copies (rules v21)
pnl: 7 open updated, total -77.43 (blind bench 405.75)
review: 50 decisions reviewed, 0 rule changes
report: 2026-07-16 pnl=-77.43
export: docs/data.json written
=== 2026-07-16 07:43:36
monitor: 59 new trades, 0 paper copies (rules v21)
pnl: 7 open updated, total -77.55 (blind bench 402.84)
review: 67 decisions reviewed, 0 rule changes
report: 2026-07-16 pnl=-77.55
export: docs/data.json written
=== 2026-07-16 07:59:25
monitor: 59 new trades, 0 paper copies (rules v21)
pnl: 7 open updated, total -77.55 (blind bench 398.99)
review: 56 decisions reviewed, 0 rule changes
report: 2026-07-16 pnl=-77.55
export: docs/data.json written
=== 2026-07-16 08:15:31
monitor: 57 new trades, 0 paper copies (rules v21)
pnl: 7 open updated, total -77.69 (blind bench 402.93)
review: 68 decisions reviewed, 0 rule changes
report: 2026-07-16 pnl=-77.69
export: docs/data.json written
=== 2026-07-16 08:31:15
monitor: 103 new trades, 0 paper copies (rules v21)
pnl: 7 open updated, total -77.69 (blind bench 408.30)
review: 84 decisions reviewed, 0 rule changes
report: 2026-07-16 pnl=-77.69
export: docs/data.json written
=== 2026-07-16 08:47:05
monitor: 87 new trades, 0 paper copies (rules v21)
pnl: 7 open updated, total -77.33 (blind bench 409.09)
review: 59 decisions reviewed, 0 rule changes
report: 2026-07-16 pnl=-77.33
export: docs/data.json written
=== 2026-07-16 09:03:17
monitor: 88 new trades, 0 paper copies (rules v21)
pnl: 7 open updated, total -77.33 (blind bench 411.01)
review: 59 decisions reviewed, 0 rule changes
report: 2026-07-16 pnl=-77.33
export: docs/data.json written
=== 2026-07-16 09:19:32
monitor: 73 new trades, 0 paper copies (rules v21)
pnl: 7 open updated, total -75.89 (blind bench 415.98)
review: 57 decisions reviewed, 0 rule changes
report: 2026-07-16 pnl=-75.89
export: docs/data.json written
=== 2026-07-16 09:35:34
monitor: 105 new trades, 0 paper copies (rules v21)
pnl: 7 open updated, total -78.01 (blind bench 380.41)
review: 103 decisions reviewed, 0 rule changes
report: 2026-07-16 pnl=-78.01
export: docs/data.json written
=== 2026-07-16 09:51:31
monitor: 116 new trades, 0 paper copies (rules v21)
pnl: 7 open updated, total -87.10 (blind bench 239.63)
review: 87 decisions reviewed, 0 rule changes
report: 2026-07-16 pnl=-87.10
export: docs/data.json written
=== 2026-07-16 10:07:36
scan: 500 wallets, 50 profiled, 15 tracked
monitor: 101 new trades, 0 paper copies (rules v21)
pnl: 6 open updated, total -87.10 (blind bench 365.63)
review: 88 decisions reviewed, 0 rule changes
report: 2026-07-16 pnl=-87.10
export: docs/data.json written
=== 2026-07-16 10:24:56
monitor: 23 new trades, 0 paper copies (rules v21)
pnl: 6 open updated, total -87.13 (blind bench 414.52)
review: 73 decisions reviewed, 0 rule changes
report: 2026-07-16 pnl=-87.13
export: docs/data.json written
=== 2026-07-16 10:40:32
monitor: 22 new trades, 0 paper copies (rules v21)
pnl: 6 open updated, total -87.16 (blind bench 389.24)
review: 105 decisions reviewed, 0 rule changes
report: 2026-07-16 pnl=-87.16
export: docs/data.json written
=== 2026-07-16 10:56:19
monitor: 22 new trades, 0 paper copies (rules v21)
pnl: 6 open updated, total -87.23 (blind bench 445.08)
review: 116 decisions reviewed, 0 rule changes
report: 2026-07-16 pnl=-87.23
export: docs/data.json written
=== 2026-07-16 11:12:09
monitor: 27 new trades, 0 paper copies (rules v21)
pnl: 6 open updated, total -87.35 (blind bench 429.92)
review: 101 decisions reviewed, 0 rule changes
report: 2026-07-16 pnl=-87.35
export: docs/data.json written
=== 2026-07-16 11:28:58
monitor: 26 new trades, 0 paper copies (rules v21)
pnl: 6 open updated, total -87.31 (blind bench 528.80)
review: 23 decisions reviewed, 0 rule changes
report: 2026-07-16 pnl=-87.31
export: docs/data.json written
=== 2026-07-16 11:44:42
monitor: 25 new trades, 0 paper copies (rules v21)
pnl: 6 open updated, total -87.33 (blind bench 512.10)
review: 22 decisions reviewed, 0 rule changes
report: 2026-07-16 pnl=-87.33
export: docs/data.json written
=== 2026-07-16 12:00:06
monitor: 25 new trades, 0 paper copies (rules v21)
pnl: 6 open updated, total -87.44 (blind bench 551.74)
review: 22 decisions reviewed, 0 rule changes
report: 2026-07-16 pnl=-87.44
export: docs/data.json written
=== 2026-07-16 12:15:20
monitor: 24 new trades, 0 paper copies (rules v21)
pnl: 6 open updated, total -87.46 (blind bench 483.00)
review: 27 decisions reviewed, 0 rule changes
report: 2026-07-16 pnl=-87.46
export: docs/data.json written
=== 2026-07-16 12:30:37
monitor: 24 new trades, 0 paper copies (rules v21)
pnl: 6 open updated, total -87.31 (blind bench 481.33)
review: 26 decisions reviewed, 0 rule changes
report: 2026-07-16 pnl=-87.31
export: docs/data.json written
=== 2026-07-16 12:46:02
monitor: 28 new trades, 0 paper copies (rules v21)
pnl: 6 open updated, total -87.18 (blind bench 484.26)
review: 25 decisions reviewed, 0 rule changes
report: 2026-07-16 pnl=-87.18
export: docs/data.json written
=== 2026-07-16 13:01:26
monitor: 33 new trades, 0 paper copies (rules v21)
pnl: 6 open updated, total -87.16 (blind bench 552.61)
review: 25 decisions reviewed, 0 rule changes
report: 2026-07-16 pnl=-87.16
export: docs/data.json written
=== 2026-07-16 13:16:43
monitor: 25 new trades, 0 paper copies (rules v21)
pnl: 6 open updated, total -86.95 (blind bench 620.80)
review: 24 decisions reviewed, 0 rule changes
report: 2026-07-16 pnl=-86.95
export: docs/data.json written
=== 2026-07-16 13:32:04
monitor: 21 new trades, 0 paper copies (rules v21)
pnl: 6 open updated, total -86.99 (blind bench 530.37)
review: 24 decisions reviewed, 0 rule changes
report: 2026-07-16 pnl=-86.99
export: docs/data.json written
=== 2026-07-16 13:47:28
monitor: 23 new trades, 0 paper copies (rules v21)
pnl: 6 open updated, total -86.91 (blind bench 470.98)
review: 28 decisions reviewed, 0 rule changes
report: 2026-07-16 pnl=-86.91
export: docs/data.json written
=== 2026-07-16 14:02:50
monitor: 29 new trades, 0 paper copies (rules v21)
pnl: 6 open updated, total -87.01 (blind bench 530.73)
review: 33 decisions reviewed, 0 rule changes
report: 2026-07-16 pnl=-87.01
export: docs/data.json written
=== 2026-07-16 14:18:05
monitor: 27 new trades, 0 paper copies (rules v21)
pnl: 6 open updated, total -87.01 (blind bench 585.50)
review: 25 decisions reviewed, 0 rule changes
report: 2026-07-16 pnl=-87.01
export: docs/data.json written
=== 2026-07-16 14:33:34
monitor: 30 new trades, 0 paper copies (rules v21)
pnl: 6 open updated, total -86.97 (blind bench 561.34)
review: 21 decisions reviewed, 0 rule changes
report: 2026-07-16 pnl=-86.97
export: docs/data.json written
=== 2026-07-16 14:48:56
monitor: 30 new trades, 0 paper copies (rules v21)
pnl: 6 open updated, total -86.95 (blind bench 620.56)
review: 23 decisions reviewed, 0 rule changes
report: 2026-07-16 pnl=-86.95
export: docs/data.json written
=== 2026-07-16 15:04:21
monitor: 34 new trades, 0 paper copies (rules v21)
pnl: 6 open updated, total -86.94 (blind bench 629.56)
review: 29 decisions reviewed, 0 rule changes
report: 2026-07-16 pnl=-86.94
export: docs/data.json written
=== 2026-07-16 15:19:41
monitor: 47 new trades, 0 paper copies (rules v21)
pnl: 6 open updated, total -86.85 (blind bench 587.36)
review: 27 decisions reviewed, 0 rule changes
report: 2026-07-16 pnl=-86.85
export: docs/data.json written
=== 2026-07-16 15:35:02
monitor: 32 new trades, 0 paper copies (rules v21)
pnl: 6 open updated, total -86.79 (blind bench 641.72)
review: 30 decisions reviewed, 0 rule changes
report: 2026-07-16 pnl=-86.79
export: docs/data.json written
=== 2026-07-16 15:50:20
monitor: 31 new trades, 0 paper copies (rules v21)
pnl: 6 open updated, total -86.78 (blind bench 699.42)
review: 30 decisions reviewed, 0 rule changes
report: 2026-07-16 pnl=-86.78
export: docs/data.json written
=== 2026-07-16 16:05:36
monitor: 31 new trades, 0 paper copies (rules v21)
pnl: 6 open updated, total -86.81 (blind bench 723.47)
review: 34 decisions reviewed, 0 rule changes
report: 2026-07-16 pnl=-86.81
export: docs/data.json written
=== 2026-07-16 16:20:53
scan: 500 wallets, 50 profiled, 15 tracked
monitor: 110 new trades, 0 paper copies (rules v21)
pnl: 6 open updated, total -86.71 (blind bench 772.93)
review: 47 decisions reviewed, 0 rule changes
report: 2026-07-16 pnl=-86.71
export: docs/data.json written
=== 2026-07-16 16:37:35
monitor: 0 new trades, 0 paper copies (rules v21)
pnl: 6 open updated, total -86.64 (blind bench 762.77)
review: 32 decisions reviewed, 0 rule changes
report: 2026-07-16 pnl=-86.64
export: docs/data.json written
=== 2026-07-16 16:52:46
monitor: 1 new trades, 0 paper copies (rules v21)
pnl: 6 open updated, total -86.64 (blind bench 714.88)
review: 31 decisions reviewed, 0 rule changes
report: 2026-07-16 pnl=-86.64
export: docs/data.json written
=== 2026-07-16 17:07:57
monitor: 0 new trades, 0 paper copies (rules v21)
pnl: 6 open updated, total -86.68 (blind bench 525.86)
review: 31 decisions reviewed, 0 rule changes
report: 2026-07-16 pnl=-86.68
export: docs/data.json written
=== 2026-07-16 17:23:08
monitor: 0 new trades, 0 paper copies (rules v21)
pnl: 6 open updated, total -86.64 (blind bench 461.39)
review: 110 decisions reviewed, 0 rule changes
report: 2026-07-16 pnl=-86.64
export: docs/data.json written
=== 2026-07-16 17:39:42
monitor: 0 new trades, 0 paper copies (rules v21)
pnl: 6 open updated, total -86.58 (blind bench 301.04)
review: 0 decisions reviewed, 0 rule changes
report: 2026-07-16 pnl=-86.58
export: docs/data.json written
=== 2026-07-16 17:54:51
monitor: 1 new trades, 0 paper copies (rules v21)
pnl: 6 open updated, total -86.59 (blind bench 303.36)
review: 1 decisions reviewed, 0 rule changes
report: 2026-07-16 pnl=-86.59
export: docs/data.json written
=== 2026-07-16 18:10:00
monitor: 0 new trades, 0 paper copies (rules v21)
pnl: 6 open updated, total -86.62 (blind bench 302.17)
review: 0 decisions reviewed, 0 rule changes
report: 2026-07-16 pnl=-86.62
export: docs/data.json written
=== 2026-07-16 18:25:08
monitor: 0 new trades, 0 paper copies (rules v21)
pnl: 6 open updated, total -86.68 (blind bench 300.92)
review: 0 decisions reviewed, 0 rule changes
report: 2026-07-16 pnl=-86.68
export: docs/data.json written
=== 2026-07-16 18:40:18
monitor: 0 new trades, 0 paper copies (rules v21)
pnl: 6 open updated, total -86.73 (blind bench 298.54)
review: 0 decisions reviewed, 0 rule changes
report: 2026-07-16 pnl=-86.73
export: docs/data.json written
=== 2026-07-16 18:55:27
monitor: 2 new trades, 0 paper copies (rules v21)
pnl: 6 open updated, total -86.74 (blind bench 298.51)
review: 1 decisions reviewed, 0 rule changes
report: 2026-07-16 pnl=-86.74
export: docs/data.json written
=== 2026-07-16 19:10:36
monitor: 5 new trades, 0 paper copies (rules v21)
pnl: 6 open updated, total -86.76 (blind bench 298.47)
review: 0 decisions reviewed, 0 rule changes
report: 2026-07-16 pnl=-86.76
export: docs/data.json written
=== 2026-07-16 19:25:46
monitor: 0 new trades, 0 paper copies (rules v21)
pnl: 6 open updated, total -86.74 (blind bench 298.51)
review: 0 decisions reviewed, 0 rule changes
report: 2026-07-16 pnl=-86.74
export: docs/data.json written
=== 2026-07-16 19:40:55
monitor: 0 new trades, 0 paper copies (rules v21)
pnl: 6 open updated, total -86.66 (blind bench 298.62)
review: 0 decisions reviewed, 0 rule changes
report: 2026-07-16 pnl=-86.66
export: docs/data.json written
=== 2026-07-16 19:56:04
monitor: 8 new trades, 0 paper copies (rules v21)
pnl: 6 open updated, total -86.72 (blind bench 298.56)
review: 2 decisions reviewed, 0 rule changes
report: 2026-07-16 pnl=-86.72
export: docs/data.json written
=== 2026-07-16 20:11:14
monitor: 0 new trades, 0 paper copies (rules v21)
pnl: 6 open updated, total -86.66 (blind bench 295.33)
review: 5 decisions reviewed, 0 rule changes
report: 2026-07-16 pnl=-86.66
export: docs/data.json written
=== 2026-07-16 20:26:24
monitor: 1 new trades, 0 paper copies (rules v21)
pnl: 6 open updated, total -86.59 (blind bench 297.79)
review: 0 decisions reviewed, 0 rule changes
report: 2026-07-16 pnl=-86.59
export: docs/data.json written
=== 2026-07-16 20:41:33
monitor: 1 new trades, 0 paper copies (rules v21)
pnl: 6 open updated, total -86.59 (blind bench 297.79)
review: 0 decisions reviewed, 0 rule changes
report: 2026-07-16 pnl=-86.59
export: docs/data.json written
=== 2026-07-16 20:56:43
monitor: 0 new trades, 0 paper copies (rules v21)
pnl: 6 open updated, total -86.52 (blind bench 297.85)
review: 8 decisions reviewed, 0 rule changes
report: 2026-07-16 pnl=-86.52
export: docs/data.json written
=== 2026-07-16 21:11:59
monitor: 0 new trades, 0 paper copies (rules v21)
pnl: 6 open updated, total -86.52 (blind bench 318.82)
review: 0 decisions reviewed, 0 rule changes
report: 2026-07-16 pnl=-86.52
export: docs/data.json written
=== 2026-07-16 21:27:09
monitor: 8 new trades, 0 paper copies (rules v21)
pnl: 6 open updated, total -86.52 (blind bench 318.82)
review: 1 decisions reviewed, 0 rule changes
report: 2026-07-16 pnl=-86.52
export: docs/data.json written
=== 2026-07-16 21:42:20
monitor: 8 new trades, 0 paper copies (rules v21)
pnl: 6 open updated, total -86.52 (blind bench 319.40)
review: 1 decisions reviewed, 0 rule changes
report: 2026-07-16 pnl=-86.52
export: docs/data.json written
=== 2026-07-16 21:57:32
monitor: 2 new trades, 0 paper copies (rules v21)
pnl: 6 open updated, total -86.44 (blind bench 313.27)
review: 0 decisions reviewed, 0 rule changes
report: 2026-07-16 pnl=-86.44
export: docs/data.json written
=== 2026-07-16 22:12:41
monitor: 2 new trades, 0 paper copies (rules v21)
pnl: 6 open updated, total -86.44 (blind bench 313.27)
review: 0 decisions reviewed, 0 rule changes
report: 2026-07-16 pnl=-86.44
export: docs/data.json written
=== 2026-07-16 22:27:50
scan: 500 wallets, 50 profiled, 15 tracked
monitor: 33 new trades, 0 paper copies (rules v21)
pnl: 6 open updated, total -86.41 (blind bench 313.37)
review: 8 decisions reviewed, 0 rule changes
report: 2026-07-16 pnl=-86.41
export: docs/data.json written
=== 2026-07-16 22:43:40
monitor: 2 new trades, 0 paper copies (rules v21)
pnl: 6 open updated, total -86.38 (blind bench 315.58)
review: 8 decisions reviewed, 0 rule changes
report: 2026-07-16 pnl=-86.38
export: docs/data.json written
=== 2026-07-16 22:58:49
monitor: 5 new trades, 0 paper copies (rules v21)
pnl: 6 open updated, total -86.44 (blind bench 317.36)
review: 2 decisions reviewed, 0 rule changes
report: 2026-07-16 pnl=-86.44
export: docs/data.json written
=== 2026-07-16 23:14:00
monitor: 2 new trades, 0 paper copies (rules v21)
pnl: 6 open updated, total -86.38 (blind bench 318.18)
review: 2 decisions reviewed, 0 rule changes
report: 2026-07-16 pnl=-86.38
export: docs/data.json written
=== 2026-07-16 23:29:09
monitor: 0 new trades, 0 paper copies (rules v21)
pnl: 6 open updated, total -86.44 (blind bench 318.55)
review: 33 decisions reviewed, 0 rule changes
report: 2026-07-16 pnl=-86.44
export: docs/data.json written
=== 2026-07-16 23:44:54
monitor: 2 new trades, 0 paper copies (rules v21)
pnl: 6 open updated, total -86.38 (blind bench 318.62)
review: 2 decisions reviewed, 0 rule changes
report: 2026-07-16 pnl=-86.38
export: docs/data.json written
=== 2026-07-17 00:00:03
monitor: 6 new trades, 0 paper copies (rules v21)
pnl: 6 open updated, total -86.38 (blind bench 324.16)
review: 5 decisions reviewed, 0 rule changes
report: 2026-07-17 pnl=-86.38
export: docs/data.json written
=== 2026-07-17 00:15:13
monitor: 0 new trades, 0 paper copies (rules v21)
pnl: 6 open updated, total -86.36 (blind bench 323.25)
review: 2 decisions reviewed, 0 rule changes
report: 2026-07-17 pnl=-86.36
export: docs/data.json written
=== 2026-07-17 00:30:22
monitor: 3 new trades, 0 paper copies (rules v21)
pnl: 6 open updated, total -86.36 (blind bench 324.42)
review: 0 decisions reviewed, 0 rule changes
report: 2026-07-17 pnl=-86.36
export: docs/data.json written
=== 2026-07-17 00:45:31
monitor: 0 new trades, 0 paper copies (rules v21)
pnl: 6 open updated, total -86.36 (blind bench 324.42)
review: 2 decisions reviewed, 0 rule changes
report: 2026-07-17 pnl=-86.36
export: docs/data.json written
=== 2026-07-17 01:00:40
monitor: 1 new trades, 0 paper copies (rules v21)
pnl: 6 open updated, total -85.81 (blind bench 306.92)
review: 6 decisions reviewed, 0 rule changes
report: 2026-07-17 pnl=-85.81
export: docs/data.json written
=== 2026-07-17 01:15:50
monitor: 0 new trades, 0 paper copies (rules v21)
pnl: 6 open updated, total -85.84 (blind bench 310.14)
review: 0 decisions reviewed, 0 rule changes
report: 2026-07-17 pnl=-85.84
export: docs/data.json written
=== 2026-07-17 01:30:58
monitor: 0 new trades, 0 paper copies (rules v21)
pnl: 6 open updated, total -85.84 (blind bench 310.14)
review: 3 decisions reviewed, 0 rule changes
report: 2026-07-17 pnl=-85.84
export: docs/data.json written
=== 2026-07-17 01:46:07
monitor: 0 new trades, 0 paper copies (rules v21)
pnl: 6 open updated, total -85.97 (blind bench 316.17)
review: 0 decisions reviewed, 0 rule changes
report: 2026-07-17 pnl=-85.97
export: docs/data.json written
=== 2026-07-17 02:01:16
monitor: 0 new trades, 0 paper copies (rules v21)
pnl: 6 open updated, total -85.73 (blind bench 317.92)
review: 1 decisions reviewed, 0 rule changes
report: 2026-07-17 pnl=-85.73
export: docs/data.json written
=== 2026-07-17 02:16:25
monitor: 0 new trades, 0 paper copies (rules v21)
pnl: 6 open updated, total -86.40 (blind bench 318.67)
review: 0 decisions reviewed, 0 rule changes
report: 2026-07-17 pnl=-86.40
export: docs/data.json written
=== 2026-07-17 02:31:34
monitor: 0 new trades, 0 paper copies (rules v21)
pnl: 6 open updated, total -86.47 (blind bench 318.61)
review: 0 decisions reviewed, 0 rule changes
report: 2026-07-17 pnl=-86.47
export: docs/data.json written
=== 2026-07-17 02:46:43
monitor: 0 new trades, 0 paper copies (rules v21)
pnl: 6 open updated, total -85.91 (blind bench 319.59)
review: 0 decisions reviewed, 0 rule changes
report: 2026-07-17 pnl=-85.91
export: docs/data.json written
=== 2026-07-17 03:01:51
monitor: 4 new trades, 0 paper copies (rules v21)
pnl: 6 open updated, total -85.91 (blind bench 319.59)
review: 0 decisions reviewed, 0 rule changes
report: 2026-07-17 pnl=-85.91
export: docs/data.json written
=== 2026-07-17 03:17:01
monitor: 0 new trades, 0 paper copies (rules v21)
pnl: 6 open updated, total -85.91 (blind bench 319.59)
review: 0 decisions reviewed, 0 rule changes
report: 2026-07-17 pnl=-85.91
export: docs/data.json written
=== 2026-07-17 03:32:10
monitor: 0 new trades, 0 paper copies (rules v21)
pnl: 6 open updated, total -85.94 (blind bench 318.40)
review: 0 decisions reviewed, 0 rule changes
report: 2026-07-17 pnl=-85.94
export: docs/data.json written
=== 2026-07-17 03:47:18
monitor: 0 new trades, 0 paper copies (rules v21)
pnl: 6 open updated, total -85.79 (blind bench 320.00)
review: 0 decisions reviewed, 0 rule changes
report: 2026-07-17 pnl=-85.79
export: docs/data.json written
=== 2026-07-17 04:02:27
monitor: 0 new trades, 0 paper copies (rules v21)
pnl: 6 open updated, total -85.79 (blind bench 320.00)
review: 4 decisions reviewed, 0 rule changes
report: 2026-07-17 pnl=-85.79
export: docs/data.json written
=== 2026-07-17 04:17:37
monitor: 0 new trades, 0 paper copies (rules v21)
pnl: 6 open updated, total -85.79 (blind bench 332.69)
review: 0 decisions reviewed, 0 rule changes
report: 2026-07-17 pnl=-85.79
export: docs/data.json written
=== 2026-07-17 04:32:45
scan: 500 wallets, 50 profiled, 15 tracked
monitor: 132 new trades, 0 paper copies (rules v21)
pnl: 6 open updated, total -85.79 (blind bench 312.71)
review: 0 decisions reviewed, 0 rule changes
report: 2026-07-17 pnl=-85.79
export: docs/data.json written
=== 2026-07-17 04:49:28
monitor: 24 new trades, 0 paper copies (rules v21)
pnl: 6 open updated, total -85.79 (blind bench 312.71)
review: 0 decisions reviewed, 0 rule changes
report: 2026-07-17 pnl=-85.79
export: docs/data.json written
=== 2026-07-17 05:04:40
monitor: 26 new trades, 0 paper copies (rules v21)
pnl: 6 open updated, total -85.73 (blind bench 312.77)
review: 0 decisions reviewed, 0 rule changes
report: 2026-07-17 pnl=-85.73
export: docs/data.json written
=== 2026-07-17 05:19:52
monitor: 39 new trades, 0 paper copies (rules v21)
pnl: 6 open updated, total -85.73 (blind bench 312.77)
review: 0 decisions reviewed, 0 rule changes
report: 2026-07-17 pnl=-85.73
export: docs/data.json written
=== 2026-07-17 05:35:07
monitor: 1 new trades, 0 paper copies (rules v21)
pnl: 6 open updated, total -85.73 (blind bench 312.77)
review: 132 decisions reviewed, 0 rule changes
report: 2026-07-17 pnl=-85.73
export: docs/data.json written
=== 2026-07-17 05:51:57
monitor: 48 new trades, 0 paper copies (rules v21)
pnl: 6 open updated, total -85.79 (blind bench 306.46)
review: 24 decisions reviewed, 0 rule changes
report: 2026-07-17 pnl=-85.79
export: docs/data.json written
=== 2026-07-17 06:07:14
monitor: 34 new trades, 0 paper copies (rules v21)
pnl: 6 open updated, total -85.79 (blind bench 311.44)
review: 26 decisions reviewed, 0 rule changes
report: 2026-07-17 pnl=-85.79
export: docs/data.json written
=== 2026-07-17 06:22:30
monitor: 18 new trades, 0 paper copies (rules v21)
pnl: 6 open updated, total -85.67 (blind bench 314.53)
review: 39 decisions reviewed, 0 rule changes
report: 2026-07-17 pnl=-85.67
export: docs/data.json written
=== 2026-07-17 06:37:45
monitor: 25 new trades, 0 paper copies (rules v21)
pnl: 6 open updated, total -85.52 (blind bench 314.08)
review: 1 decisions reviewed, 0 rule changes
report: 2026-07-17 pnl=-85.52
export: docs/data.json written
=== 2026-07-17 06:52:58
monitor: 0 new trades, 0 paper copies (rules v22)
pnl: 6 open updated, total -85.64 (blind bench 313.98)
review: 0 decisions resolved-reviewed, auto-tuning off (rules v22 frozen)
report: 2026-07-17 pnl=-85.64
export: docs/data.json written
=== 2026-07-17 07:08:10
monitor: 0 new trades, 0 paper copies (rules v22)
pnl: 6 open updated, total -85.58 (blind bench 314.19)
review: 0 decisions resolved-reviewed, 0 rule changes (resolution-learned)
report: 2026-07-17 pnl=-85.58
export: docs/data.json written
=== 2026-07-17 07:23:25
monitor: 31 new trades, 0 paper copies (rules v22)
pnl: 6 open updated, total -85.62 (blind bench 314.23)
review: 0 decisions resolved-reviewed, 0 rule changes (resolution-learned)
report: 2026-07-17 pnl=-85.62
export: docs/data.json written
=== 2026-07-17 07:38:46
monitor: 15 new trades, 0 paper copies (rules v22)
pnl: 6 open updated, total -86.11 (blind bench 313.30)
review: 0 decisions resolved-reviewed, 0 rule changes (resolution-learned)
report: 2026-07-17 pnl=-86.11
export: docs/data.json written
=== 2026-07-17 07:54:05
monitor: 8 new trades, 0 paper copies (rules v22)
pnl: 6 open updated, total -86.11 (blind bench 313.30)
review: 0 decisions resolved-reviewed, 0 rule changes (resolution-learned)
report: 2026-07-17 pnl=-86.11
export: docs/data.json written
=== 2026-07-17 08:09:24
monitor: 22 new trades, 0 paper copies (rules v22)
pnl: 6 open updated, total -85.83 (blind bench 313.80)
review: 0 decisions resolved-reviewed, 0 rule changes (resolution-learned)
report: 2026-07-17 pnl=-85.83
export: docs/data.json written
=== 2026-07-17 08:24:46
monitor: 28 new trades, 0 paper copies (rules v22)
pnl: 6 open updated, total -85.83 (blind bench 313.80)
review: 0 decisions resolved-reviewed, 0 rule changes (resolution-learned)
report: 2026-07-17 pnl=-85.83
export: docs/data.json written
=== 2026-07-17 08:40:12
monitor: 47 new trades, 0 paper copies (rules v22)
pnl: 6 open updated, total -85.90 (blind bench 313.74)
review: 0 decisions resolved-reviewed, 0 rule changes (resolution-learned)
report: 2026-07-17 pnl=-85.90
export: docs/data.json written
=== 2026-07-17 08:55:43
monitor: 25 new trades, 0 paper copies (rules v22)
pnl: 6 open updated, total -85.90 (blind bench 313.74)
review: 0 decisions resolved-reviewed, 0 rule changes (resolution-learned)
report: 2026-07-17 pnl=-85.90
export: docs/data.json written
=== 2026-07-17 09:11:06
monitor: 21 new trades, 0 paper copies (rules v22)
pnl: 6 open updated, total -85.90 (blind bench 313.74)
review: 0 decisions resolved-reviewed, 0 rule changes (resolution-learned)
report: 2026-07-17 pnl=-85.90
export: docs/data.json written
=== 2026-07-17 09:26:31
monitor: 22 new trades, 0 paper copies (rules v22)
pnl: 6 open updated, total -85.83 (blind bench 313.80)
review: 0 decisions resolved-reviewed, 0 rule changes (resolution-learned)
report: 2026-07-17 pnl=-85.83
export: docs/data.json written
=== 2026-07-17 09:41:58
monitor: 22 new trades, 0 paper copies (rules v22)
pnl: 6 open updated, total -85.55 (blind bench 314.29)
review: 0 decisions resolved-reviewed, 0 rule changes (resolution-learned)
report: 2026-07-17 pnl=-85.55
export: docs/data.json written
=== 2026-07-17 09:57:28
monitor: 14 new trades, 0 paper copies (rules v22)
pnl: 6 open updated, total -85.55 (blind bench 314.29)
review: 0 decisions resolved-reviewed, 0 rule changes (resolution-learned)
report: 2026-07-17 pnl=-85.55
export: docs/data.json written
=== 2026-07-17 10:12:57
monitor: 23 new trades, 0 paper copies (rules v22)
pnl: 6 open updated, total -85.55 (blind bench 314.29)
review: 0 decisions resolved-reviewed, 0 rule changes (resolution-learned)
report: 2026-07-17 pnl=-85.55
export: docs/data.json written
=== 2026-07-17 10:28:28
monitor: 26 new trades, 0 paper copies (rules v22)
pnl: 6 open updated, total -85.55 (blind bench 314.29)
review: 0 decisions resolved-reviewed, 0 rule changes (resolution-learned)
report: 2026-07-17 pnl=-85.55
export: docs/data.json written
=== 2026-07-17 10:44:02
scan: 500 wallets, 50 profiled, 15 tracked
monitor: 82 new trades, 0 paper copies (rules v22)
pnl: 6 open updated, total -85.55 (blind bench 314.29)
review: 0 decisions resolved-reviewed, 0 rule changes (resolution-learned)
report: 2026-07-17 pnl=-85.55
export: docs/data.json written
=== 2026-07-17 10:59:49
monitor: 39 new trades, 0 paper copies (rules v22)
pnl: 6 open updated, total -85.55 (blind bench 314.29)
review: 0 decisions resolved-reviewed, 0 rule changes (resolution-learned)
report: 2026-07-17 pnl=-85.55
export: docs/data.json written
=== 2026-07-17 11:15:25
monitor: 40 new trades, 0 paper copies (rules v22)
pnl: 6 open updated, total -85.55 (blind bench 314.29)
review: 0 decisions resolved-reviewed, 0 rule changes (resolution-learned)
report: 2026-07-17 pnl=-85.55
export: docs/data.json written
=== 2026-07-17 11:31:05
monitor: 41 new trades, 0 paper copies (rules v22)
pnl: 6 open updated, total -85.55 (blind bench 314.29)
review: 1 decisions resolved-reviewed, 0 rule changes (resolution-learned)
report: 2026-07-17 pnl=-85.55
export: docs/data.json written
=== 2026-07-17 11:46:47
monitor: 37 new trades, 0 paper copies (rules v22)
pnl: 6 open updated, total -85.53 (blind bench 322.03)
review: 7 decisions resolved-reviewed, 0 rule changes (resolution-learned)
report: 2026-07-17 pnl=-85.53
export: docs/data.json written
=== 2026-07-17 12:02:29
monitor: 64 new trades, 0 paper copies (rules v22)
pnl: 6 open updated, total -85.53 (blind bench 376.90)
review: 6 decisions resolved-reviewed, 0 rule changes (resolution-learned)
report: 2026-07-17 pnl=-85.53
export: docs/data.json written
=== 2026-07-17 12:18:16
monitor: 33 new trades, 0 paper copies (rules v22)
pnl: 6 open updated, total -85.53 (blind bench 386.30)
review: 8 decisions resolved-reviewed, 0 rule changes (resolution-learned)
report: 2026-07-17 pnl=-85.53
export: docs/data.json written
=== 2026-07-17 12:33:59
monitor: 35 new trades, 0 paper copies (rules v22)
pnl: 6 open updated, total -85.53 (blind bench 424.09)
review: 8 decisions resolved-reviewed, 0 rule changes (resolution-learned)
report: 2026-07-17 pnl=-85.53
export: docs/data.json written
=== 2026-07-17 12:49:48
monitor: 55 new trades, 0 paper copies (rules v22)
pnl: 6 open updated, total -85.60 (blind bench 435.98)
review: 2 decisions resolved-reviewed, 0 rule changes (resolution-learned)
report: 2026-07-17 pnl=-85.60
export: docs/data.json written
=== 2026-07-17 13:05:39
monitor: 54 new trades, 0 paper copies (rules v22)
pnl: 6 open updated, total -85.80 (blind bench 435.80)
review: 7 decisions resolved-reviewed, 0 rule changes (resolution-learned)
report: 2026-07-17 pnl=-85.80
export: docs/data.json written
=== 2026-07-17 13:21:33
monitor: 44 new trades, 0 paper copies (rules v22)
pnl: 6 open updated, total -85.99 (blind bench 436.51)
review: 13 decisions resolved-reviewed, 0 rule changes (resolution-learned)
report: 2026-07-17 pnl=-85.99
export: docs/data.json written
=== 2026-07-17 13:37:29
monitor: 48 new trades, 0 paper copies (rules v22)
pnl: 6 open updated, total -86.23 (blind bench 488.51)
review: 4 decisions resolved-reviewed, 0 rule changes (resolution-learned)
report: 2026-07-17 pnl=-86.23
export: docs/data.json written
=== 2026-07-17 13:53:26
monitor: 47 new trades, 0 paper copies (rules v22)
pnl: 6 open updated, total -85.92 (blind bench 492.29)
review: 5 decisions resolved-reviewed, 0 rule changes (resolution-learned)
report: 2026-07-17 pnl=-85.92
export: docs/data.json written
=== 2026-07-17 14:09:24
monitor: 32 new trades, 0 paper copies (rules v22)
pnl: 6 open updated, total -85.90 (blind bench 493.46)
review: 8 decisions resolved-reviewed, 0 rule changes (resolution-learned)
report: 2026-07-17 pnl=-85.90
export: docs/data.json written
=== 2026-07-17 14:25:23
monitor: 59 new trades, 0 paper copies (rules v22)
pnl: 6 open updated, total -85.87 (blind bench 516.56)
review: 6 decisions resolved-reviewed, 0 rule changes (resolution-learned)
report: 2026-07-17 pnl=-85.87
export: docs/data.json written
=== 2026-07-17 14:41:27
monitor: 36 new trades, 0 paper copies (rules v22)
pnl: 6 open updated, total -85.83 (blind bench 517.87)
review: 19 decisions resolved-reviewed, 0 rule changes (resolution-learned)
report: 2026-07-17 pnl=-85.83
export: docs/data.json written
=== 2026-07-17 14:57:33
monitor: 39 new trades, 0 paper copies (rules v22)
pnl: 6 open updated, total -85.75 (blind bench 557.31)
review: 11 decisions resolved-reviewed, 0 rule changes (resolution-learned)
report: 2026-07-17 pnl=-85.75
export: docs/data.json written
=== 2026-07-17 15:13:38
monitor: 60 new trades, 0 paper copies (rules v22)
pnl: 6 open updated, total -85.66 (blind bench 573.47)
review: 34 decisions resolved-reviewed, 0 rule changes (resolution-learned)
report: 2026-07-17 pnl=-85.66
export: docs/data.json written
=== 2026-07-17 15:29:49
monitor: 56 new trades, 0 paper copies (rules v22)
pnl: 6 open updated, total -85.66 (blind bench 647.41)
review: 1 decisions resolved-reviewed, 0 rule changes (resolution-learned)
report: 2026-07-17 pnl=-85.66
export: docs/data.json written
=== 2026-07-17 15:45:54
monitor: 21 new trades, 0 paper copies (rules v22)
pnl: 6 open updated, total -85.59 (blind bench 648.69)
review: 16 decisions resolved-reviewed, 0 rule changes (resolution-learned)
report: 2026-07-17 pnl=-85.59
export: docs/data.json written
=== 2026-07-17 16:01:58
monitor: 30 new trades, 0 paper copies (rules v22)
pnl: 6 open updated, total -85.46 (blind bench 673.06)
review: 8 decisions resolved-reviewed, 0 rule changes (resolution-learned)
report: 2026-07-17 pnl=-85.46
export: docs/data.json written
=== 2026-07-17 16:18:02
monitor: 40 new trades, 0 paper copies (rules v22)
pnl: 6 open updated, total -85.25 (blind bench 681.55)
review: 35 decisions resolved-reviewed, 0 rule changes (resolution-learned)
report: 2026-07-17 pnl=-85.25
export: docs/data.json written
=== 2026-07-17 16:34:11
monitor: 57 new trades, 0 paper copies (rules v22)
pnl: 6 open updated, total -85.12 (blind bench 921.71)
review: 12 decisions resolved-reviewed, 0 rule changes (resolution-learned)
report: 2026-07-17 pnl=-85.12
export: docs/data.json written
=== 2026-07-17 16:50:28
scan: 500 wallets, 50 profiled, 15 tracked
monitor: 157 new trades, 0 paper copies (rules v22)
pnl: 6 open updated, total -85.00 (blind bench 985.20)
review: 0 decisions resolved-reviewed, 0 rule changes (resolution-learned)
report: 2026-07-17 pnl=-85.00
export: docs/data.json written
=== 2026-07-17 17:08:25
monitor: 38 new trades, 0 paper copies (rules v22)
pnl: 6 open updated, total -84.82 (blind bench 988.90)
review: 21 decisions resolved-reviewed, 0 rule changes (resolution-learned)
report: 2026-07-17 pnl=-84.82
export: docs/data.json written
=== 2026-07-17 17:24:39
monitor: 3 new trades, 0 paper copies (rules v22)
pnl: 6 open updated, total -84.72 (blind bench 1209.63)
review: 7 decisions resolved-reviewed, 0 rule changes (resolution-learned)
report: 2026-07-17 pnl=-84.72
export: docs/data.json written
=== 2026-07-17 17:40:48
monitor: 1 new trades, 0 paper copies (rules v22)
pnl: 6 open updated, total -84.48 (blind bench 1212.24)
review: 9 decisions resolved-reviewed, 0 rule changes (resolution-learned)
report: 2026-07-17 pnl=-84.48
export: docs/data.json written
=== 2026-07-17 17:56:57
monitor: 52 new trades, 0 paper copies (rules v22)
pnl: 6 open updated, total -84.46 (blind bench 1243.82)
review: 73 decisions resolved-reviewed, 0 rule changes (resolution-learned)
report: 2026-07-17 pnl=-84.46
export: docs/data.json written
=== 2026-07-17 18:13:28
monitor: 30 new trades, 0 paper copies (rules v22)
pnl: 6 open updated, total -84.16 (blind bench 1860.32)
review: 24 decisions resolved-reviewed, 0 rule changes (resolution-learned)
report: 2026-07-17 pnl=-84.16
export: docs/data.json written
=== 2026-07-17 18:29:47
monitor: 5 new trades, 0 paper copies (rules v22)
pnl: 6 open updated, total -83.93 (blind bench 1905.69)
review: 20 decisions resolved-reviewed, 0 rule changes (resolution-learned)
report: 2026-07-17 pnl=-83.93
export: docs/data.json written
=== 2026-07-17 18:46:03
monitor: 50 new trades, 0 paper copies (rules v22)
pnl: 6 open updated, total -84.04 (blind bench 1960.70)
review: 21 decisions resolved-reviewed, 0 rule changes (resolution-learned)
report: 2026-07-17 pnl=-84.04
export: docs/data.json written
=== 2026-07-17 19:02:18
monitor: 51 new trades, 0 paper copies (rules v22)
pnl: 6 open updated, total -83.89 (blind bench 2028.65)
review: 32 decisions resolved-reviewed, 0 rule changes (resolution-learned)
report: 2026-07-17 pnl=-83.89
export: docs/data.json written
=== 2026-07-17 19:18:36
monitor: 26 new trades, 0 paper copies (rules v22)
pnl: 6 open updated, total -83.97 (blind bench 2181.26)
review: 13 decisions resolved-reviewed, 0 rule changes (resolution-learned)
report: 2026-07-17 pnl=-83.97
export: docs/data.json written
=== 2026-07-17 20:30:09
monitor: 58 new trades, 0 paper copies (rules v22)
pnl: 6 open updated, total -83.33 (blind bench 2235.15)
review: 10 decisions resolved-reviewed, 0 rule changes (resolution-learned)
report: 2026-07-17 pnl=-83.33
export: docs/data.json written
=== 2026-07-17 20:46:38
monitor: 7 new trades, 0 paper copies (rules v22)
pnl: 6 open updated, total -83.28 (blind bench 2332.63)
review: 3 decisions resolved-reviewed, 0 rule changes (resolution-learned)
report: 2026-07-17 pnl=-83.28
export: docs/data.json written
=== 2026-07-17 21:02:56
monitor: 19 new trades, 0 paper copies (rules v22)
pnl: 6 open updated, total -83.28 (blind bench 2341.68)
review: 3 decisions resolved-reviewed, 0 rule changes (resolution-learned)
report: 2026-07-17 pnl=-83.28
export: docs/data.json written
=== 2026-07-17 21:19:23
monitor: 3 new trades, 0 paper copies (rules v22)
pnl: 6 open updated, total -83.27 (blind bench 2349.56)
review: 5 decisions resolved-reviewed, 0 rule changes (resolution-learned)
report: 2026-07-17 pnl=-83.27
export: docs/data.json written
=== 2026-07-17 21:35:42
monitor: 6 new trades, 0 paper copies (rules v22)
pnl: 6 open updated, total -82.77 (blind bench 2350.51)
review: 9 decisions resolved-reviewed, 0 rule changes (resolution-learned)
report: 2026-07-17 pnl=-82.77
export: docs/data.json written
=== 2026-07-17 21:52:03
monitor: 11 new trades, 0 paper copies (rules v22)
pnl: 6 open updated, total -82.76 (blind bench 2363.93)
review: 6 decisions resolved-reviewed, 0 rule changes (resolution-learned)
report: 2026-07-17 pnl=-82.76
export: docs/data.json written
=== 2026-07-17 22:08:23
monitor: 10 new trades, 0 paper copies (rules v22)
pnl: 6 open updated, total -82.20 (blind bench 2460.14)
review: 6 decisions resolved-reviewed, 0 rule changes (resolution-learned)
report: 2026-07-17 pnl=-82.20
export: docs/data.json written
=== 2026-07-17 22:24:42
monitor: 14 new trades, 0 paper copies (rules v22)
pnl: 6 open updated, total -82.17 (blind bench 2495.66)
review: 7 decisions resolved-reviewed, 0 rule changes (resolution-learned)
report: 2026-07-17 pnl=-82.17
export: docs/data.json written
=== 2026-07-17 22:41:02
monitor: 14 new trades, 0 paper copies (rules v22)
pnl: 6 open updated, total -82.12 (blind bench 2522.41)
review: 4 decisions resolved-reviewed, 0 rule changes (resolution-learned)
report: 2026-07-17 pnl=-82.12
export: docs/data.json written
=== 2026-07-17 22:57:24
scan: 500 wallets, 50 profiled, 15 tracked
monitor: 52 new trades, 0 paper copies (rules v22)
pnl: 6 open updated, total -82.11 (blind bench 2522.43)
review: 11 decisions resolved-reviewed, 0 rule changes (resolution-learned)
report: 2026-07-17 pnl=-82.11
export: docs/data.json written
=== 2026-07-17 23:13:49
monitor: 20 new trades, 0 paper copies (rules v22)
pnl: 6 open updated, total -82.37 (blind bench 2597.32)
review: 34 decisions resolved-reviewed, 0 rule changes (resolution-learned)
report: 2026-07-17 pnl=-82.37
export: docs/data.json written
=== 2026-07-17 23:30:07
monitor: 8 new trades, 0 paper copies (rules v22)
pnl: 6 open updated, total -82.40 (blind bench 2597.25)
review: 11 decisions resolved-reviewed, 0 rule changes (resolution-learned)
report: 2026-07-17 pnl=-82.40
export: docs/data.json written
=== 2026-07-17 23:46:24
monitor: 1 new trades, 0 paper copies (rules v22)
pnl: 6 open updated, total -82.40 (blind bench 2603.38)
review: 10 decisions resolved-reviewed, 0 rule changes (resolution-learned)
report: 2026-07-17 pnl=-82.40
export: docs/data.json written
=== 2026-07-18 00:02:39
monitor: 4 new trades, 0 paper copies (rules v22)
pnl: 6 open updated, total -82.31 (blind bench 2614.52)
review: 1 decisions resolved-reviewed, 0 rule changes (resolution-learned)
report: 2026-07-18 pnl=-82.31
export: docs/data.json written
=== 2026-07-18 00:18:51
monitor: 18 new trades, 0 paper copies (rules v22)
pnl: 6 open updated, total -82.25 (blind bench 2614.58)
review: 1 decisions resolved-reviewed, 0 rule changes (resolution-learned)
report: 2026-07-18 pnl=-82.25
export: docs/data.json written
=== 2026-07-18 00:35:10
monitor: 13 new trades, 0 paper copies (rules v22)
pnl: 6 open updated, total -82.31 (blind bench 2617.94)
review: 1 decisions resolved-reviewed, 0 rule changes (resolution-learned)
report: 2026-07-18 pnl=-82.31
export: docs/data.json written
=== 2026-07-18 00:51:30
monitor: 24 new trades, 0 paper copies (rules v22)
pnl: 6 open updated, total -82.30 (blind bench 2617.99)
review: 0 decisions resolved-reviewed, 0 rule changes (resolution-learned)
report: 2026-07-18 pnl=-82.30
export: docs/data.json written
=== 2026-07-18 01:07:41
monitor: 2 new trades, 0 paper copies (rules v22)
pnl: 6 open updated, total -82.34 (blind bench 2617.99)
review: 2 decisions resolved-reviewed, 0 rule changes (resolution-learned)
report: 2026-07-18 pnl=-82.34
export: docs/data.json written
=== 2026-07-18 01:23:58
monitor: 10 new trades, 0 paper copies (rules v22)
pnl: 6 open updated, total -82.24 (blind bench 2622.55)
review: 1 decisions resolved-reviewed, 0 rule changes (resolution-learned)
report: 2026-07-18 pnl=-82.24
export: docs/data.json written
=== 2026-07-18 01:40:08
monitor: 11 new trades, 0 paper copies (rules v22)
pnl: 6 open updated, total -82.13 (blind bench 2628.24)
review: 0 decisions resolved-reviewed, 0 rule changes (resolution-learned)
report: 2026-07-18 pnl=-82.13
export: docs/data.json written
=== 2026-07-18 01:56:25
monitor: 11 new trades, 0 paper copies (rules v22)
pnl: 6 open updated, total -82.23 (blind bench 2627.88)
review: 2 decisions resolved-reviewed, 0 rule changes (resolution-learned)
report: 2026-07-18 pnl=-82.23
export: docs/data.json written
=== 2026-07-18 02:12:41
monitor: 5 new trades, 0 paper copies (rules v22)
pnl: 6 open updated, total -82.23 (blind bench 2627.88)
review: 5 decisions resolved-reviewed, 0 rule changes (resolution-learned)
report: 2026-07-18 pnl=-82.23
export: docs/data.json written
=== 2026-07-18 02:29:08
monitor: 17 new trades, 0 paper copies (rules v22)
pnl: 6 open updated, total -82.09 (blind bench 2642.15)
review: 10 decisions resolved-reviewed, 0 rule changes (resolution-learned)
report: 2026-07-18 pnl=-82.09
export: docs/data.json written
=== 2026-07-18 02:45:26
monitor: 9 new trades, 0 paper copies (rules v22)
pnl: 6 open updated, total -82.09 (blind bench 2659.95)
review: 1 decisions resolved-reviewed, 0 rule changes (resolution-learned)
report: 2026-07-18 pnl=-82.09
export: docs/data.json written
=== 2026-07-18 03:01:36
monitor: 10 new trades, 0 paper copies (rules v22)
pnl: 6 open updated, total -82.15 (blind bench 2679.31)
review: 8 decisions resolved-reviewed, 0 rule changes (resolution-learned)
report: 2026-07-18 pnl=-82.15
export: docs/data.json written
=== 2026-07-18 03:17:52
monitor: 26 new trades, 0 paper copies (rules v22)
pnl: 6 open updated, total -82.15 (blind bench 2679.33)
review: 4 decisions resolved-reviewed, 0 rule changes (resolution-learned)
report: 2026-07-18 pnl=-82.15
export: docs/data.json written
=== 2026-07-18 03:34:11
monitor: 8 new trades, 0 paper copies (rules v22)
pnl: 6 open updated, total -82.15 (blind bench 2679.33)
review: 6 decisions resolved-reviewed, 0 rule changes (resolution-learned)
report: 2026-07-18 pnl=-82.15
export: docs/data.json written
=== 2026-07-18 03:50:20
monitor: 1 new trades, 0 paper copies (rules v22)
pnl: 6 open updated, total -82.15 (blind bench 2722.08)
review: 2 decisions resolved-reviewed, 0 rule changes (resolution-learned)
report: 2026-07-18 pnl=-82.15
export: docs/data.json written
=== 2026-07-18 04:06:30
monitor: 13 new trades, 0 paper copies (rules v22)
pnl: 6 open updated, total -82.13 (blind bench 2730.64)
review: 2 decisions resolved-reviewed, 0 rule changes (resolution-learned)
report: 2026-07-18 pnl=-82.13
export: docs/data.json written
=== 2026-07-18 04:22:46
monitor: 1 new trades, 0 paper copies (rules v22)
pnl: 6 open updated, total -82.19 (blind bench 2747.33)
review: 49 decisions resolved-reviewed, 0 rule changes (resolution-learned)
report: 2026-07-18 pnl=-82.19
export: docs/data.json written
=== 2026-07-18 04:38:57
monitor: 0 new trades, 0 paper copies (rules v22)
pnl: 6 open updated, total -82.19 (blind bench 3429.32)
review: 1 decisions resolved-reviewed, 0 rule changes (resolution-learned)
report: 2026-07-18 pnl=-82.19
export: docs/data.json written
=== 2026-07-18 04:55:10
monitor: 11 new trades, 0 paper copies (rules v22)
pnl: 6 open updated, total -82.27 (blind bench 3425.49)
review: 3 decisions resolved-reviewed, 0 rule changes (resolution-learned)
report: 2026-07-18 pnl=-82.27
export: docs/data.json written
=== 2026-07-18 05:11:24
scan: 500 wallets, 50 profiled, 15 tracked
monitor: 184 new trades, 0 paper copies (rules v22)
pnl: 6 open updated, total -82.25 (blind bench 3426.76)
review: 15 decisions resolved-reviewed, 0 rule changes (resolution-learned)
report: 2026-07-18 pnl=-82.25
export: docs/data.json written
=== 2026-07-18 05:30:52
monitor: 1 new trades, 0 paper copies (rules v22)
pnl: 6 open updated, total -82.25 (blind bench 3435.11)
review: 8 decisions resolved-reviewed, 0 rule changes (resolution-learned)
report: 2026-07-18 pnl=-82.25
export: docs/data.json written
=== 2026-07-18 05:47:00
monitor: 0 new trades, 0 paper copies (rules v22)
pnl: 6 open updated, total -82.25 (blind bench 3475.16)
review: 2 decisions resolved-reviewed, 0 rule changes (resolution-learned)
report: 2026-07-18 pnl=-82.25
export: docs/data.json written
=== 2026-07-18 06:03:06
monitor: 1 new trades, 0 paper copies (rules v22)
pnl: 6 open updated, total -82.25 (blind bench 3475.16)
review: 0 decisions resolved-reviewed, 0 rule changes (resolution-learned)
report: 2026-07-18 pnl=-82.25
export: docs/data.json written
=== 2026-07-18 06:19:13
monitor: 0 new trades, 0 paper copies (rules v22)
pnl: 6 open updated, total -81.93 (blind bench 3475.90)
review: 152 decisions resolved-reviewed, 0 rule changes (resolution-learned)
report: 2026-07-18 pnl=-81.93
export: docs/data.json written
=== 2026-07-18 06:35:47
monitor: 6 new trades, 0 paper copies (rules v22)
pnl: 6 open updated, total -81.76 (blind bench 4067.76)
review: 0 decisions resolved-reviewed, 0 rule changes (resolution-learned)
report: 2026-07-18 pnl=-81.76
export: docs/data.json written
=== 2026-07-18 06:52:23
monitor: 2 new trades, 0 paper copies (rules v22)
pnl: 6 open updated, total -81.82 (blind bench 4065.21)
review: 0 decisions resolved-reviewed, 0 rule changes (resolution-learned)
report: 2026-07-18 pnl=-81.82
export: docs/data.json written
=== 2026-07-18 07:08:37
monitor: 6 new trades, 0 paper copies (rules v22)
pnl: 6 open updated, total -81.86 (blind bench 4065.12)
review: 1 decisions resolved-reviewed, 0 rule changes (resolution-learned)
report: 2026-07-18 pnl=-81.86
export: docs/data.json written
=== 2026-07-18 07:25:10
monitor: 8 new trades, 0 paper copies (rules v22)
pnl: 6 open updated, total -81.86 (blind bench 4072.51)
review: 1 decisions resolved-reviewed, 0 rule changes (resolution-learned)
report: 2026-07-18 pnl=-81.86
export: docs/data.json written
=== 2026-07-18 07:41:22
monitor: 2 new trades, 0 paper copies (rules v22)
pnl: 6 open updated, total -81.91 (blind bench 4072.30)
review: 0 decisions resolved-reviewed, 0 rule changes (resolution-learned)
report: 2026-07-18 pnl=-81.91
export: docs/data.json written
=== 2026-07-18 07:57:37
monitor: 0 new trades, 0 paper copies (rules v22)
pnl: 6 open updated, total -81.91 (blind bench 4072.30)
review: 0 decisions resolved-reviewed, 0 rule changes (resolution-learned)
report: 2026-07-18 pnl=-81.91
export: docs/data.json written
=== 2026-07-18 08:13:51
monitor: 4 new trades, 0 paper copies (rules v22)
pnl: 6 open updated, total -81.84 (blind bench 4072.56)
review: 0 decisions resolved-reviewed, 0 rule changes (resolution-learned)
report: 2026-07-18 pnl=-81.84
export: docs/data.json written
=== 2026-07-18 08:30:01
monitor: 1 new trades, 0 paper copies (rules v22)
pnl: 6 open updated, total -82.09 (blind bench 4071.98)
review: 16 decisions resolved-reviewed, 0 rule changes (resolution-learned)
report: 2026-07-18 pnl=-82.09
export: docs/data.json written
=== 2026-07-18 08:46:17
monitor: 3 new trades, 0 paper copies (rules v22)
pnl: 6 open updated, total -82.03 (blind bench 4106.54)
review: 0 decisions resolved-reviewed, 0 rule changes (resolution-learned)
report: 2026-07-18 pnl=-82.03
export: docs/data.json written
=== 2026-07-18 09:02:47
monitor: 10 new trades, 0 paper copies (rules v22)
pnl: 6 open updated, total -82.07 (blind bench 4106.45)
review: 0 decisions resolved-reviewed, 0 rule changes (resolution-learned)
report: 2026-07-18 pnl=-82.07
export: docs/data.json written
=== 2026-07-18 09:18:56
monitor: 1 new trades, 0 paper copies (rules v22)
pnl: 6 open updated, total -82.12 (blind bench 4106.41)
review: 0 decisions resolved-reviewed, 0 rule changes (resolution-learned)
report: 2026-07-18 pnl=-82.12
export: docs/data.json written
=== 2026-07-18 09:35:29
monitor: 1 new trades, 0 paper copies (rules v22)
pnl: 6 open updated, total -82.14 (blind bench 4106.37)
review: 0 decisions resolved-reviewed, 0 rule changes (resolution-learned)
report: 2026-07-18 pnl=-82.14
export: docs/data.json written
=== 2026-07-18 09:52:02
monitor: 0 new trades, 0 paper copies (rules v22)
pnl: 6 open updated, total -82.15 (blind bench 4106.35)
review: 0 decisions resolved-reviewed, 0 rule changes (resolution-learned)
report: 2026-07-18 pnl=-82.15
export: docs/data.json written
=== 2026-07-18 10:08:27
monitor: 0 new trades, 0 paper copies (rules v23)
pnl: 8 open updated, total -82.44 (blind bench 4106.37)
review: 0 decisions resolved-reviewed, 0 rule changes (resolution-learned)
arb: 100 events scanned, 2 deviations >=2c logged
report: 2026-07-18 pnl=-82.44
export: docs/data.json written
=== 2026-07-18 10:24:35
monitor: 25 new trades, 0 paper copies (rules v23)
pnl: 8 open updated, total -82.44 (blind bench 4106.37)
review: 0 decisions resolved-reviewed, 0 rule changes (resolution-learned)
arb: 100 events scanned, 2 deviations >=2c logged
report: 2026-07-18 pnl=-82.44
export: docs/data.json written
=== 2026-07-18 10:41:35
monitor: 1 new trades, 0 paper copies (rules v23)
pnl: 8 open updated, total -82.44 (blind bench 4106.37)
review: 1 decisions resolved-reviewed, 0 rule changes (resolution-learned)
arb: 100 events scanned, 1 deviations >=2c logged
report: 2026-07-18 pnl=-82.44
export: docs/data.json written
=== 2026-07-18 10:58:13
ERROR monitor: API failure https://data-api.polymarket.com/trades: <urlopen error [Errno 8] nodename nor servname provided, or not known>
Traceback (most recent call last):
  File "/Users/michalecerik/Developer/hermes-polymarket/bot.py", line 729, in cycle
    fn()
  File "/Users/michalecerik/Developer/hermes-polymarket/bot.py", line 716, in <lambda>
    ("monitor", lambda: step_monitor(c, *get_rules(c))),
  File "/Users/michalecerik/Developer/hermes-polymarket/bot.py", line 310, in step_monitor
    trades = http("%s/trades?user=%s&limit=25" % (DATA_API, addr))
  File "/Users/michalecerik/Developer/hermes-polymarket/bot.py", line 55, in http
    raise RuntimeError("API failure %s: %s" % (url.split("?")[0], last))
RuntimeError: API failure https://data-api.polymarket.com/trades: <urlopen error [Errno 8] nodename nor servname provided, or not known>
ERROR pnl: API failure https://gamma-api.polymarket.com/markets: <urlopen error [Errno 8] nodename nor servname provided, or not known>
Traceback (most recent call last):
  File "/Users/michalecerik/Developer/hermes-polymarket/bot.py", line 729, in cycle
    fn()
  File "/Users/michalecerik/Developer/hermes-polymarket/bot.py", line 717, in <lambda>
    ("pnl", lambda: step_pnl(c)),
  File "/Users/michalecerik/Developer/hermes-polymarket/bot.py", line 403, in step_pnl
    info = market_info(pt["condition_id"])
  File "/Users/michalecerik/Developer/hermes-polymarket/bot.py", line 282, in market_info
    m = http("%s/markets?condition_ids=%s" % (GAMMA, condition_id))
  File "/Users/michalecerik/Developer/hermes-polymarket/bot.py", line 55, in http
    raise RuntimeError("API failure %s: %s" % (url.split("?")[0], last))
RuntimeError: API failure https://gamma-api.polymarket.com/markets: <urlopen error [Errno 8] nodename nor servname provided, or not known>
review: 0 decisions resolved-reviewed, 0 rule changes (resolution-learned)
arb: 100 events scanned, 1 deviations >=2c logged
report: 2026-07-18 pnl=-82.44
export: docs/data.json written
=== 2026-07-18 11:16:03
monitor: 7 new trades, 3 paper copies (rules v23)
pnl: 11 open updated, total -83.36 (blind bench 4106.29)
review: 0 decisions resolved-reviewed, 0 rule changes (resolution-learned)
arb: 100 events scanned, 2 deviations >=2c logged
report: 2026-07-18 pnl=-83.36
export: docs/data.json written
=== 2026-07-18 11:32:39
monitor: 5 new trades, 1 paper copies (rules v23)
pnl: 12 open updated, total -105.30 (blind bench 4093.13)
review: 0 decisions resolved-reviewed, 0 rule changes (resolution-learned)
arb: 100 events scanned, 3 deviations >=2c logged
report: 2026-07-18 pnl=-105.30
export: docs/data.json written
=== 2026-07-18 11:49:18
monitor: 7 new trades, 3 paper copies (rules v23)
pnl: 15 open updated, total -111.66 (blind bench 4089.81)
review: 0 decisions resolved-reviewed, 0 rule changes (resolution-learned)
arb: 100 events scanned, 2 deviations >=2c logged
report: 2026-07-18 pnl=-111.66
export: docs/data.json written
=== 2026-07-18 12:05:54
monitor: 1 new trades, 0 paper copies (rules v23)
pnl: 14 open updated, total -110.84 (blind bench 4090.39)
review: 0 decisions resolved-reviewed, 0 rule changes (resolution-learned)
arb: 100 events scanned, 3 deviations >=2c logged
report: 2026-07-18 pnl=-110.84
export: docs/data.json written
=== 2026-07-18 12:22:34
monitor: 9 new trades, 1 paper copies (rules v23)
pnl: 15 open updated, total -88.47 (blind bench 4108.94)
review: 3 decisions resolved-reviewed, 0 rule changes (resolution-learned)
arb: 100 events scanned, 2 deviations >=2c logged
report: 2026-07-18 pnl=-88.47
export: docs/data.json written
=== 2026-07-18 12:39:11
monitor: 3 new trades, 0 paper copies (rules v23)
pnl: 15 open updated, total -90.41 (blind bench 4137.27)
review: 0 decisions resolved-reviewed, 0 rule changes (resolution-learned)
arb: 100 events scanned, 3 deviations >=2c logged
report: 2026-07-18 pnl=-90.41
export: docs/data.json written
=== 2026-07-18 12:55:48
monitor: 4 new trades, 1 paper copies (rules v23)
pnl: 16 open updated, total -91.34 (blind bench 4133.81)
review: 0 decisions resolved-reviewed, 0 rule changes (resolution-learned)
arb: 100 events scanned, 3 deviations >=2c logged
report: 2026-07-18 pnl=-91.34
export: docs/data.json written
=== 2026-07-18 13:12:32
monitor: 14 new trades, 2 paper copies (rules v23)
pnl: 18 open updated, total -111.92 (blind bench 4117.68)
review: 0 decisions resolved-reviewed, 0 rule changes (resolution-learned)
arb: 100 events scanned, 2 deviations >=2c logged
report: 2026-07-18 pnl=-111.92
export: docs/data.json written
=== 2026-07-18 13:29:17
monitor: 16 new trades, 0 paper copies (rules v23)
pnl: 18 open updated, total -101.17 (blind bench 4124.61)
review: 0 decisions resolved-reviewed, 0 rule changes (resolution-learned)
arb: 100 events scanned, 4 deviations >=2c logged
report: 2026-07-18 pnl=-101.17
export: docs/data.json written
=== 2026-07-18 13:45:59
monitor: 2 new trades, 0 paper copies (rules v23)
pnl: 18 open updated, total -30.08 (blind bench 4165.15)
review: 0 decisions resolved-reviewed, 0 rule changes (resolution-learned)
arb: 100 events scanned, 2 deviations >=2c logged
report: 2026-07-18 pnl=-30.08
export: docs/data.json written
=== 2026-07-18 14:02:35
monitor: 1 new trades, 0 paper copies (rules v23)
pnl: 17 open updated, total -26.07 (blind bench 4175.06)
review: 0 decisions resolved-reviewed, 0 rule changes (resolution-learned)
arb: 100 events scanned, 1 deviations >=2c logged
report: 2026-07-18 pnl=-26.07
export: docs/data.json written
=== 2026-07-18 14:19:15
monitor: 17 new trades, 2 paper copies (rules v23)
pnl: 18 open updated, total -25.98 (blind bench 4173.76)
review: 0 decisions resolved-reviewed, 0 rule changes (resolution-learned)
arb: 100 events scanned, 1 deviations >=2c logged
report: 2026-07-18 pnl=-25.98
export: docs/data.json written
=== 2026-07-18 14:35:58
monitor: 5 new trades, 0 paper copies (rules v23)
pnl: 18 open updated, total -7.70 (blind bench 4224.69)
review: 2 decisions resolved-reviewed, 0 rule changes (resolution-learned)
arb: 100 events scanned, 1 deviations >=2c logged
report: 2026-07-18 pnl=-7.70
export: docs/data.json written
=== 2026-07-18 14:52:46
monitor: 4 new trades, 0 paper copies (rules v23)
pnl: 18 open updated, total -13.95 (blind bench 4205.22)
review: 3 decisions resolved-reviewed, 0 rule changes (resolution-learned)
arb: 100 events scanned, 2 deviations >=2c logged
report: 2026-07-18 pnl=-13.95
export: docs/data.json written
=== 2026-07-18 15:09:14
monitor: 8 new trades, 0 paper copies (rules v23)
pnl: 17 open updated, total 5.73 (blind bench 4229.79)
review: 1 decisions resolved-reviewed, 0 rule changes (resolution-learned)
arb: 100 events scanned, 1 deviations >=2c logged
report: 2026-07-18 pnl=5.73
export: docs/data.json written
=== 2026-07-18 15:25:35
monitor: 10 new trades, 0 paper copies (rules v23)
pnl: 15 open updated, total 7.75 (blind bench 4234.85)
review: 20 decisions resolved-reviewed, 0 rule changes (resolution-learned)
arb: 100 events scanned, 2 deviations >=2c logged
report: 2026-07-18 pnl=7.75
export: docs/data.json written
=== 2026-07-18 15:42:06
monitor: 7 new trades, 1 paper copies (rules v23)
pnl: 16 open updated, total 9.31 (blind bench 4251.54)
review: 4 decisions resolved-reviewed, 0 rule changes (resolution-learned)
arb: 100 events scanned, 3 deviations >=2c logged
report: 2026-07-18 pnl=9.31
export: docs/data.json written
=== 2026-07-18 15:58:31
monitor: 0 new trades, 0 paper copies (rules v23)
pnl: 15 open updated, total -12.07 (blind bench 4232.00)
review: 6 decisions resolved-reviewed, 0 rule changes (resolution-learned)
arb: 100 events scanned, 1 deviations >=2c logged
report: 2026-07-18 pnl=-12.07
export: docs/data.json written
=== 2026-07-18 16:14:55
scan: 500 wallets, 50 profiled, 15 tracked
monitor: 152 new trades, 1 paper copies (rules v23)
pnl: 16 open updated, total -14.85 (blind bench 4248.15)
review: 4 decisions resolved-reviewed, 0 rule changes (resolution-learned)
arb: 100 events scanned, 3 deviations >=2c logged
report: 2026-07-18 pnl=-14.85
export: docs/data.json written
=== 2026-07-18 16:33:51
monitor: 8 new trades, 1 paper copies (rules v23)
pnl: 16 open updated, total -28.63 (blind bench 4221.13)
review: 69 decisions resolved-reviewed, 0 rule changes (resolution-learned)
arb: 100 events scanned, 2 deviations >=2c logged
report: 2026-07-18 pnl=-28.63
export: docs/data.json written
=== 2026-07-18 16:50:29
monitor: 0 new trades, 0 paper copies (rules v23)
pnl: 16 open updated, total -24.91 (blind bench 4322.20)
review: 10 decisions resolved-reviewed, 0 rule changes (resolution-learned)
arb: 100 events scanned, 1 deviations >=2c logged
report: 2026-07-18 pnl=-24.91
export: docs/data.json written
=== 2026-07-18 17:06:50
monitor: 5 new trades, 0 paper copies (rules v23)
pnl: 14 open updated, total -4.14 (blind bench 4422.15)
review: 5 decisions resolved-reviewed, 0 rule changes (resolution-learned)
arb: 100 events scanned, 1 deviations >=2c logged
report: 2026-07-18 pnl=-4.14
export: docs/data.json written
=== 2026-07-18 17:23:10
monitor: 3 new trades, 1 paper copies (rules v23)
pnl: 15 open updated, total 19.27 (blind bench 4500.74)
review: 117 decisions resolved-reviewed, 0 rule changes (resolution-learned)
arb: 100 events scanned, 3 deviations >=2c logged
report: 2026-07-18 pnl=19.27
export: docs/data.json written
=== 2026-07-18 17:39:44
monitor: 7 new trades, 0 paper copies (rules v23)
pnl: 14 open updated, total 14.59 (blind bench 5067.41)
review: 19 decisions resolved-reviewed, 0 rule changes (resolution-learned)
arb: 100 events scanned, 1 deviations >=2c logged
report: 2026-07-18 pnl=14.59
export: docs/data.json written
=== 2026-07-18 17:56:20
monitor: 0 new trades, 0 paper copies (rules v23)
pnl: 13 open updated, total 8.52 (blind bench 5101.10)
review: 17 decisions resolved-reviewed, 0 rule changes (resolution-learned)
arb: 100 events scanned, 1 deviations >=2c logged
report: 2026-07-18 pnl=8.52
export: docs/data.json written
=== 2026-07-18 18:12:42
monitor: 7 new trades, 2 paper copies (rules v23)
pnl: 14 open updated, total 7.07 (blind bench 5096.41)
review: 9 decisions resolved-reviewed, 0 rule changes (resolution-learned)
arb: 100 events scanned, 2 deviations >=2c logged
report: 2026-07-18 pnl=7.07
export: docs/data.json written
=== 2026-07-18 18:29:04
monitor: 5 new trades, 0 paper copies (rules v23)
pnl: 13 open updated, total 25.02 (blind bench 5135.92)
review: 8 decisions resolved-reviewed, 0 rule changes (resolution-learned)
arb: 100 events scanned, 2 deviations >=2c logged
report: 2026-07-18 pnl=25.02
export: docs/data.json written
=== 2026-07-18 18:45:35
monitor: 0 new trades, 0 paper copies (rules v23)
pnl: 13 open updated, total 34.16 (blind bench 5204.03)
review: 16 decisions resolved-reviewed, 0 rule changes (resolution-learned)
arb: 100 events scanned, 2 deviations >=2c logged
report: 2026-07-18 pnl=34.16
export: docs/data.json written
=== 2026-07-18 19:01:54
monitor: 0 new trades, 0 paper copies (rules v23)
pnl: 13 open updated, total 26.09 (blind bench 5210.84)
review: 5 decisions resolved-reviewed, 0 rule changes (resolution-learned)
arb: 100 events scanned, 1 deviations >=2c logged
report: 2026-07-18 pnl=26.09
export: docs/data.json written
=== 2026-07-18 19:18:13
monitor: 12 new trades, 0 paper copies (rules v23)
pnl: 13 open updated, total 37.80 (blind bench 5226.17)
review: 3 decisions resolved-reviewed, 0 rule changes (resolution-learned)
arb: 100 events scanned, 1 deviations >=2c logged
report: 2026-07-18 pnl=37.80
export: docs/data.json written
=== 2026-07-18 19:34:38
monitor: 2 new trades, 0 paper copies (rules v23)
pnl: 13 open updated, total 47.65 (blind bench 5269.26)
review: 3 decisions resolved-reviewed, 0 rule changes (resolution-learned)
arb: 100 events scanned, 2 deviations >=2c logged
report: 2026-07-18 pnl=47.65
export: docs/data.json written
=== 2026-07-18 19:51:03
monitor: 7 new trades, 0 paper copies (rules v23)
pnl: 12 open updated, total 47.53 (blind bench 5296.17)
review: 11 decisions resolved-reviewed, 0 rule changes (resolution-learned)
arb: 100 events scanned, 2 deviations >=2c logged
report: 2026-07-18 pnl=47.53
export: docs/data.json written
=== 2026-07-18 20:07:24
monitor: 2 new trades, 0 paper copies (rules v23)
pnl: 12 open updated, total 47.10 (blind bench 5302.90)
review: 16 decisions resolved-reviewed, 0 rule changes (resolution-learned)
arb: 100 events scanned, 3 deviations >=2c logged
report: 2026-07-18 pnl=47.10
export: docs/data.json written
=== 2026-07-18 20:23:43
monitor: 1 new trades, 0 paper copies (rules v23)
pnl: 12 open updated, total 44.84 (blind bench 5307.24)
review: 40 decisions resolved-reviewed, 0 rule changes (resolution-learned)
arb: 100 events scanned, 3 deviations >=2c logged
report: 2026-07-18 pnl=44.84
export: docs/data.json written
=== 2026-07-18 20:40:08
monitor: 0 new trades, 0 paper copies (rules v23)
pnl: 12 open updated, total 42.58 (blind bench 5350.32)
review: 0 decisions resolved-reviewed, 0 rule changes (resolution-learned)
arb: 100 events scanned, 2 deviations >=2c logged
report: 2026-07-18 pnl=42.58
export: docs/data.json written
=== 2026-07-18 20:56:31
monitor: 3 new trades, 0 paper copies (rules v23)
pnl: 12 open updated, total 40.37 (blind bench 5347.36)
review: 0 decisions resolved-reviewed, 0 rule changes (resolution-learned)
arb: 100 events scanned, 2 deviations >=2c logged
report: 2026-07-18 pnl=40.37
export: docs/data.json written
=== 2026-07-18 21:12:56
monitor: 4 new trades, 0 paper copies (rules v23)
pnl: 12 open updated, total 31.13 (blind bench 5313.80)
review: 3 decisions resolved-reviewed, 0 rule changes (resolution-learned)
arb: 100 events scanned, 3 deviations >=2c logged
report: 2026-07-18 pnl=31.13
export: docs/data.json written
=== 2026-07-18 21:29:19
monitor: 2 new trades, 0 paper copies (rules v23)
pnl: 12 open updated, total 21.39 (blind bench 5284.27)
review: 14 decisions resolved-reviewed, 0 rule changes (resolution-learned)
arb: 100 events scanned, 3 deviations >=2c logged
report: 2026-07-18 pnl=21.39
export: docs/data.json written
=== 2026-07-18 21:45:37
monitor: 4 new trades, 0 paper copies (rules v23)
pnl: 11 open updated, total 19.65 (blind bench 5298.63)
review: 17 decisions resolved-reviewed, 0 rule changes (resolution-learned)
arb: 100 events scanned, 4 deviations >=2c logged
report: 2026-07-18 pnl=19.65
export: docs/data.json written
=== 2026-07-18 22:01:55
monitor: 14 new trades, 0 paper copies (rules v23)
pnl: 11 open updated, total 20.84 (blind bench 5322.38)
review: 24 decisions resolved-reviewed, 0 rule changes (resolution-learned)
arb: 100 events scanned, 3 deviations >=2c logged
report: 2026-07-18 pnl=20.84
export: docs/data.json written
=== 2026-07-18 22:18:13
scan: 500 wallets, 50 profiled, 15 tracked
monitor: 37 new trades, 1 paper copies (rules v23)
pnl: 12 open updated, total 18.86 (blind bench 5393.17)
review: 9 decisions resolved-reviewed, 0 rule changes (resolution-learned)
arb: 100 events scanned, 3 deviations >=2c logged
report: 2026-07-18 pnl=18.86
export: docs/data.json written
=== 2026-07-18 22:34:49
monitor: 6 new trades, 0 paper copies (rules v23)
pnl: 12 open updated, total 15.03 (blind bench 5460.47)
review: 43 decisions resolved-reviewed, 0 rule changes (resolution-learned)
arb: 100 events scanned, 2 deviations >=2c logged
report: 2026-07-18 pnl=15.03
export: docs/data.json written
=== 2026-07-18 22:51:11
monitor: 8 new trades, 0 paper copies (rules v23)
pnl: 12 open updated, total 0.01 (blind bench 5481.52)
review: 17 decisions resolved-reviewed, 0 rule changes (resolution-learned)
arb: 100 events scanned, 5 deviations >=2c logged
report: 2026-07-18 pnl=0.01
export: docs/data.json written
=== 2026-07-18 23:07:24
monitor: 15 new trades, 0 paper copies (rules v23)
pnl: 12 open updated, total -2.33 (blind bench 5492.75)
review: 7 decisions resolved-reviewed, 0 rule changes (resolution-learned)
arb: 100 events scanned, 3 deviations >=2c logged
report: 2026-07-18 pnl=-2.33
export: docs/data.json written
=== 2026-07-18 23:23:45
monitor: 3 new trades, 0 paper copies (rules v23)
pnl: 11 open updated, total 0.93 (blind bench 5553.21)
review: 102 decisions resolved-reviewed, 0 rule changes (resolution-learned)
arb: 100 events scanned, 2 deviations >=2c logged
report: 2026-07-18 pnl=0.93
export: docs/data.json written
=== 2026-07-18 23:40:01
monitor: 7 new trades, 0 paper copies (rules v23)
pnl: 11 open updated, total -2.42 (blind bench 5949.91)
review: 26 decisions resolved-reviewed, 0 rule changes (resolution-learned)
arb: 100 events scanned, 3 deviations >=2c logged
report: 2026-07-18 pnl=-2.42
export: docs/data.json written
=== 2026-07-18 23:56:10
monitor: 5 new trades, 0 paper copies (rules v23)
pnl: 10 open updated, total -2.56 (blind bench 6161.10)
review: 9 decisions resolved-reviewed, 0 rule changes (resolution-learned)
arb: 100 events scanned, 4 deviations >=2c logged
report: 2026-07-18 pnl=-2.56
export: docs/data.json written
=== 2026-07-19 00:12:17
monitor: 4 new trades, 1 paper copies (rules v23)
pnl: 11 open updated, total -8.50 (blind bench 6181.07)
review: 22 decisions resolved-reviewed, 0 rule changes (resolution-learned)
arb: 100 events scanned, 3 deviations >=2c logged
report: 2026-07-19 pnl=-8.50
export: docs/data.json written
=== 2026-07-19 00:28:23
monitor: 1 new trades, 0 paper copies (rules v23)
pnl: 11 open updated, total -4.95 (blind bench 6273.29)
review: 6 decisions resolved-reviewed, 0 rule changes (resolution-learned)
arb: 100 events scanned, 3 deviations >=2c logged
report: 2026-07-19 pnl=-4.95
export: docs/data.json written
=== 2026-07-19 00:44:29
monitor: 2 new trades, 0 paper copies (rules v23)
pnl: 11 open updated, total 6.06 (blind bench 6284.32)
review: 2 decisions resolved-reviewed, 0 rule changes (resolution-learned)
arb: 100 events scanned, 3 deviations >=2c logged
report: 2026-07-19 pnl=6.06
export: docs/data.json written
=== 2026-07-19 01:00:32
monitor: 0 new trades, 0 paper copies (rules v23)
pnl: 10 open updated, total 2.61 (blind bench 6280.47)
review: 5 decisions resolved-reviewed, 0 rule changes (resolution-learned)
arb: 100 events scanned, 3 deviations >=2c logged
report: 2026-07-19 pnl=2.61
export: docs/data.json written
=== 2026-07-19 01:16:36
monitor: 1 new trades, 0 paper copies (rules v23)
pnl: 10 open updated, total 0.68 (blind bench 6291.33)
review: 23 decisions resolved-reviewed, 0 rule changes (resolution-learned)
arb: 100 events scanned, 4 deviations >=2c logged
report: 2026-07-19 pnl=0.68
export: docs/data.json written
=== 2026-07-19 02:21:02
monitor: 1 new trades, 0 paper copies (rules v23)
pnl: 10 open updated, total 9.77 (blind bench 6346.83)
review: 9 decisions resolved-reviewed, 0 rule changes (resolution-learned)
arb: 100 events scanned, 5 deviations >=2c logged
report: 2026-07-19 pnl=9.77
export: docs/data.json written
=== 2026-07-19 06:11:15
scan: 500 wallets, 50 profiled, 15 tracked
monitor: 252 new trades, 1 paper copies (rules v23)
pnl: 9 open updated, total -8.85 (blind bench 6346.77)
review: 67 decisions resolved-reviewed, 0 rule changes (resolution-learned)
arb: 100 events scanned, 2 deviations >=2c logged
report: 2026-07-19 pnl=-8.85
export: docs/data.json written
=== 2026-07-19 08:02:56
monitor: 8 new trades, 4 paper copies (rules v23)
pnl: 12 open updated, total -9.47 (blind bench 6504.16)
review: 210 decisions resolved-reviewed, 0 rule changes (resolution-learned)
arb: 100 events scanned, 5 deviations >=2c logged
report: 2026-07-19 pnl=-9.47
export: docs/data.json written
=== 2026-07-19 08:19:19
monitor: 5 new trades, 0 paper copies (rules v23)
pnl: 12 open updated, total -9.40 (blind bench 7171.66)
review: 7 decisions resolved-reviewed, 0 rule changes (resolution-learned)
arb: 100 events scanned, 2 deviations >=2c logged
report: 2026-07-19 pnl=-9.40
export: docs/data.json written
=== 2026-07-19 08:35:31
monitor: 2 new trades, 0 paper copies (rules v23)
pnl: 12 open updated, total -9.46 (blind bench 7187.21)
review: 10 decisions resolved-reviewed, 0 rule changes (resolution-learned)
arb: 100 events scanned, 4 deviations >=2c logged
report: 2026-07-19 pnl=-9.46
export: docs/data.json written
=== 2026-07-19 08:51:47
monitor: 4 new trades, 2 paper copies (rules v23)
pnl: 14 open updated, total -9.89 (blind bench 7193.47)
review: 0 decisions resolved-reviewed, 0 rule changes (resolution-learned)
arb: 100 events scanned, 2 deviations >=2c logged
report: 2026-07-19 pnl=-9.89
export: docs/data.json written
=== 2026-07-19 09:07:56
monitor: 5 new trades, 1 paper copies (rules v23)
pnl: 15 open updated, total -7.83 (blind bench 7194.88)
review: 0 decisions resolved-reviewed, 0 rule changes (resolution-learned)
arb: 100 events scanned, 6 deviations >=2c logged
report: 2026-07-19 pnl=-7.83
export: docs/data.json written
=== 2026-07-19 09:24:07
monitor: 0 new trades, 0 paper copies (rules v23)
pnl: 15 open updated, total -7.81 (blind bench 7194.93)
review: 0 decisions resolved-reviewed, 0 rule changes (resolution-learned)
arb: 100 events scanned, 3 deviations >=2c logged
report: 2026-07-19 pnl=-7.81
export: docs/data.json written
=== 2026-07-19 09:40:12
monitor: 8 new trades, 0 paper copies (rules v23)
pnl: 15 open updated, total -9.39 (blind bench 7192.81)
review: 0 decisions resolved-reviewed, 0 rule changes (resolution-learned)
arb: 100 events scanned, 4 deviations >=2c logged
report: 2026-07-19 pnl=-9.39
export: docs/data.json written
=== 2026-07-19 09:56:16
monitor: 1 new trades, 0 paper copies (rules v23)
pnl: 15 open updated, total -7.94 (blind bench 7193.69)
review: 0 decisions resolved-reviewed, 0 rule changes (resolution-learned)
arb: 100 events scanned, 4 deviations >=2c logged
report: 2026-07-19 pnl=-7.94
export: docs/data.json written
=== 2026-07-19 10:12:20
monitor: 5 new trades, 0 paper copies (rules v23)
pnl: 15 open updated, total -8.90 (blind bench 7187.29)
review: 0 decisions resolved-reviewed, 0 rule changes (resolution-learned)
arb: 100 events scanned, 3 deviations >=2c logged
report: 2026-07-19 pnl=-8.90
export: docs/data.json written
=== 2026-07-19 10:28:30
monitor: 6 new trades, 0 paper copies (rules v23)
pnl: 15 open updated, total -16.61 (blind bench 7184.07)
review: 0 decisions resolved-reviewed, 0 rule changes (resolution-learned)
arb: 100 events scanned, 4 deviations >=2c logged
report: 2026-07-19 pnl=-16.61
export: docs/data.json written
=== 2026-07-19 10:44:37
monitor: 4 new trades, 0 paper copies (rules v23)
pnl: 15 open updated, total -31.20 (blind bench 7171.79)
review: 0 decisions resolved-reviewed, 0 rule changes (resolution-learned)
arb: 100 events scanned, 4 deviations >=2c logged
report: 2026-07-19 pnl=-31.20
export: docs/data.json written
=== 2026-07-19 11:00:42
monitor: 5 new trades, 3 paper copies (rules v23)
pnl: 18 open updated, total -28.75 (blind bench 7166.17)
review: 0 decisions resolved-reviewed, 0 rule changes (resolution-learned)
arb: 100 events scanned, 3 deviations >=2c logged
report: 2026-07-19 pnl=-28.75
export: docs/data.json written
=== 2026-07-19 11:16:46
monitor: 4 new trades, 1 paper copies (rules v23)
pnl: 19 open updated, total -30.49 (blind bench 7164.61)
review: 0 decisions resolved-reviewed, 0 rule changes (resolution-learned)
arb: 100 events scanned, 4 deviations >=2c logged
report: 2026-07-19 pnl=-30.49
export: docs/data.json written
=== 2026-07-19 11:32:57
monitor: 0 new trades, 0 paper copies (rules v23)
pnl: 18 open updated, total -50.00 (blind bench 7140.85)
review: 0 decisions resolved-reviewed, 0 rule changes (resolution-learned)
arb: 100 events scanned, 5 deviations >=2c logged
report: 2026-07-19 pnl=-50.00
export: docs/data.json written
=== 2026-07-19 11:48:59
monitor: 5 new trades, 0 paper copies (rules v23)
pnl: 18 open updated, total -52.39 (blind bench 7137.72)
review: 0 decisions resolved-reviewed, 0 rule changes (resolution-learned)
arb: 100 events scanned, 4 deviations >=2c logged
report: 2026-07-19 pnl=-52.39
export: docs/data.json written
=== 2026-07-19 12:05:13
monitor: 6 new trades, 0 paper copies (rules v23)
pnl: 16 open updated, total -65.60 (blind bench 7127.67)
review: 0 decisions resolved-reviewed, 0 rule changes (resolution-learned)
arb: 100 events scanned, 4 deviations >=2c logged
report: 2026-07-19 pnl=-65.60
export: docs/data.json written
=== 2026-07-19 12:21:26
scan: 500 wallets, 50 profiled, 15 tracked
monitor: 127 new trades, 0 paper copies (rules v23)
pnl: 16 open updated, total -69.49 (blind bench 7158.77)
review: 1 decisions resolved-reviewed, 0 rule changes (resolution-learned)
arb: 100 events scanned, 4 deviations >=2c logged
report: 2026-07-19 pnl=-69.49
export: docs/data.json written
=== 2026-07-19 12:38:43
monitor: 9 new trades, 0 paper copies (rules v23)
pnl: 16 open updated, total -65.65 (blind bench 7175.66)
review: 4 decisions resolved-reviewed, 0 rule changes (resolution-learned)
arb: 100 events scanned, 3 deviations >=2c logged
report: 2026-07-19 pnl=-65.65
export: docs/data.json written
=== 2026-07-19 12:54:52
monitor: 3 new trades, 0 paper copies (rules v23)
pnl: 16 open updated, total -60.26 (blind bench 7199.11)
review: 1 decisions resolved-reviewed, 0 rule changes (resolution-learned)
arb: 100 events scanned, 4 deviations >=2c logged
report: 2026-07-19 pnl=-60.26
export: docs/data.json written
=== 2026-07-19 13:10:56
monitor: 15 new trades, 0 paper copies (rules v23)
pnl: 16 open updated, total -61.82 (blind bench 7152.54)
review: 0 decisions resolved-reviewed, 0 rule changes (resolution-learned)
arb: 100 events scanned, 4 deviations >=2c logged
report: 2026-07-19 pnl=-61.82
export: docs/data.json written
=== 2026-07-19 15:12:22
monitor: 93 new trades, 0 paper copies (rules v23)
pnl: 16 open updated, total -70.71 (blind bench 7060.09)
review: 112 decisions resolved-reviewed, 0 rule changes (resolution-learned)
arb: 100 events scanned, 4 deviations >=2c logged
report: 2026-07-19 pnl=-70.71
export: docs/data.json written
=== 2026-07-19 15:29:29
monitor: 43 new trades, 0 paper copies (rules v23)
pnl: 13 open updated, total -67.80 (blind bench 7301.88)
review: 22 decisions resolved-reviewed, 0 rule changes (resolution-learned)
arb: 100 events scanned, 4 deviations >=2c logged
report: 2026-07-19 pnl=-67.80
export: docs/data.json written
=== 2026-07-19 15:45:46
monitor: 26 new trades, 0 paper copies (rules v23)
pnl: 13 open updated, total -83.78 (blind bench 7311.27)
review: 0 decisions resolved-reviewed, 0 rule changes (resolution-learned)
arb: 100 events scanned, 4 deviations >=2c logged
report: 2026-07-19 pnl=-83.78
export: docs/data.json written
=== 2026-07-19 16:01:58
monitor: 12 new trades, 0 paper copies (rules v23)
pnl: 13 open updated, total -82.76 (blind bench 7303.38)
review: 1 decisions resolved-reviewed, 0 rule changes (resolution-learned)
arb: 100 events scanned, 4 deviations >=2c logged
report: 2026-07-19 pnl=-82.76
export: docs/data.json written
=== 2026-07-19 16:18:13
monitor: 8 new trades, 0 paper copies (rules v23)
pnl: 13 open updated, total -109.54 (blind bench 7279.32)
review: 29 decisions resolved-reviewed, 0 rule changes (resolution-learned)
arb: 100 events scanned, 3 deviations >=2c logged
report: 2026-07-19 pnl=-109.53
export: docs/data.json written
=== 2026-07-19 16:34:26
monitor: 14 new trades, 0 paper copies (rules v23)
pnl: 13 open updated, total -107.63 (blind bench 7335.16)
review: 40 decisions resolved-reviewed, 0 rule changes (resolution-learned)
arb: 100 events scanned, 2 deviations >=2c logged
report: 2026-07-19 pnl=-107.63
export: docs/data.json written
=== 2026-07-19 16:50:46
monitor: 22 new trades, 0 paper copies (rules v23)
pnl: 11 open updated, total -100.90 (blind bench 7435.27)
review: 39 decisions resolved-reviewed, 0 rule changes (resolution-learned)
arb: 100 events scanned, 3 deviations >=2c logged
report: 2026-07-19 pnl=-100.90
export: docs/data.json written
=== 2026-07-19 17:07:01
monitor: 34 new trades, 0 paper copies (rules v23)
pnl: 11 open updated, total -95.98 (blind bench 7452.34)
review: 5 decisions resolved-reviewed, 0 rule changes (resolution-learned)
arb: 100 events scanned, 4 deviations >=2c logged
report: 2026-07-19 pnl=-95.98
export: docs/data.json written
=== 2026-07-19 17:23:18
monitor: 34 new trades, 0 paper copies (rules v23)
pnl: 11 open updated, total -103.66 (blind bench 7384.43)
review: 4 decisions resolved-reviewed, 0 rule changes (resolution-learned)
arb: 100 events scanned, 4 deviations >=2c logged
report: 2026-07-19 pnl=-103.66
export: docs/data.json written
=== 2026-07-19 17:39:35
monitor: 8 new trades, 0 paper copies (rules v23)
pnl: 11 open updated, total -110.98 (blind bench 7438.40)
review: 0 decisions resolved-reviewed, 0 rule changes (resolution-learned)
arb: 100 events scanned, 4 deviations >=2c logged
report: 2026-07-19 pnl=-110.98
export: docs/data.json written
=== 2026-07-19 17:55:49
monitor: 12 new trades, 0 paper copies (rules v23)
pnl: 11 open updated, total -122.19 (blind bench 7292.77)
review: 2 decisions resolved-reviewed, 0 rule changes (resolution-learned)
arb: 100 events scanned, 4 deviations >=2c logged
report: 2026-07-19 pnl=-122.19
export: docs/data.json written
=== 2026-07-19 18:12:06
monitor: 43 new trades, 0 paper copies (rules v23)
pnl: 10 open updated, total -128.67 (blind bench 7236.30)
review: 3 decisions resolved-reviewed, 0 rule changes (resolution-learned)
arb: 100 events scanned, 5 deviations >=2c logged
report: 2026-07-19 pnl=-128.67
export: docs/data.json written
=== 2026-07-19 18:28:27
scan: 500 wallets, 50 profiled, 15 tracked
monitor: 237 new trades, 0 paper copies (rules v23)
pnl: 9 open updated, total -127.50 (blind bench 7245.69)
review: 62 decisions resolved-reviewed, 0 rule changes (resolution-learned)
arb: 100 events scanned, 2 deviations >=2c logged
report: 2026-07-19 pnl=-127.50
export: docs/data.json written
=== 2026-07-19 18:47:02
monitor: 87 new trades, 0 paper copies (rules v23)
pnl: 9 open updated, total -128.81 (blind bench 7715.38)
review: 8 decisions resolved-reviewed, 0 rule changes (resolution-learned)
arb: 100 events scanned, 2 deviations >=2c logged
report: 2026-07-19 pnl=-128.81
export: docs/data.json written
=== 2026-07-19 19:03:32
monitor: 84 new trades, 0 paper copies (rules v23)
pnl: 8 open updated, total -118.10 (blind bench 7729.89)
review: 2 decisions resolved-reviewed, 0 rule changes (resolution-learned)
arb: 100 events scanned, 4 deviations >=2c logged
report: 2026-07-19 pnl=-118.10
export: docs/data.json written
=== 2026-07-19 19:20:02
monitor: 82 new trades, 0 paper copies (rules v23)
pnl: 8 open updated, total -124.00 (blind bench 7768.55)
review: 9 decisions resolved-reviewed, 0 rule changes (resolution-learned)
arb: 100 events scanned, 4 deviations >=2c logged
report: 2026-07-19 pnl=-124.00
export: docs/data.json written
=== 2026-07-19 19:36:32
monitor: 89 new trades, 0 paper copies (rules v23)
pnl: 8 open updated, total -133.78 (blind bench 7742.07)
review: 129 decisions resolved-reviewed, 0 rule changes (resolution-learned)
arb: 100 events scanned, 3 deviations >=2c logged
report: 2026-07-19 pnl=-133.78
export: docs/data.json written
=== 2026-07-19 19:53:50
monitor: 93 new trades, 0 paper copies (rules v23)
pnl: 8 open updated, total -138.85 (blind bench 8189.24)
review: 70 decisions resolved-reviewed, 0 rule changes (resolution-learned)
arb: 100 events scanned, 5 deviations >=2c logged
report: 2026-07-19 pnl=-138.85
export: docs/data.json written
=== 2026-07-19 20:10:49
monitor: 126 new trades, 0 paper copies (rules v23)
pnl: 7 open updated, total -149.60 (blind bench 8332.79)
review: 0 decisions resolved-reviewed, 0 rule changes (resolution-learned)
arb: 100 events scanned, 2 deviations >=2c logged
report: 2026-07-19 pnl=-149.60
export: docs/data.json written
=== 2026-07-19 20:27:50
monitor: 115 new trades, 0 paper copies (rules v23)
pnl: 7 open updated, total -145.18 (blind bench 8376.06)
review: 38 decisions resolved-reviewed, 0 rule changes (resolution-learned)
arb: 100 events scanned, 4 deviations >=2c logged
report: 2026-07-19 pnl=-145.18
export: docs/data.json written
=== 2026-07-19 20:44:54
monitor: 82 new trades, 0 paper copies (rules v23)
pnl: 7 open updated, total -156.51 (blind bench 8407.70)
review: 6 decisions resolved-reviewed, 0 rule changes (resolution-learned)
arb: 100 events scanned, 5 deviations >=2c logged
report: 2026-07-19 pnl=-156.51
export: docs/data.json written
=== 2026-07-19 21:01:52
monitor: 26 new trades, 0 paper copies (rules v23)
pnl: 7 open updated, total -158.21 (blind bench 8448.25)
review: 20 decisions resolved-reviewed, 0 rule changes (resolution-learned)
arb: 100 events scanned, 3 deviations >=2c logged
report: 2026-07-19 pnl=-158.21
export: docs/data.json written
=== 2026-07-19 21:18:38
monitor: 45 new trades, 0 paper copies (rules v23)
pnl: 7 open updated, total -160.51 (blind bench 8565.49)
review: 8 decisions resolved-reviewed, 0 rule changes (resolution-learned)
arb: 100 events scanned, 3 deviations >=2c logged
report: 2026-07-19 pnl=-160.51
export: docs/data.json written
=== 2026-07-19 21:35:27
monitor: 99 new trades, 0 paper copies (rules v23)
pnl: 5 open updated, total -168.66 (blind bench 8551.62)
review: 12 decisions resolved-reviewed, 0 rule changes (resolution-learned)
arb: 100 events scanned, 0 deviations >=2c logged
report: 2026-07-19 pnl=-168.66
export: docs/data.json written
=== 2026-07-19 21:52:34
monitor: 106 new trades, 0 paper copies (rules v23)
pnl: 5 open updated, total -135.16 (blind bench 9030.38)
review: 16 decisions resolved-reviewed, 0 rule changes (resolution-learned)
arb: 100 events scanned, 1 deviations >=2c logged
report: 2026-07-19 pnl=-135.16
export: docs/data.json written
=== 2026-07-19 22:09:42
monitor: 100 new trades, 0 paper copies (rules v23)
pnl: 5 open updated, total -127.36 (blind bench 9147.64)
review: 6 decisions resolved-reviewed, 0 rule changes (resolution-learned)
arb: 100 events scanned, 1 deviations >=2c logged
report: 2026-07-19 pnl=-127.36
export: docs/data.json written
=== 2026-07-19 22:26:48
monitor: 92 new trades, 0 paper copies (rules v23)
pnl: 3 open updated, total -127.64 (blind bench 9146.97)
review: 138 decisions resolved-reviewed, 0 rule changes (resolution-learned)
arb: 100 events scanned, 1 deviations >=2c logged
report: 2026-07-19 pnl=-127.64
export: docs/data.json written
=== 2026-07-19 22:43:57
monitor: 91 new trades, 0 paper copies (rules v23)
pnl: 3 open updated, total -144.44 (blind bench 9484.09)
review: 193 decisions resolved-reviewed, 0 rule changes (resolution-learned)
arb: 100 events scanned, 1 deviations >=2c logged
report: 2026-07-19 pnl=-144.44
export: docs/data.json written
=== 2026-07-19 23:01:02
monitor: 58 new trades, 0 paper copies (rules v23)
pnl: 2 open updated, total -144.23 (blind bench 9759.20)
review: 52 decisions resolved-reviewed, 0 rule changes (resolution-learned)
arb: 100 events scanned, 0 deviations >=2c logged
report: 2026-07-19 pnl=-144.23
export: docs/data.json written
=== 2026-07-19 23:17:34
monitor: 47 new trades, 0 paper copies (rules v23)
pnl: 2 open updated, total -144.48 (blind bench 9899.05)
review: 19 decisions resolved-reviewed, 0 rule changes (resolution-learned)
arb: 100 events scanned, 1 deviations >=2c logged
report: 2026-07-19 pnl=-144.48
export: docs/data.json written
=== 2026-07-19 23:33:59
monitor: 27 new trades, 0 paper copies (rules v23)
pnl: 2 open updated, total -144.65 (blind bench 9917.10)
review: 12 decisions resolved-reviewed, 0 rule changes (resolution-learned)
arb: 100 events scanned, 1 deviations >=2c logged
report: 2026-07-19 pnl=-144.65
export: docs/data.json written
=== 2026-07-19 23:50:30
monitor: 54 new trades, 0 paper copies (rules v23)
pnl: 2 open updated, total -144.52 (blind bench 9997.63)
review: 21 decisions resolved-reviewed, 0 rule changes (resolution-learned)
arb: 100 events scanned, 0 deviations >=2c logged
report: 2026-07-19 pnl=-144.52
export: docs/data.json written
=== 2026-07-20 00:07:09
monitor: 69 new trades, 0 paper copies (rules v23)
pnl: 2 open updated, total -144.50 (blind bench 10027.24)
review: 26 decisions resolved-reviewed, 0 rule changes (resolution-learned)
arb: 100 events scanned, 2 deviations >=2c logged
report: 2026-07-20 pnl=-144.50
export: docs/data.json written
=== 2026-07-20 00:23:50
monitor: 65 new trades, 0 paper copies (rules v23)
pnl: 2 open updated, total -144.50 (blind bench 10059.08)
review: 109 decisions resolved-reviewed, 0 rule changes (resolution-learned)
arb: 100 events scanned, 5 deviations >=2c logged
report: 2026-07-20 pnl=-144.50
export: docs/data.json written
=== 2026-07-20 00:40:32
scan: 500 wallets, 50 profiled, 15 tracked
monitor: 91 new trades, 1 paper copies (rules v23)
pnl: 3 open updated, total -144.62 (blind bench 10146.09)
review: 257 decisions resolved-reviewed, 0 rule changes (resolution-learned)
arb: 100 events scanned, 5 deviations >=2c logged
report: 2026-07-20 pnl=-144.62
export: docs/data.json written
=== 2026-07-20 00:58:56
monitor: 1 new trades, 0 paper copies (rules v23)
pnl: 3 open updated, total -144.57 (blind bench 18141.69)
review: 176 decisions resolved-reviewed, 0 rule changes (resolution-learned)
arb: 100 events scanned, 8 deviations >=2c logged
report: 2026-07-20 pnl=-144.57
export: docs/data.json written
=== 2026-07-20 01:15:31
monitor: 1 new trades, 0 paper copies (rules v23)
pnl: 3 open updated, total -144.57 (blind bench 19358.13)
review: 1 decisions resolved-reviewed, 0 rule changes (resolution-learned)
arb: 100 events scanned, 6 deviations >=2c logged
report: 2026-07-20 pnl=-144.57
export: docs/data.json written
=== 2026-07-20 01:32:03
monitor: 0 new trades, 0 paper copies (rules v23)
pnl: 3 open updated, total -144.57 (blind bench 19358.14)
review: 17 decisions resolved-reviewed, 0 rule changes (resolution-learned)
arb: 100 events scanned, 4 deviations >=2c logged
report: 2026-07-20 pnl=-144.57
export: docs/data.json written
=== 2026-07-20 01:48:38
monitor: 0 new trades, 0 paper copies (rules v23)
pnl: 3 open updated, total -144.63 (blind bench 19355.57)
review: 88 decisions resolved-reviewed, 0 rule changes (resolution-learned)
arb: 100 events scanned, 4 deviations >=2c logged
report: 2026-07-20 pnl=-144.63
export: docs/data.json written
=== 2026-07-20 02:05:20
monitor: 1 new trades, 1 paper copies (rules v23)
pnl: 4 open updated, total -144.89 (blind bench 19727.41)
review: 0 decisions resolved-reviewed, 0 rule changes (resolution-learned)
arb: 100 events scanned, 3 deviations >=2c logged
report: 2026-07-20 pnl=-144.89
export: docs/data.json written
=== 2026-07-20 02:21:54
monitor: 2 new trades, 1 paper copies (rules v23)
pnl: 5 open updated, total -144.82 (blind bench 19727.51)
review: 0 decisions resolved-reviewed, 0 rule changes (resolution-learned)
arb: 100 events scanned, 5 deviations >=2c logged
report: 2026-07-20 pnl=-144.82
export: docs/data.json written
=== 2026-07-20 02:38:27
monitor: 1 new trades, 0 paper copies (rules v23)
pnl: 5 open updated, total -144.97 (blind bench 19719.86)
review: 9 decisions resolved-reviewed, 0 rule changes (resolution-learned)
arb: 100 events scanned, 6 deviations >=2c logged
report: 2026-07-20 pnl=-144.97
export: docs/data.json written
=== 2026-07-20 02:55:01
monitor: 0 new trades, 0 paper copies (rules v23)
pnl: 5 open updated, total -144.85 (blind bench 19766.01)
review: 36 decisions resolved-reviewed, 0 rule changes (resolution-learned)
arb: 100 events scanned, 5 deviations >=2c logged
report: 2026-07-20 pnl=-144.85
export: docs/data.json written
=== 2026-07-20 03:11:34
monitor: 0 new trades, 0 paper copies (rules v23)
pnl: 5 open updated, total -145.02 (blind bench 19797.12)
review: 0 decisions resolved-reviewed, 0 rule changes (resolution-learned)
arb: 100 events scanned, 4 deviations >=2c logged
report: 2026-07-20 pnl=-145.02
export: docs/data.json written
=== 2026-07-20 03:28:08
monitor: 0 new trades, 0 paper copies (rules v23)
pnl: 5 open updated, total -145.03 (blind bench 19797.10)
review: 3 decisions resolved-reviewed, 0 rule changes (resolution-learned)
arb: 100 events scanned, 2 deviations >=2c logged
report: 2026-07-20 pnl=-145.03
export: docs/data.json written
=== 2026-07-20 03:44:45
monitor: 0 new trades, 0 paper copies (rules v23)
pnl: 5 open updated, total -145.02 (blind bench 19797.12)
review: 5 decisions resolved-reviewed, 0 rule changes (resolution-learned)
arb: 100 events scanned, 7 deviations >=2c logged
report: 2026-07-20 pnl=-145.02
export: docs/data.json written
=== 2026-07-20 04:01:19
monitor: 0 new trades, 0 paper copies (rules v23)
pnl: 5 open updated, total -144.74 (blind bench 19797.31)
review: 0 decisions resolved-reviewed, 0 rule changes (resolution-learned)
arb: 100 events scanned, 4 deviations >=2c logged
report: 2026-07-20 pnl=-144.74
export: docs/data.json written
=== 2026-07-20 04:17:51
monitor: 0 new trades, 0 paper copies (rules v23)
pnl: 5 open updated, total -144.89 (blind bench 19797.19)
review: 0 decisions resolved-reviewed, 0 rule changes (resolution-learned)
arb: 100 events scanned, 6 deviations >=2c logged
report: 2026-07-20 pnl=-144.89
export: docs/data.json written
=== 2026-07-20 04:34:24
monitor: 1 new trades, 1 paper copies (rules v23)
pnl: 6 open updated, total -145.10 (blind bench 19797.20)
review: 8 decisions resolved-reviewed, 0 rule changes (resolution-learned)
arb: 100 events scanned, 4 deviations >=2c logged
report: 2026-07-20 pnl=-145.10
export: docs/data.json written
=== 2026-07-20 04:50:56
monitor: 1 new trades, 0 paper copies (rules v23)
pnl: 6 open updated, total -145.20 (blind bench 19798.16)
review: 0 decisions resolved-reviewed, 0 rule changes (resolution-learned)
arb: 100 events scanned, 7 deviations >=2c logged
report: 2026-07-20 pnl=-145.20
export: docs/data.json written
=== 2026-07-20 05:07:30
monitor: 0 new trades, 0 paper copies (rules v23)
pnl: 6 open updated, total -145.20 (blind bench 19798.16)
review: 2 decisions resolved-reviewed, 0 rule changes (resolution-learned)
arb: 100 events scanned, 9 deviations >=2c logged
report: 2026-07-20 pnl=-145.20
export: docs/data.json written
=== 2026-07-20 05:24:03
monitor: 0 new trades, 0 paper copies (rules v23)
pnl: 6 open updated, total -145.24 (blind bench 19819.88)
review: 28 decisions resolved-reviewed, 0 rule changes (resolution-learned)
arb: 100 events scanned, 7 deviations >=2c logged
report: 2026-07-20 pnl=-145.24
export: docs/data.json written
=== 2026-07-20 05:40:37
monitor: 0 new trades, 0 paper copies (rules v23)
pnl: 6 open updated, total -145.17 (blind bench 19896.02)
review: 6 decisions resolved-reviewed, 0 rule changes (resolution-learned)
arb: 100 events scanned, 6 deviations >=2c logged
report: 2026-07-20 pnl=-145.17
export: docs/data.json written
=== 2026-07-20 05:57:12
monitor: 1 new trades, 1 paper copies (rules v23)
pnl: 7 open updated, total -145.40 (blind bench 19906.71)
review: 0 decisions resolved-reviewed, 0 rule changes (resolution-learned)
arb: 100 events scanned, 5 deviations >=2c logged
report: 2026-07-20 pnl=-145.40
export: docs/data.json written
=== 2026-07-20 06:13:45
monitor: 1 new trades, 0 paper copies (rules v23)
pnl: 7 open updated, total -145.65 (blind bench 19906.39)
review: 17 decisions resolved-reviewed, 0 rule changes (resolution-learned)
arb: 100 events scanned, 5 deviations >=2c logged
report: 2026-07-20 pnl=-145.65
export: docs/data.json written
=== 2026-07-20 06:30:22
monitor: 1 new trades, 0 paper copies (rules v23)
pnl: 7 open updated, total -145.70 (blind bench 19914.16)
review: 16 decisions resolved-reviewed, 0 rule changes (resolution-learned)
arb: 100 events scanned, 5 deviations >=2c logged
report: 2026-07-20 pnl=-145.70
export: docs/data.json written
=== 2026-07-20 06:46:58
scan: 500 wallets, 50 profiled, 15 tracked
monitor: 203 new trades, 4 paper copies (rules v23)
pnl: 11 open updated, total -145.72 (blind bench 19947.62)
review: 1 decisions resolved-reviewed, 0 rule changes (resolution-learned)
arb: 100 events scanned, 5 deviations >=2c logged
report: 2026-07-20 pnl=-145.72
export: docs/data.json written
=== 2026-07-20 07:07:35
monitor: 0 new trades, 0 paper copies (rules v23)
pnl: 11 open updated, total -146.02 (blind bench 19951.47)
review: 0 decisions resolved-reviewed, 0 rule changes (resolution-learned)
arb: 100 events scanned, 4 deviations >=2c logged
report: 2026-07-20 pnl=-146.01
export: docs/data.json written
=== 2026-07-20 07:24:08
monitor: 1 new trades, 1 paper copies (rules v23)
pnl: 12 open updated, total -144.24 (blind bench 19963.36)
review: 5 decisions resolved-reviewed, 0 rule changes (resolution-learned)
arb: 100 events scanned, 3 deviations >=2c logged
report: 2026-07-20 pnl=-144.24
export: docs/data.json written
=== 2026-07-20 07:40:47
monitor: 1 new trades, 0 paper copies (rules v23)
pnl: 12 open updated, total -140.45 (blind bench 20033.23)
review: 0 decisions resolved-reviewed, 0 rule changes (resolution-learned)
arb: 100 events scanned, 3 deviations >=2c logged
report: 2026-07-20 pnl=-140.45
export: docs/data.json written
=== 2026-07-20 07:57:23
monitor: 1 new trades, 1 paper copies (rules v23)
pnl: 13 open updated, total -140.48 (blind bench 20039.45)
review: 157 decisions resolved-reviewed, 0 rule changes (resolution-learned)
arb: 100 events scanned, 3 deviations >=2c logged
report: 2026-07-20 pnl=-140.48
export: docs/data.json written
=== 2026-07-20 08:14:14
monitor: 9 new trades, 0 paper copies (rules v23)
pnl: 13 open updated, total -142.51 (blind bench 21093.78)
review: 8 decisions resolved-reviewed, 0 rule changes (resolution-learned)
arb: 100 events scanned, 4 deviations >=2c logged
report: 2026-07-20 pnl=-142.51
export: docs/data.json written
=== 2026-07-20 08:30:55
monitor: 6 new trades, 0 paper copies (rules v23)
pnl: 13 open updated, total -147.21 (blind bench 21067.84)
review: 7 decisions resolved-reviewed, 0 rule changes (resolution-learned)
arb: 100 events scanned, 2 deviations >=2c logged
report: 2026-07-20 pnl=-147.21
export: docs/data.json written
=== 2026-07-20 08:47:36
monitor: 3 new trades, 0 paper copies (rules v23)
pnl: 13 open updated, total -119.18 (blind bench 21189.92)
review: 0 decisions resolved-reviewed, 0 rule changes (resolution-learned)
arb: 100 events scanned, 2 deviations >=2c logged
report: 2026-07-20 pnl=-119.18
export: docs/data.json written
=== 2026-07-20 09:04:20
monitor: 1 new trades, 0 paper copies (rules v23)
pnl: 11 open updated, total -113.77 (blind bench 21220.32)
review: 0 decisions resolved-reviewed, 0 rule changes (resolution-learned)
arb: 100 events scanned, 1 deviations >=2c logged
report: 2026-07-20 pnl=-113.77
export: docs/data.json written
=== 2026-07-20 09:20:59
monitor: 8 new trades, 0 paper copies (rules v23)
pnl: 11 open updated, total -107.84 (blind bench 21219.53)
review: 2 decisions resolved-reviewed, 0 rule changes (resolution-learned)
arb: 100 events scanned, 2 deviations >=2c logged
report: 2026-07-20 pnl=-107.84
export: docs/data.json written
=== 2026-07-20 09:37:41
monitor: 1 new trades, 0 paper copies (rules v23)
pnl: 11 open updated, total -105.64 (blind bench 21218.46)
review: 0 decisions resolved-reviewed, 0 rule changes (resolution-learned)
arb: 100 events scanned, 2 deviations >=2c logged
report: 2026-07-20 pnl=-105.64
export: docs/data.json written
=== 2026-07-20 09:54:23
monitor: 7 new trades, 1 paper copies (rules v23)
pnl: 12 open updated, total -104.64 (blind bench 21225.31)
review: 10 decisions resolved-reviewed, 0 rule changes (resolution-learned)
arb: 100 events scanned, 1 deviations >=2c logged
report: 2026-07-20 pnl=-104.64
export: docs/data.json written
=== 2026-07-20 10:11:06
monitor: 6 new trades, 0 paper copies (rules v23)
pnl: 12 open updated, total -111.36 (blind bench 21219.97)
review: 0 decisions resolved-reviewed, 0 rule changes (resolution-learned)
arb: 100 events scanned, 1 deviations >=2c logged
report: 2026-07-20 pnl=-111.36
export: docs/data.json written
=== 2026-07-20 10:27:48
monitor: 5 new trades, 0 paper copies (rules v23)
pnl: 10 open updated, total -92.89 (blind bench 21233.44)
review: 2 decisions resolved-reviewed, 0 rule changes (resolution-learned)
arb: 100 events scanned, 1 deviations >=2c logged
report: 2026-07-20 pnl=-92.89
export: docs/data.json written
=== 2026-07-20 10:44:28
monitor: 3 new trades, 0 paper copies (rules v23)
pnl: 10 open updated, total -91.47 (blind bench 21232.24)
review: 0 decisions resolved-reviewed, 0 rule changes (resolution-learned)
arb: 100 events scanned, 1 deviations >=2c logged
report: 2026-07-20 pnl=-91.47
export: docs/data.json written
=== 2026-07-20 11:01:10
monitor: 7 new trades, 0 paper copies (rules v23)
pnl: 9 open updated, total -90.60 (blind bench 21233.08)
review: 1 decisions resolved-reviewed, 0 rule changes (resolution-learned)
arb: 100 events scanned, 1 deviations >=2c logged
report: 2026-07-20 pnl=-90.60
export: docs/data.json written
=== 2026-07-20 11:17:48
monitor: 3 new trades, 0 paper copies (rules v23)
pnl: 9 open updated, total -85.10 (blind bench 21237.97)
review: 16 decisions resolved-reviewed, 0 rule changes (resolution-learned)
arb: 100 events scanned, 0 deviations >=2c logged
report: 2026-07-20 pnl=-85.10
export: docs/data.json written
=== 2026-07-20 11:34:27
monitor: 3 new trades, 0 paper copies (rules v23)
pnl: 9 open updated, total -84.78 (blind bench 21320.79)
review: 6 decisions resolved-reviewed, 0 rule changes (resolution-learned)
arb: 100 events scanned, 0 deviations >=2c logged
report: 2026-07-20 pnl=-84.78
export: docs/data.json written
=== 2026-07-20 11:51:10
monitor: 5 new trades, 0 paper copies (rules v23)
pnl: 9 open updated, total -94.51 (blind bench 21326.10)
review: 0 decisions resolved-reviewed, 0 rule changes (resolution-learned)
arb: 100 events scanned, 1 deviations >=2c logged
report: 2026-07-20 pnl=-94.51
export: docs/data.json written
=== 2026-07-20 12:07:52
monitor: 9 new trades, 0 paper copies (rules v23)
pnl: 9 open updated, total -91.95 (blind bench 21325.81)
review: 12 decisions resolved-reviewed, 0 rule changes (resolution-learned)
arb: 100 events scanned, 0 deviations >=2c logged
report: 2026-07-20 pnl=-91.95
export: docs/data.json written
=== 2026-07-20 12:24:37
monitor: 3 new trades, 0 paper copies (rules v23)
pnl: 9 open updated, total -96.16 (blind bench 21315.95)
review: 2 decisions resolved-reviewed, 0 rule changes (resolution-learned)
arb: 100 events scanned, 0 deviations >=2c logged
report: 2026-07-20 pnl=-96.16
export: docs/data.json written
=== 2026-07-20 12:41:18
monitor: 2 new trades, 0 paper copies (rules v23)
pnl: 8 open updated, total -96.13 (blind bench 21330.99)
review: 8 decisions resolved-reviewed, 0 rule changes (resolution-learned)
arb: 100 events scanned, 0 deviations >=2c logged
report: 2026-07-20 pnl=-96.13
export: docs/data.json written
=== 2026-07-20 12:58:00
scan: 500 wallets, 50 profiled, 15 tracked
monitor: 64 new trades, 3 paper copies (rules v23)
pnl: 11 open updated, total -95.87 (blind bench 21382.37)
review: 1 decisions resolved-reviewed, 0 rule changes (resolution-learned)
arb: 100 events scanned, 0 deviations >=2c logged
report: 2026-07-20 pnl=-95.87
export: docs/data.json written
=== 2026-07-20 13:15:25
monitor: 0 new trades, 0 paper copies (rules v23)
pnl: 11 open updated, total -92.34 (blind bench 21385.91)
review: 16 decisions resolved-reviewed, 0 rule changes (resolution-learned)
arb: 100 events scanned, 0 deviations >=2c logged
report: 2026-07-20 pnl=-92.34
export: docs/data.json written
=== 2026-07-20 13:32:03
monitor: 0 new trades, 0 paper copies (rules v23)
pnl: 11 open updated, total -92.89 (blind bench 21490.88)
review: 6 decisions resolved-reviewed, 0 rule changes (resolution-learned)
arb: 100 events scanned, 1 deviations >=2c logged
report: 2026-07-20 pnl=-92.89
export: docs/data.json written
=== 2026-07-20 13:48:42
monitor: 3 new trades, 1 paper copies (rules v23)
pnl: 12 open updated, total -89.44 (blind bench 21498.73)
review: 1 decisions resolved-reviewed, 0 rule changes (resolution-learned)
arb: 100 events scanned, 1 deviations >=2c logged
report: 2026-07-20 pnl=-89.44
export: docs/data.json written
=== 2026-07-20 14:05:24
monitor: 0 new trades, 0 paper copies (rules v23)
pnl: 11 open updated, total -89.38 (blind bench 21501.29)
review: 29 decisions resolved-reviewed, 0 rule changes (resolution-learned)
arb: 100 events scanned, 1 deviations >=2c logged
report: 2026-07-20 pnl=-89.38
export: docs/data.json written
=== 2026-07-20 14:22:08
monitor: 2 new trades, 0 paper copies (rules v23)
pnl: 11 open updated, total -88.75 (blind bench 21635.46)
review: 3 decisions resolved-reviewed, 0 rule changes (resolution-learned)
arb: 100 events scanned, 1 deviations >=2c logged
report: 2026-07-20 pnl=-88.75
export: docs/data.json written
=== 2026-07-20 14:38:51
monitor: 4 new trades, 0 paper copies (rules v23)
pnl: 10 open updated, total -87.30 (blind bench 21637.37)
review: 10 decisions resolved-reviewed, 0 rule changes (resolution-learned)
arb: 100 events scanned, 1 deviations >=2c logged
report: 2026-07-20 pnl=-87.30
export: docs/data.json written
=== 2026-07-20 14:55:34
monitor: 0 new trades, 0 paper copies (rules v23)
pnl: 10 open updated, total -87.65 (blind bench 21649.65)
review: 0 decisions resolved-reviewed, 0 rule changes (resolution-learned)
arb: 100 events scanned, 1 deviations >=2c logged
report: 2026-07-20 pnl=-87.65
export: docs/data.json written
=== 2026-07-20 15:12:16
monitor: 0 new trades, 0 paper copies (rules v23)
pnl: 10 open updated, total -87.66 (blind bench 21649.80)
review: 0 decisions resolved-reviewed, 0 rule changes (resolution-learned)
arb: 100 events scanned, 1 deviations >=2c logged
report: 2026-07-20 pnl=-87.66
export: docs/data.json written
=== 2026-07-20 15:28:52
monitor: 0 new trades, 0 paper copies (rules v23)
pnl: 10 open updated, total -85.43 (blind bench 21640.28)
review: 22 decisions resolved-reviewed, 0 rule changes (resolution-learned)
arb: 100 events scanned, 1 deviations >=2c logged
report: 2026-07-20 pnl=-85.43
export: docs/data.json written
=== 2026-07-20 15:45:32
monitor: 0 new trades, 0 paper copies (rules v23)
pnl: 10 open updated, total -82.99 (blind bench 21681.92)
review: 0 decisions resolved-reviewed, 0 rule changes (resolution-learned)
arb: 100 events scanned, 2 deviations >=2c logged
report: 2026-07-20 pnl=-82.99
export: docs/data.json written
=== 2026-07-20 16:02:08
monitor: 0 new trades, 0 paper copies (rules v23)
pnl: 10 open updated, total -87.84 (blind bench 21678.10)
review: 1 decisions resolved-reviewed, 0 rule changes (resolution-learned)
arb: 100 events scanned, 2 deviations >=2c logged
report: 2026-07-20 pnl=-87.84
export: docs/data.json written
=== 2026-07-20 16:18:49
monitor: 4 new trades, 1 paper copies (rules v23)
pnl: 11 open updated, total -83.06 (blind bench 21688.51)
review: 4 decisions resolved-reviewed, 0 rule changes (resolution-learned)
arb: 100 events scanned, 4 deviations >=2c logged
report: 2026-07-20 pnl=-83.06
export: docs/data.json written
=== 2026-07-20 16:35:25
monitor: 2 new trades, 0 paper copies (rules v23)
pnl: 11 open updated, total -90.87 (blind bench 21705.15)
review: 31 decisions resolved-reviewed, 0 rule changes (resolution-learned)
arb: 100 events scanned, 6 deviations >=2c logged
report: 2026-07-20 pnl=-90.87
export: docs/data.json written
=== 2026-07-20 16:52:05
monitor: 0 new trades, 0 paper copies (rules v23)
pnl: 11 open updated, total -86.86 (blind bench 21742.83)
review: 13 decisions resolved-reviewed, 0 rule changes (resolution-learned)
arb: 100 events scanned, 3 deviations >=2c logged
report: 2026-07-20 pnl=-86.86
export: docs/data.json written
=== 2026-07-20 17:08:36
monitor: 0 new trades, 0 paper copies (rules v23)
pnl: 11 open updated, total -83.15 (blind bench 21773.04)
review: 0 decisions resolved-reviewed, 0 rule changes (resolution-learned)
arb: 100 events scanned, 3 deviations >=2c logged
report: 2026-07-20 pnl=-83.15
export: docs/data.json written
=== 2026-07-20 17:25:13
monitor: 0 new trades, 0 paper copies (rules v23)
pnl: 10 open updated, total -83.45 (blind bench 21789.37)
review: 0 decisions resolved-reviewed, 0 rule changes (resolution-learned)
arb: 100 events scanned, 2 deviations >=2c logged
report: 2026-07-20 pnl=-83.45
export: docs/data.json written
=== 2026-07-20 17:41:46
monitor: 7 new trades, 1 paper copies (rules v23)
pnl: 11 open updated, total -83.97 (blind bench 21792.89)
review: 0 decisions resolved-reviewed, 0 rule changes (resolution-learned)
arb: 100 events scanned, 2 deviations >=2c logged
report: 2026-07-20 pnl=-83.97
export: docs/data.json written
=== 2026-07-20 17:58:39
monitor: 1 new trades, 0 paper copies (rules v23)
pnl: 11 open updated, total -84.51 (blind bench 21791.06)
review: 3 decisions resolved-reviewed, 0 rule changes (resolution-learned)
arb: 100 events scanned, 4 deviations >=2c logged
report: 2026-07-20 pnl=-84.51
export: docs/data.json written
=== 2026-07-20 18:15:11
monitor: 0 new trades, 0 paper copies (rules v23)
pnl: 11 open updated, total -84.80 (blind bench 21785.72)
review: 31 decisions resolved-reviewed, 0 rule changes (resolution-learned)
arb: 100 events scanned, 4 deviations >=2c logged
report: 2026-07-20 pnl=-84.80
export: docs/data.json written
=== 2026-07-20 18:31:49
monitor: 1 new trades, 1 paper copies (rules v23)
pnl: 12 open updated, total -84.92 (blind bench 21808.40)
review: 0 decisions resolved-reviewed, 0 rule changes (resolution-learned)
arb: 100 events scanned, 4 deviations >=2c logged
report: 2026-07-20 pnl=-84.92
export: docs/data.json written
=== 2026-07-20 18:48:25
monitor: 1 new trades, 0 paper copies (rules v23)
pnl: 12 open updated, total -82.14 (blind bench 21815.16)
review: 0 decisions resolved-reviewed, 0 rule changes (resolution-learned)
arb: 100 events scanned, 2 deviations >=2c logged
report: 2026-07-20 pnl=-82.14
export: docs/data.json written
=== 2026-07-20 19:04:56
Traceback (most recent call last):
  File "/Users/michalecerik/Developer/hermes-polymarket/bot.py", line 729, in cycle
    fn()
  File "/Users/michalecerik/Developer/hermes-polymarket/bot.py", line 715, in <lambda>
    steps = [("scan", lambda: step_scan(c, get_rules(c)[0])),
  File "/Users/michalecerik/Developer/hermes-polymarket/bot.py", line 218, in step_scan
    c.execute("INSERT INTO scans(at,source,wallet_count,note) VALUES(?,?,?,?)",
sqlite3.OperationalError: unable to open database file

During handling of the above exception, another exception occurred:

Traceback (most recent call last):
  File "/Users/michalecerik/Developer/hermes-polymarket/bot.py", line 747, in <module>
    elif cmd == "cycle": cycle()
  File "/Users/michalecerik/Developer/hermes-polymarket/bot.py", line 731, in cycle
    c.execute("INSERT INTO errors(at,step,error) VALUES(?,?,?)", (now(), name, str(e)[:500]))
sqlite3.OperationalError: unable to open database file
fatal: Unable to create '/Users/michalecerik/Developer/hermes-polymarket/.git/index.lock': No space left on device
=== 2026-07-20 19:49:33
scan: 500 wallets, 50 profiled, 15 tracked
monitor: 116 new trades, 3 paper copies (rules v23)
pnl: 15 open updated, total -83.98 (blind bench 21660.90)
review: 6 decisions resolved-reviewed, 0 rule changes (resolution-learned)
arb: 100 events scanned, 2 deviations >=2c logged
report: 2026-07-20 pnl=-83.98
export: docs/data.json written
=== 2026-07-20 20:07:53
monitor: 2 new trades, 0 paper copies (rules v23)
pnl: 15 open updated, total -83.82 (blind bench 21675.77)
review: 0 decisions resolved-reviewed, 0 rule changes (resolution-learned)
arb: 100 events scanned, 2 deviations >=2c logged
report: 2026-07-20 pnl=-83.82
export: docs/data.json written
=== 2026-07-20 20:24:46
monitor: 3 new trades, 1 paper copies (rules v23)
pnl: 16 open updated, total -83.67 (blind bench 21676.66)
review: 0 decisions resolved-reviewed, 0 rule changes (resolution-learned)
arb: 100 events scanned, 2 deviations >=2c logged
report: 2026-07-20 pnl=-83.67
export: docs/data.json written
=== 2026-07-20 20:46:18
monitor: 0 new trades, 0 paper copies (rules v23)
pnl: 16 open updated, total -83.57 (blind bench 21676.52)
review: 1 decisions resolved-reviewed, 0 rule changes (resolution-learned)
arb: 100 events scanned, 3 deviations >=2c logged
report: 2026-07-20 pnl=-83.57
export: docs/data.json written
=== 2026-07-20 21:06:15
monitor: 3 new trades, 0 paper copies (rules v23)
pnl: 16 open updated, total -84.00 (blind bench 21676.16)
review: 44 decisions resolved-reviewed, 0 rule changes (resolution-learned)
arb: 100 events scanned, 2 deviations >=2c logged
report: 2026-07-20 pnl=-84.00
export: docs/data.json written
=== 2026-07-20 21:23:18
monitor: 1 new trades, 0 paper copies (rules v23)
pnl: 16 open updated, total -84.38 (blind bench 21949.71)
review: 2 decisions resolved-reviewed, 0 rule changes (resolution-learned)
arb: 100 events scanned, 2 deviations >=2c logged
report: 2026-07-20 pnl=-84.38
export: docs/data.json written
=== 2026-07-20 21:40:15
monitor: 3 new trades, 0 paper copies (rules v23)
pnl: 16 open updated, total -83.96 (blind bench 21947.48)
review: 94 decisions resolved-reviewed, 0 rule changes (resolution-learned)
arb: 100 events scanned, 2 deviations >=2c logged
report: 2026-07-20 pnl=-83.96
export: docs/data.json written
=== 2026-07-20 21:57:12
monitor: 4 new trades, 0 paper copies (rules v23)
pnl: 16 open updated, total -83.42 (blind bench 22061.98)
review: 41 decisions resolved-reviewed, 0 rule changes (resolution-learned)
arb: 100 events scanned, 2 deviations >=2c logged
report: 2026-07-20 pnl=-83.42
export: docs/data.json written
=== 2026-07-20 22:13:47
monitor: 4 new trades, 0 paper copies (rules v23)
pnl: 16 open updated, total -83.32 (blind bench 22140.44)
review: 0 decisions resolved-reviewed, 0 rule changes (resolution-learned)
arb: 100 events scanned, 1 deviations >=2c logged
report: 2026-07-20 pnl=-83.32
export: docs/data.json written
=== 2026-07-20 22:30:18
monitor: 6 new trades, 0 paper copies (rules v23)
pnl: 16 open updated, total -82.82 (blind bench 22139.54)
review: 37 decisions resolved-reviewed, 0 rule changes (resolution-learned)
arb: 100 events scanned, 1 deviations >=2c logged
report: 2026-07-20 pnl=-82.82
export: docs/data.json written
=== 2026-07-20 22:46:48
monitor: 8 new trades, 1 paper copies (rules v23)
pnl: 17 open updated, total -84.02 (blind bench 22191.92)
review: 36 decisions resolved-reviewed, 0 rule changes (resolution-learned)
arb: 100 events scanned, 1 deviations >=2c logged
report: 2026-07-20 pnl=-84.02
export: docs/data.json written
=== 2026-07-20 23:03:18
monitor: 3 new trades, 0 paper copies (rules v23)
pnl: 17 open updated, total -80.10 (blind bench 22224.85)
review: 7 decisions resolved-reviewed, 0 rule changes (resolution-learned)
arb: 100 events scanned, 1 deviations >=2c logged
report: 2026-07-20 pnl=-80.10
export: docs/data.json written
=== 2026-07-20 23:19:44
monitor: 2 new trades, 1 paper copies (rules v23)
pnl: 18 open updated, total -75.83 (blind bench 22235.62)
review: 0 decisions resolved-reviewed, 0 rule changes (resolution-learned)
arb: 100 events scanned, 2 deviations >=2c logged
report: 2026-07-20 pnl=-75.83
export: docs/data.json written
=== 2026-07-20 23:36:11
monitor: 5 new trades, 0 paper copies (rules v23)
pnl: 17 open updated, total -80.87 (blind bench 22232.62)
review: 5 decisions resolved-reviewed, 0 rule changes (resolution-learned)
arb: 100 events scanned, 1 deviations >=2c logged
report: 2026-07-20 pnl=-80.87
export: docs/data.json written
=== 2026-07-20 23:52:40
monitor: 11 new trades, 0 paper copies (rules v23)
pnl: 17 open updated, total -81.00 (blind bench 22222.95)
review: 20 decisions resolved-reviewed, 0 rule changes (resolution-learned)
arb: 100 events scanned, 2 deviations >=2c logged
report: 2026-07-20 pnl=-81.00
export: docs/data.json written
=== 2026-07-21 00:09:08
monitor: 10 new trades, 1 paper copies (rules v23)
pnl: 18 open updated, total -73.62 (blind bench 22265.18)
review: 1 decisions resolved-reviewed, 0 rule changes (resolution-learned)
arb: 100 events scanned, 1 deviations >=2c logged
report: 2026-07-21 pnl=-73.62
export: docs/data.json written
=== 2026-07-21 00:25:35
monitor: 11 new trades, 0 paper copies (rules v23)
pnl: 18 open updated, total -83.03 (blind bench 22259.22)
review: 0 decisions resolved-reviewed, 0 rule changes (resolution-learned)
arb: 100 events scanned, 2 deviations >=2c logged
report: 2026-07-21 pnl=-83.03
export: docs/data.json written
=== 2026-07-21 00:42:03
monitor: 8 new trades, 0 paper copies (rules v23)
pnl: 18 open updated, total -85.84 (blind bench 22262.15)
review: 0 decisions resolved-reviewed, 0 rule changes (resolution-learned)
arb: 100 events scanned, 3 deviations >=2c logged
report: 2026-07-21 pnl=-85.84
export: docs/data.json written
=== 2026-07-21 00:58:29
monitor: 9 new trades, 0 paper copies (rules v23)
pnl: 18 open updated, total -88.89 (blind bench 22252.99)
review: 1 decisions resolved-reviewed, 0 rule changes (resolution-learned)
arb: 100 events scanned, 3 deviations >=2c logged
report: 2026-07-21 pnl=-88.89
export: docs/data.json written
=== 2026-07-21 01:14:55
monitor: 6 new trades, 0 paper copies (rules v23)
pnl: 18 open updated, total -96.14 (blind bench 22255.09)
review: 0 decisions resolved-reviewed, 0 rule changes (resolution-learned)
arb: 100 events scanned, 2 deviations >=2c logged
report: 2026-07-21 pnl=-96.14
export: docs/data.json written
=== 2026-07-21 01:31:19
monitor: 9 new trades, 0 paper copies (rules v23)
pnl: 18 open updated, total -100.82 (blind bench 22248.84)
review: 2 decisions resolved-reviewed, 0 rule changes (resolution-learned)
arb: 100 events scanned, 2 deviations >=2c logged
report: 2026-07-21 pnl=-100.82
export: docs/data.json written
=== 2026-07-21 01:47:46
monitor: 10 new trades, 0 paper copies (rules v23)
pnl: 18 open updated, total -99.14 (blind bench 22255.08)
review: 12 decisions resolved-reviewed, 0 rule changes (resolution-learned)
arb: 100 events scanned, 3 deviations >=2c logged
report: 2026-07-21 pnl=-99.14
export: docs/data.json written
=== 2026-07-21 02:04:13
scan: 500 wallets, 50 profiled, 15 tracked
monitor: 146 new trades, 1 paper copies (rules v23)
pnl: 19 open updated, total -90.99 (blind bench 22289.34)
review: 19 decisions resolved-reviewed, 0 rule changes (resolution-learned)
arb: 100 events scanned, 2 deviations >=2c logged
report: 2026-07-21 pnl=-90.99
export: docs/data.json written
=== 2026-07-21 02:22:45
monitor: 11 new trades, 2 paper copies (rules v23)
pnl: 20 open updated, total -90.02 (blind bench 22473.20)
review: 5 decisions resolved-reviewed, 0 rule changes (resolution-learned)
arb: 100 events scanned, 6 deviations >=2c logged
report: 2026-07-21 pnl=-90.02
export: docs/data.json written
=== 2026-07-21 02:39:13
monitor: 8 new trades, 0 paper copies (rules v23)
pnl: 20 open updated, total -77.67 (blind bench 22469.53)
review: 23 decisions resolved-reviewed, 0 rule changes (resolution-learned)
arb: 100 events scanned, 4 deviations >=2c logged
report: 2026-07-21 pnl=-77.67
export: docs/data.json written
=== 2026-07-21 02:55:44
monitor: 5 new trades, 0 paper copies (rules v23)
pnl: 19 open updated, total -77.88 (blind bench 22516.97)
review: 26 decisions resolved-reviewed, 0 rule changes (resolution-learned)
arb: 100 events scanned, 4 deviations >=2c logged
report: 2026-07-21 pnl=-77.88
export: docs/data.json written
=== 2026-07-21 03:12:12
monitor: 0 new trades, 0 paper copies (rules v23)
pnl: 19 open updated, total -83.50 (blind bench 22664.13)
review: 102 decisions resolved-reviewed, 0 rule changes (resolution-learned)
arb: 100 events scanned, 3 deviations >=2c logged
report: 2026-07-21 pnl=-83.50
export: docs/data.json written
=== 2026-07-21 03:28:46
monitor: 8 new trades, 1 paper copies (rules v23)
pnl: 19 open updated, total -82.37 (blind bench 23262.06)
review: 15 decisions resolved-reviewed, 0 rule changes (resolution-learned)
arb: 100 events scanned, 4 deviations >=2c logged
report: 2026-07-21 pnl=-82.37
export: docs/data.json written
=== 2026-07-21 03:45:19
monitor: 10 new trades, 0 paper copies (rules v23)
pnl: 19 open updated, total -96.32 (blind bench 23289.30)
review: 19 decisions resolved-reviewed, 0 rule changes (resolution-learned)
arb: 100 events scanned, 4 deviations >=2c logged
report: 2026-07-21 pnl=-96.32
export: docs/data.json written
=== 2026-07-21 04:01:53
monitor: 6 new trades, 0 paper copies (rules v23)
pnl: 17 open updated, total -95.63 (blind bench 23299.99)
review: 5 decisions resolved-reviewed, 0 rule changes (resolution-learned)
arb: 100 events scanned, 6 deviations >=2c logged
report: 2026-07-21 pnl=-95.63
export: docs/data.json written
=== 2026-07-21 04:18:16
monitor: 5 new trades, 0 paper copies (rules v23)
pnl: 17 open updated, total -96.26 (blind bench 23339.59)
review: 0 decisions resolved-reviewed, 0 rule changes (resolution-learned)
arb: 100 events scanned, 5 deviations >=2c logged
report: 2026-07-21 pnl=-96.26
export: docs/data.json written
=== 2026-07-21 04:34:41
monitor: 0 new trades, 0 paper copies (rules v23)
pnl: 17 open updated, total -96.26 (blind bench 23339.59)
review: 23 decisions resolved-reviewed, 0 rule changes (resolution-learned)
arb: 100 events scanned, 5 deviations >=2c logged
report: 2026-07-21 pnl=-96.26
export: docs/data.json written
=== 2026-07-21 04:51:05
monitor: 0 new trades, 0 paper copies (rules v23)
pnl: 17 open updated, total -97.82 (blind bench 23425.23)
review: 14 decisions resolved-reviewed, 0 rule changes (resolution-learned)
arb: 100 events scanned, 4 deviations >=2c logged
report: 2026-07-21 pnl=-97.82
export: docs/data.json written
=== 2026-07-21 05:07:30
monitor: 2 new trades, 0 paper copies (rules v23)
pnl: 17 open updated, total -94.82 (blind bench 23451.57)
review: 13 decisions resolved-reviewed, 0 rule changes (resolution-learned)
arb: 100 events scanned, 5 deviations >=2c logged
report: 2026-07-21 pnl=-94.82
export: docs/data.json written
=== 2026-07-21 05:23:56
monitor: 4 new trades, 0 paper copies (rules v23)
pnl: 17 open updated, total -95.30 (blind bench 23452.48)
review: 33 decisions resolved-reviewed, 0 rule changes (resolution-learned)
arb: 100 events scanned, 2 deviations >=2c logged
report: 2026-07-21 pnl=-95.30
export: docs/data.json written
=== 2026-07-21 05:40:30
monitor: 3 new trades, 0 paper copies (rules v23)
pnl: 17 open updated, total -95.39 (blind bench 23531.14)
review: 0 decisions resolved-reviewed, 0 rule changes (resolution-learned)
arb: 100 events scanned, 4 deviations >=2c logged
report: 2026-07-21 pnl=-95.39
export: docs/data.json written
=== 2026-07-21 05:56:56
monitor: 1 new trades, 0 paper copies (rules v23)
pnl: 17 open updated, total -95.63 (blind bench 23530.83)
review: 0 decisions resolved-reviewed, 0 rule changes (resolution-learned)
arb: 100 events scanned, 4 deviations >=2c logged
report: 2026-07-21 pnl=-95.63
export: docs/data.json written
=== 2026-07-21 06:13:20
monitor: 4 new trades, 0 paper copies (rules v23)
pnl: 17 open updated, total -88.77 (blind bench 23537.06)
review: 6 decisions resolved-reviewed, 0 rule changes (resolution-learned)
arb: 100 events scanned, 3 deviations >=2c logged
report: 2026-07-21 pnl=-88.77
export: docs/data.json written
=== 2026-07-21 06:29:47
monitor: 17 new trades, 0 paper copies (rules v23)
pnl: 17 open updated, total -81.32 (blind bench 23579.34)
review: 26 decisions resolved-reviewed, 0 rule changes (resolution-learned)
arb: 100 events scanned, 3 deviations >=2c logged
report: 2026-07-21 pnl=-81.32
export: docs/data.json written
=== 2026-07-21 06:46:16
monitor: 7 new trades, 0 paper copies (rules v23)
pnl: 17 open updated, total -76.56 (blind bench 23661.98)
review: 2 decisions resolved-reviewed, 0 rule changes (resolution-learned)
arb: 100 events scanned, 6 deviations >=2c logged
report: 2026-07-21 pnl=-76.56
export: docs/data.json written
=== 2026-07-21 07:02:37
monitor: 5 new trades, 0 paper copies (rules v23)
pnl: 16 open updated, total -77.83 (blind bench 23722.03)
review: 1 decisions resolved-reviewed, 0 rule changes (resolution-learned)
arb: 100 events scanned, 5 deviations >=2c logged
report: 2026-07-21 pnl=-77.83
export: docs/data.json written
=== 2026-07-21 07:18:59
monitor: 16 new trades, 0 paper copies (rules v23)
pnl: 16 open updated, total -77.46 (blind bench 23722.96)
review: 1 decisions resolved-reviewed, 0 rule changes (resolution-learned)
arb: 100 events scanned, 7 deviations >=2c logged
report: 2026-07-21 pnl=-77.46
export: docs/data.json written
=== 2026-07-21 07:35:32
monitor: 18 new trades, 0 paper copies (rules v23)
pnl: 16 open updated, total -77.51 (blind bench 23725.35)
review: 1 decisions resolved-reviewed, 0 rule changes (resolution-learned)
arb: 100 events scanned, 6 deviations >=2c logged
report: 2026-07-21 pnl=-77.51
export: docs/data.json written
=== 2026-07-21 07:52:02
monitor: 18 new trades, 0 paper copies (rules v23)
pnl: 16 open updated, total -77.39 (blind bench 23725.72)
review: 1 decisions resolved-reviewed, 0 rule changes (resolution-learned)
arb: 100 events scanned, 6 deviations >=2c logged
report: 2026-07-21 pnl=-77.39
export: docs/data.json written
=== 2026-07-21 08:08:31
scan: 500 wallets, 50 profiled, 15 tracked
monitor: 148 new trades, 5 paper copies (rules v23)
pnl: 20 open updated, total -80.05 (blind bench 23717.04)
review: 3 decisions resolved-reviewed, 0 rule changes (resolution-learned)
arb: 100 events scanned, 4 deviations >=2c logged
report: 2026-07-21 pnl=-80.05
export: docs/data.json written
=== 2026-07-21 08:26:05
monitor: 4 new trades, 0 paper copies (rules v23)
pnl: 20 open updated, total -76.01 (blind bench 23719.31)
review: 28 decisions resolved-reviewed, 0 rule changes (resolution-learned)
arb: 100 events scanned, 7 deviations >=2c logged
report: 2026-07-21 pnl=-76.01
export: docs/data.json written
=== 2026-07-21 08:42:38
monitor: 0 new trades, 0 paper copies (rules v23)
pnl: 20 open updated, total -74.29 (blind bench 23757.74)
review: 0 decisions resolved-reviewed, 0 rule changes (resolution-learned)
arb: 100 events scanned, 6 deviations >=2c logged
report: 2026-07-21 pnl=-74.29
export: docs/data.json written
=== 2026-07-21 08:59:04
monitor: 1 new trades, 0 paper copies (rules v23)
pnl: 20 open updated, total -71.00 (blind bench 23757.45)
review: 0 decisions resolved-reviewed, 0 rule changes (resolution-learned)
arb: 100 events scanned, 5 deviations >=2c logged
report: 2026-07-21 pnl=-71.00
export: docs/data.json written
=== 2026-07-21 09:15:31
monitor: 3 new trades, 0 paper copies (rules v23)
pnl: 20 open updated, total -64.49 (blind bench 23758.58)
review: 44 decisions resolved-reviewed, 0 rule changes (resolution-learned)
arb: 100 events scanned, 5 deviations >=2c logged
report: 2026-07-21 pnl=-64.49
export: docs/data.json written
=== 2026-07-21 09:32:06
monitor: 3 new trades, 0 paper copies (rules v23)
pnl: 20 open updated, total -63.16 (blind bench 24008.96)
review: 1 decisions resolved-reviewed, 0 rule changes (resolution-learned)
arb: 100 events scanned, 5 deviations >=2c logged
report: 2026-07-21 pnl=-63.16
export: docs/data.json written
=== 2026-07-21 09:48:53
monitor: 1 new trades, 0 paper copies (rules v23)
pnl: 20 open updated, total -62.03 (blind bench 24057.64)
review: 2 decisions resolved-reviewed, 0 rule changes (resolution-learned)
arb: 100 events scanned, 5 deviations >=2c logged
report: 2026-07-21 pnl=-62.03
export: docs/data.json written
=== 2026-07-21 10:05:31
monitor: 1 new trades, 0 paper copies (rules v23)
pnl: 18 open updated, total -62.35 (blind bench 24059.85)
review: 0 decisions resolved-reviewed, 0 rule changes (resolution-learned)
arb: 100 events scanned, 4 deviations >=2c logged
report: 2026-07-21 pnl=-62.35
export: docs/data.json written
=== 2026-07-21 10:22:10
monitor: 0 new trades, 0 paper copies (rules v23)
pnl: 18 open updated, total -70.76 (blind bench 24047.58)
review: 5 decisions resolved-reviewed, 0 rule changes (resolution-learned)
arb: 100 events scanned, 5 deviations >=2c logged
report: 2026-07-21 pnl=-70.76
export: docs/data.json written
=== 2026-07-21 10:38:41
monitor: 1 new trades, 0 paper copies (rules v23)
pnl: 18 open updated, total -67.70 (blind bench 24058.73)
review: 0 decisions resolved-reviewed, 0 rule changes (resolution-learned)
arb: 100 events scanned, 6 deviations >=2c logged
report: 2026-07-21 pnl=-67.70
export: docs/data.json written
=== 2026-07-21 10:55:30
monitor: 0 new trades, 0 paper copies (rules v23)
pnl: 18 open updated, total -67.46 (blind bench 24055.77)
review: 1 decisions resolved-reviewed, 0 rule changes (resolution-learned)
arb: 100 events scanned, 7 deviations >=2c logged
report: 2026-07-21 pnl=-67.46
export: docs/data.json written
=== 2026-07-21 11:12:17
monitor: 0 new trades, 0 paper copies (rules v23)
pnl: 18 open updated, total -67.23 (blind bench 24055.62)
review: 18 decisions resolved-reviewed, 0 rule changes (resolution-learned)
arb: 100 events scanned, 7 deviations >=2c logged
report: 2026-07-21 pnl=-67.23
export: docs/data.json written
=== 2026-07-21 11:28:59
monitor: 2 new trades, 0 paper copies (rules v23)
pnl: 18 open updated, total -73.90 (blind bench 24052.45)
review: 1 decisions resolved-reviewed, 0 rule changes (resolution-learned)
arb: 100 events scanned, 5 deviations >=2c logged
report: 2026-07-21 pnl=-73.90
export: docs/data.json written
=== 2026-07-21 11:45:47
monitor: 2 new trades, 0 paper copies (rules v23)
pnl: 17 open updated, total -73.73 (blind bench 24053.86)
review: 10 decisions resolved-reviewed, 0 rule changes (resolution-learned)
arb: 100 events scanned, 5 deviations >=2c logged
report: 2026-07-21 pnl=-73.73
export: docs/data.json written
=== 2026-07-21 12:02:17
monitor: 0 new trades, 0 paper copies (rules v23)
pnl: 17 open updated, total -73.90 (blind bench 24083.95)
review: 3 decisions resolved-reviewed, 0 rule changes (resolution-learned)
arb: 100 events scanned, 5 deviations >=2c logged
report: 2026-07-21 pnl=-73.90
export: docs/data.json written
=== 2026-07-21 12:18:46
monitor: 2 new trades, 1 paper copies (rules v23)
pnl: 18 open updated, total -73.74 (blind bench 24086.64)
review: 38 decisions resolved-reviewed, 0 rule changes (resolution-learned)
arb: 100 events scanned, 6 deviations >=2c logged
report: 2026-07-21 pnl=-73.74
export: docs/data.json written
=== 2026-07-21 12:35:16
monitor: 1 new trades, 0 paper copies (rules v23)
pnl: 18 open updated, total -75.60 (blind bench 24198.19)
review: 33 decisions resolved-reviewed, 0 rule changes (resolution-learned)
arb: 100 events scanned, 6 deviations >=2c logged
report: 2026-07-21 pnl=-75.60
export: docs/data.json written
=== 2026-07-21 12:51:49
monitor: 2 new trades, 0 paper copies (rules v23)
pnl: 18 open updated, total -79.46 (blind bench 24217.74)
review: 0 decisions resolved-reviewed, 0 rule changes (resolution-learned)
arb: 100 events scanned, 5 deviations >=2c logged
report: 2026-07-21 pnl=-79.46
export: docs/data.json written
=== 2026-07-21 13:08:20
monitor: 4 new trades, 0 paper copies (rules v23)
pnl: 18 open updated, total -84.10 (blind bench 24228.37)
review: 4 decisions resolved-reviewed, 0 rule changes (resolution-learned)
arb: 100 events scanned, 6 deviations >=2c logged
report: 2026-07-21 pnl=-84.10
export: docs/data.json written
=== 2026-07-21 13:24:49
monitor: 1 new trades, 0 paper copies (rules v23)
pnl: 18 open updated, total -83.97 (blind bench 24207.11)
review: 6 decisions resolved-reviewed, 0 rule changes (resolution-learned)
arb: 100 events scanned, 5 deviations >=2c logged
report: 2026-07-21 pnl=-83.97
export: docs/data.json written
=== 2026-07-21 13:41:22
monitor: 1 new trades, 0 paper copies (rules v23)
pnl: 18 open updated, total -92.35 (blind bench 24216.69)
review: 0 decisions resolved-reviewed, 0 rule changes (resolution-learned)
arb: 100 events scanned, 5 deviations >=2c logged
report: 2026-07-21 pnl=-92.35
export: docs/data.json written
=== 2026-07-21 13:57:51
monitor: 3 new trades, 0 paper copies (rules v23)
pnl: 18 open updated, total -97.18 (blind bench 24199.70)
review: 5 decisions resolved-reviewed, 0 rule changes (resolution-learned)
arb: 100 events scanned, 4 deviations >=2c logged
report: 2026-07-21 pnl=-97.18
export: docs/data.json written
=== 2026-07-21 14:14:21
scan: 500 wallets, 50 profiled, 15 tracked
monitor: 98 new trades, 1 paper copies (rules v23)
pnl: 19 open updated, total -84.54 (blind bench 24234.63)
review: 1 decisions resolved-reviewed, 0 rule changes (resolution-learned)
arb: 100 events scanned, 5 deviations >=2c logged
report: 2026-07-21 pnl=-84.54
export: docs/data.json written
=== 2026-07-21 14:31:36
monitor: 13 new trades, 1 paper copies (rules v23)
pnl: 19 open updated, total -84.25 (blind bench 24257.44)
review: 0 decisions resolved-reviewed, 0 rule changes (resolution-learned)
arb: 100 events scanned, 5 deviations >=2c logged
report: 2026-07-21 pnl=-84.25
export: docs/data.json written
=== 2026-07-21 14:48:09
monitor: 25 new trades, 0 paper copies (rules v23)
pnl: 19 open updated, total -72.28 (blind bench 24370.72)
review: 20 decisions resolved-reviewed, 0 rule changes (resolution-learned)
arb: 100 events scanned, 4 deviations >=2c logged
report: 2026-07-21 pnl=-72.28
export: docs/data.json written
=== 2026-07-21 15:04:42
monitor: 28 new trades, 0 paper copies (rules v23)
pnl: 19 open updated, total -73.32 (blind bench 24432.52)
review: 1 decisions resolved-reviewed, 0 rule changes (resolution-learned)
arb: 100 events scanned, 5 deviations >=2c logged
report: 2026-07-21 pnl=-73.32
export: docs/data.json written
=== 2026-07-21 15:21:17
monitor: 30 new trades, 0 paper copies (rules v23)
pnl: 19 open updated, total -67.53 (blind bench 24459.15)
review: 64 decisions resolved-reviewed, 0 rule changes (resolution-learned)
arb: 100 events scanned, 5 deviations >=2c logged
report: 2026-07-21 pnl=-67.53
export: docs/data.json written
=== 2026-07-21 15:37:53
monitor: 24 new trades, 0 paper copies (rules v23)
pnl: 18 open updated, total -71.73 (blind bench 24557.31)
review: 13 decisions resolved-reviewed, 0 rule changes (resolution-learned)
arb: 100 events scanned, 6 deviations >=2c logged
report: 2026-07-21 pnl=-71.73
export: docs/data.json written
=== 2026-07-21 15:54:26
monitor: 21 new trades, 0 paper copies (rules v23)
pnl: 18 open updated, total -68.81 (blind bench 24614.06)
review: 19 decisions resolved-reviewed, 0 rule changes (resolution-learned)
arb: 100 events scanned, 5 deviations >=2c logged
report: 2026-07-21 pnl=-68.81
export: docs/data.json written
=== 2026-07-21 16:10:56
monitor: 30 new trades, 1 paper copies (rules v23)
pnl: 18 open updated, total -67.26 (blind bench 24661.59)
review: 0 decisions resolved-reviewed, 0 rule changes (resolution-learned)
arb: 100 events scanned, 5 deviations >=2c logged
report: 2026-07-21 pnl=-67.26
export: docs/data.json written
=== 2026-07-21 16:27:30
monitor: 1 new trades, 0 paper copies (rules v23)
pnl: 18 open updated, total -80.64 (blind bench 24609.85)
review: 8 decisions resolved-reviewed, 0 rule changes (resolution-learned)
arb: 100 events scanned, 6 deviations >=2c logged
report: 2026-07-21 pnl=-80.64
export: docs/data.json written
=== 2026-07-21 16:44:00
monitor: 1 new trades, 0 paper copies (rules v23)
pnl: 17 open updated, total -88.12 (blind bench 24618.96)
review: 1 decisions resolved-reviewed, 0 rule changes (resolution-learned)
arb: 100 events scanned, 4 deviations >=2c logged
report: 2026-07-21 pnl=-88.12
export: docs/data.json written
=== 2026-07-21 17:00:28
monitor: 0 new trades, 0 paper copies (rules v23)
pnl: 17 open updated, total -59.09 (blind bench 24766.43)
review: 0 decisions resolved-reviewed, 0 rule changes (resolution-learned)
arb: 100 events scanned, 4 deviations >=2c logged
report: 2026-07-21 pnl=-59.09
export: docs/data.json written
=== 2026-07-21 17:16:58
monitor: 0 new trades, 0 paper copies (rules v23)
pnl: 16 open updated, total -56.73 (blind bench 24757.51)
review: 2 decisions resolved-reviewed, 0 rule changes (resolution-learned)
arb: 100 events scanned, 5 deviations >=2c logged
report: 2026-07-21 pnl=-56.73
export: docs/data.json written
=== 2026-07-21 17:33:28
monitor: 0 new trades, 0 paper copies (rules v23)
pnl: 16 open updated, total -56.64 (blind bench 24789.39)
review: 5 decisions resolved-reviewed, 0 rule changes (resolution-learned)
arb: 100 events scanned, 6 deviations >=2c logged
report: 2026-07-21 pnl=-56.64
export: docs/data.json written
=== 2026-07-21 17:49:59
monitor: 2 new trades, 0 paper copies (rules v23)
pnl: 16 open updated, total -56.04 (blind bench 24791.24)
review: 5 decisions resolved-reviewed, 0 rule changes (resolution-learned)
arb: 100 events scanned, 5 deviations >=2c logged
report: 2026-07-21 pnl=-56.04
export: docs/data.json written
=== 2026-07-21 18:06:29
monitor: 16 new trades, 0 paper copies (rules v23)
pnl: 15 open updated, total -53.30 (blind bench 24863.93)
review: 9 decisions resolved-reviewed, 0 rule changes (resolution-learned)
arb: 100 events scanned, 6 deviations >=2c logged
report: 2026-07-21 pnl=-53.30
export: docs/data.json written
=== 2026-07-21 18:23:05
monitor: 1 new trades, 0 paper copies (rules v23)
pnl: 15 open updated, total -48.24 (blind bench 24988.99)
review: 15 decisions resolved-reviewed, 0 rule changes (resolution-learned)
arb: 100 events scanned, 5 deviations >=2c logged
report: 2026-07-21 pnl=-48.24
export: docs/data.json written
=== 2026-07-21 18:39:38
monitor: 18 new trades, 0 paper copies (rules v23)
pnl: 15 open updated, total -43.04 (blind bench 25103.12)
review: 1 decisions resolved-reviewed, 0 rule changes (resolution-learned)
arb: 100 events scanned, 5 deviations >=2c logged
report: 2026-07-21 pnl=-43.04
export: docs/data.json written
=== 2026-07-21 18:56:07
monitor: 4 new trades, 0 paper copies (rules v23)
pnl: 15 open updated, total -43.46 (blind bench 25116.00)
review: 2 decisions resolved-reviewed, 0 rule changes (resolution-learned)
arb: 100 events scanned, 4 deviations >=2c logged
report: 2026-07-21 pnl=-43.46
export: docs/data.json written
=== 2026-07-21 19:12:49
monitor: 4 new trades, 0 paper copies (rules v23)
pnl: 15 open updated, total -40.41 (blind bench 25151.15)
review: 7 decisions resolved-reviewed, 0 rule changes (resolution-learned)
arb: 100 events scanned, 6 deviations >=2c logged
report: 2026-07-21 pnl=-40.41
export: docs/data.json written
=== 2026-07-29 13:33:30
monitor: 30 new trades, 0 paper copies (rules v23)
pnl: 10 open updated, total -28.76 (blind bench 27063.07)
review: 0 decisions resolved-reviewed, 0 rule changes (resolution-learned)
arb: 100 events scanned, 2 deviations >=2c logged
report: 2026-07-29 pnl=-28.76
export: docs/data.json written
fatal: could not read Username for 'https://github.com': Device not configured
=== 2026-07-29 13:49:27
monitor: 30 new trades, 2 paper copies (rules v23)
pnl: 12 open updated, total -29.52 (blind bench 27044.71)
review: 0 decisions resolved-reviewed, 0 rule changes (resolution-learned)
arb: 100 events scanned, 2 deviations >=2c logged
report: 2026-07-29 pnl=-29.52
export: docs/data.json written
git@github.com: Permission denied (publickey).
fatal: Could not read from remote repository.

Please make sure you have the correct access rights
and the repository exists.
=== 2026-07-29 14:41:57
ERROR monitor: API failure https://data-api.polymarket.com/trades: <urlopen error [SSL: CERTIFICATE_VERIFY_FAILED] certificate verify failed: Hostname mismatch, certificate is not valid for 'data-api.polymarket.com'. (_ssl.c:1129)>
Traceback (most recent call last):
  File "/Users/michalecerik/Developer/hermes-polymarket/bot.py", line 729, in cycle
    fn()
  File "/Users/michalecerik/Developer/hermes-polymarket/bot.py", line 716, in <lambda>
    ("monitor", lambda: step_monitor(c, *get_rules(c))),
  File "/Users/michalecerik/Developer/hermes-polymarket/bot.py", line 310, in step_monitor
    trades = http("%s/trades?user=%s&limit=25" % (DATA_API, addr))
  File "/Users/michalecerik/Developer/hermes-polymarket/bot.py", line 55, in http
    raise RuntimeError("API failure %s: %s" % (url.split("?")[0], last))
RuntimeError: API failure https://data-api.polymarket.com/trades: <urlopen error [SSL: CERTIFICATE_VERIFY_FAILED] certificate verify failed: Hostname mismatch, certificate is not valid for 'data-api.polymarket.com'. (_ssl.c:1129)>
ERROR pnl: API failure https://gamma-api.polymarket.com/markets: <urlopen error [SSL: CERTIFICATE_VERIFY_FAILED] certificate verify failed: Hostname mismatch, certificate is not valid for 'gamma-api.polymarket.com'. (_ssl.c:1129)>
Traceback (most recent call last):
  File "/Users/michalecerik/Developer/hermes-polymarket/bot.py", line 729, in cycle
    fn()
  File "/Users/michalecerik/Developer/hermes-polymarket/bot.py", line 717, in <lambda>
    ("pnl", lambda: step_pnl(c)),
  File "/Users/michalecerik/Developer/hermes-polymarket/bot.py", line 403, in step_pnl
    info = market_info(pt["condition_id"])
  File "/Users/michalecerik/Developer/hermes-polymarket/bot.py", line 282, in market_info
    m = http("%s/markets?condition_ids=%s" % (GAMMA, condition_id))
  File "/Users/michalecerik/Developer/hermes-polymarket/bot.py", line 55, in http
    raise RuntimeError("API failure %s: %s" % (url.split("?")[0], last))
RuntimeError: API failure https://gamma-api.polymarket.com/markets: <urlopen error [SSL: CERTIFICATE_VERIFY_FAILED] certificate verify failed: Hostname mismatch, certificate is not valid for 'gamma-api.polymarket.com'. (_ssl.c:1129)>
ERROR arb: API failure https://gamma-api.polymarket.com/events: <urlopen error [SSL: CERTIFICATE_VERIFY_FAILED] certificate verify failed: Hostname mismatch, certificate is not valid for 'gamma-api.polymarket.com'. (_ssl.c:1129)>
Traceback (most recent call last):
  File "/Users/michalecerik/Developer/hermes-polymarket/bot.py", line 729, in cycle
    fn()
  File "/Users/michalecerik/Developer/hermes-polymarket/bot.py", line 719, in <lambda>
    ("arb", lambda: step_arb(c)),
  File "/Users/michalecerik/Developer/hermes-polymarket/bot.py", line 608, in step_arb
    evs = http("%s/events?closed=false&limit=100&order=volume24hr&ascending=false" % GAMMA)
  File "/Users/michalecerik/Developer/hermes-polymarket/bot.py", line 55, in http
    raise RuntimeError("API failure %s: %s" % (url.split("?")[0], last))
RuntimeError: API failure https://gamma-api.polymarket.com/events: <urlopen error [SSL: CERTIFICATE_VERIFY_FAILED] certificate verify failed: Hostname mismatch, certificate is not valid for 'gamma-api.polymarket.com'. (_ssl.c:1129)>
review: 0 decisions resolved-reviewed, 0 rule changes (resolution-learned)
report: 2026-07-29 pnl=-29.52
export: docs/data.json written
=== 2026-07-29 16:09:59
ERROR monitor: API failure https://data-api.polymarket.com/trades: <urlopen error [SSL: CERTIFICATE_VERIFY_FAILED] certificate verify failed: Hostname mismatch, certificate is not valid for 'data-api.polymarket.com'. (_ssl.c:1129)>
Traceback (most recent call last):
  File "/Users/michalecerik/Developer/hermes-polymarket/bot.py", line 729, in cycle
    fn()
  File "/Users/michalecerik/Developer/hermes-polymarket/bot.py", line 716, in <lambda>
    ("monitor", lambda: step_monitor(c, *get_rules(c))),
  File "/Users/michalecerik/Developer/hermes-polymarket/bot.py", line 310, in step_monitor
    trades = http("%s/trades?user=%s&limit=25" % (DATA_API, addr))
  File "/Users/michalecerik/Developer/hermes-polymarket/bot.py", line 55, in http
    raise RuntimeError("API failure %s: %s" % (url.split("?")[0], last))
RuntimeError: API failure https://data-api.polymarket.com/trades: <urlopen error [SSL: CERTIFICATE_VERIFY_FAILED] certificate verify failed: Hostname mismatch, certificate is not valid for 'data-api.polymarket.com'. (_ssl.c:1129)>
ERROR pnl: API failure https://gamma-api.polymarket.com/markets: <urlopen error [SSL: CERTIFICATE_VERIFY_FAILED] certificate verify failed: Hostname mismatch, certificate is not valid for 'gamma-api.polymarket.com'. (_ssl.c:1129)>
Traceback (most recent call last):
  File "/Users/michalecerik/Developer/hermes-polymarket/bot.py", line 729, in cycle
    fn()
  File "/Users/michalecerik/Developer/hermes-polymarket/bot.py", line 717, in <lambda>
    ("pnl", lambda: step_pnl(c)),
  File "/Users/michalecerik/Developer/hermes-polymarket/bot.py", line 403, in step_pnl
    info = market_info(pt["condition_id"])
  File "/Users/michalecerik/Developer/hermes-polymarket/bot.py", line 282, in market_info
    m = http("%s/markets?condition_ids=%s" % (GAMMA, condition_id))
  File "/Users/michalecerik/Developer/hermes-polymarket/bot.py", line 55, in http
    raise RuntimeError("API failure %s: %s" % (url.split("?")[0], last))
RuntimeError: API failure https://gamma-api.polymarket.com/markets: <urlopen error [SSL: CERTIFICATE_VERIFY_FAILED] certificate verify failed: Hostname mismatch, certificate is not valid for 'gamma-api.polymarket.com'. (_ssl.c:1129)>
ERROR arb: API failure https://gamma-api.polymarket.com/events: <urlopen error [SSL: CERTIFICATE_VERIFY_FAILED] certificate verify failed: Hostname mismatch, certificate is not valid for 'gamma-api.polymarket.com'. (_ssl.c:1129)>
Traceback (most recent call last):
  File "/Users/michalecerik/Developer/hermes-polymarket/bot.py", line 729, in cycle
    fn()
  File "/Users/michalecerik/Developer/hermes-polymarket/bot.py", line 719, in <lambda>
    ("arb", lambda: step_arb(c)),
  File "/Users/michalecerik/Developer/hermes-polymarket/bot.py", line 608, in step_arb
    evs = http("%s/events?closed=false&limit=100&order=volume24hr&ascending=false" % GAMMA)
  File "/Users/michalecerik/Developer/hermes-polymarket/bot.py", line 55, in http
    raise RuntimeError("API failure %s: %s" % (url.split("?")[0], last))
RuntimeError: API failure https://gamma-api.polymarket.com/events: <urlopen error [SSL: CERTIFICATE_VERIFY_FAILED] certificate verify failed: Hostname mismatch, certificate is not valid for 'gamma-api.polymarket.com'. (_ssl.c:1129)>
review: 0 decisions resolved-reviewed, 0 rule changes (resolution-learned)
report: 2026-07-29 pnl=-29.52
export: docs/data.json written
=== 2026-07-29 17:39:22
ERROR monitor: API failure https://data-api.polymarket.com/trades: <urlopen error [SSL: CERTIFICATE_VERIFY_FAILED] certificate verify failed: Hostname mismatch, certificate is not valid for 'data-api.polymarket.com'. (_ssl.c:1129)>
Traceback (most recent call last):
  File "/Users/michalecerik/Developer/hermes-polymarket/bot.py", line 729, in cycle
    fn()
  File "/Users/michalecerik/Developer/hermes-polymarket/bot.py", line 716, in <lambda>
    ("monitor", lambda: step_monitor(c, *get_rules(c))),
  File "/Users/michalecerik/Developer/hermes-polymarket/bot.py", line 310, in step_monitor
    trades = http("%s/trades?user=%s&limit=25" % (DATA_API, addr))
  File "/Users/michalecerik/Developer/hermes-polymarket/bot.py", line 55, in http
    raise RuntimeError("API failure %s: %s" % (url.split("?")[0], last))
RuntimeError: API failure https://data-api.polymarket.com/trades: <urlopen error [SSL: CERTIFICATE_VERIFY_FAILED] certificate verify failed: Hostname mismatch, certificate is not valid for 'data-api.polymarket.com'. (_ssl.c:1129)>
ERROR pnl: API failure https://gamma-api.polymarket.com/markets: <urlopen error [SSL: CERTIFICATE_VERIFY_FAILED] certificate verify failed: Hostname mismatch, certificate is not valid for 'gamma-api.polymarket.com'. (_ssl.c:1129)>
Traceback (most recent call last):
  File "/Users/michalecerik/Developer/hermes-polymarket/bot.py", line 729, in cycle
    fn()
  File "/Users/michalecerik/Developer/hermes-polymarket/bot.py", line 717, in <lambda>
    ("pnl", lambda: step_pnl(c)),
  File "/Users/michalecerik/Developer/hermes-polymarket/bot.py", line 403, in step_pnl
    info = market_info(pt["condition_id"])
  File "/Users/michalecerik/Developer/hermes-polymarket/bot.py", line 282, in market_info
    m = http("%s/markets?condition_ids=%s" % (GAMMA, condition_id))
  File "/Users/michalecerik/Developer/hermes-polymarket/bot.py", line 55, in http
    raise RuntimeError("API failure %s: %s" % (url.split("?")[0], last))
RuntimeError: API failure https://gamma-api.polymarket.com/markets: <urlopen error [SSL: CERTIFICATE_VERIFY_FAILED] certificate verify failed: Hostname mismatch, certificate is not valid for 'gamma-api.polymarket.com'. (_ssl.c:1129)>
ERROR arb: API failure https://gamma-api.polymarket.com/events: <urlopen error [SSL: CERTIFICATE_VERIFY_FAILED] certificate verify failed: Hostname mismatch, certificate is not valid for 'gamma-api.polymarket.com'. (_ssl.c:1129)>
Traceback (most recent call last):
  File "/Users/michalecerik/Developer/hermes-polymarket/bot.py", line 729, in cycle
    fn()
  File "/Users/michalecerik/Developer/hermes-polymarket/bot.py", line 719, in <lambda>
    ("arb", lambda: step_arb(c)),
  File "/Users/michalecerik/Developer/hermes-polymarket/bot.py", line 608, in step_arb
    evs = http("%s/events?closed=false&limit=100&order=volume24hr&ascending=false" % GAMMA)
  File "/Users/michalecerik/Developer/hermes-polymarket/bot.py", line 55, in http
    raise RuntimeError("API failure %s: %s" % (url.split("?")[0], last))
RuntimeError: API failure https://gamma-api.polymarket.com/events: <urlopen error [SSL: CERTIFICATE_VERIFY_FAILED] certificate verify failed: Hostname mismatch, certificate is not valid for 'gamma-api.polymarket.com'. (_ssl.c:1129)>
review: 0 decisions resolved-reviewed, 0 rule changes (resolution-learned)
report: 2026-07-29 pnl=-29.52
export: docs/data.json written
=== 2026-07-29 19:08:33
ERROR monitor: API failure https://data-api.polymarket.com/trades: <urlopen error [SSL: CERTIFICATE_VERIFY_FAILED] certificate verify failed: Hostname mismatch, certificate is not valid for 'data-api.polymarket.com'. (_ssl.c:1129)>
Traceback (most recent call last):
  File "/Users/michalecerik/Developer/hermes-polymarket/bot.py", line 729, in cycle
    fn()
  File "/Users/michalecerik/Developer/hermes-polymarket/bot.py", line 716, in <lambda>
    ("monitor", lambda: step_monitor(c, *get_rules(c))),
  File "/Users/michalecerik/Developer/hermes-polymarket/bot.py", line 310, in step_monitor
    trades = http("%s/trades?user=%s&limit=25" % (DATA_API, addr))
  File "/Users/michalecerik/Developer/hermes-polymarket/bot.py", line 55, in http
    raise RuntimeError("API failure %s: %s" % (url.split("?")[0], last))
RuntimeError: API failure https://data-api.polymarket.com/trades: <urlopen error [SSL: CERTIFICATE_VERIFY_FAILED] certificate verify failed: Hostname mismatch, certificate is not valid for 'data-api.polymarket.com'. (_ssl.c:1129)>
ERROR pnl: API failure https://gamma-api.polymarket.com/markets: <urlopen error [SSL: CERTIFICATE_VERIFY_FAILED] certificate verify failed: Hostname mismatch, certificate is not valid for 'gamma-api.polymarket.com'. (_ssl.c:1129)>
Traceback (most recent call last):
  File "/Users/michalecerik/Developer/hermes-polymarket/bot.py", line 729, in cycle
    fn()
  File "/Users/michalecerik/Developer/hermes-polymarket/bot.py", line 717, in <lambda>
    ("pnl", lambda: step_pnl(c)),
  File "/Users/michalecerik/Developer/hermes-polymarket/bot.py", line 403, in step_pnl
    info = market_info(pt["condition_id"])
  File "/Users/michalecerik/Developer/hermes-polymarket/bot.py", line 282, in market_info
    m = http("%s/markets?condition_ids=%s" % (GAMMA, condition_id))
  File "/Users/michalecerik/Developer/hermes-polymarket/bot.py", line 55, in http
    raise RuntimeError("API failure %s: %s" % (url.split("?")[0], last))
RuntimeError: API failure https://gamma-api.polymarket.com/markets: <urlopen error [SSL: CERTIFICATE_VERIFY_FAILED] certificate verify failed: Hostname mismatch, certificate is not valid for 'gamma-api.polymarket.com'. (_ssl.c:1129)>
ERROR arb: API failure https://gamma-api.polymarket.com/events: <urlopen error [SSL: CERTIFICATE_VERIFY_FAILED] certificate verify failed: Hostname mismatch, certificate is not valid for 'gamma-api.polymarket.com'. (_ssl.c:1129)>
Traceback (most recent call last):
  File "/Users/michalecerik/Developer/hermes-polymarket/bot.py", line 729, in cycle
    fn()
  File "/Users/michalecerik/Developer/hermes-polymarket/bot.py", line 719, in <lambda>
    ("arb", lambda: step_arb(c)),
  File "/Users/michalecerik/Developer/hermes-polymarket/bot.py", line 608, in step_arb
    evs = http("%s/events?closed=false&limit=100&order=volume24hr&ascending=false" % GAMMA)
  File "/Users/michalecerik/Developer/hermes-polymarket/bot.py", line 55, in http
    raise RuntimeError("API failure %s: %s" % (url.split("?")[0], last))
RuntimeError: API failure https://gamma-api.polymarket.com/events: <urlopen error [SSL: CERTIFICATE_VERIFY_FAILED] certificate verify failed: Hostname mismatch, certificate is not valid for 'gamma-api.polymarket.com'. (_ssl.c:1129)>
review: 0 decisions resolved-reviewed, 0 rule changes (resolution-learned)
report: 2026-07-29 pnl=-29.52
export: docs/data.json written
=== 2026-07-29 20:37:39
ERROR scan: API failure https://data-api.polymarket.com/v1/leaderboard: <urlopen error [SSL: CERTIFICATE_VERIFY_FAILED] certificate verify failed: Hostname mismatch, certificate is not valid for 'data-api.polymarket.com'. (_ssl.c:1129)>
Traceback (most recent call last):
  File "/Users/michalecerik/Developer/hermes-polymarket/bot.py", line 729, in cycle
    fn()
  File "/Users/michalecerik/Developer/hermes-polymarket/bot.py", line 715, in <lambda>
    steps = [("scan", lambda: step_scan(c, get_rules(c)[0])),
  File "/Users/michalecerik/Developer/hermes-polymarket/bot.py", line 215, in step_scan
    page = http("%s/v1/leaderboard?window=1m&limit=50&offset=%d" % (DATA_API, off))
  File "/Users/michalecerik/Developer/hermes-polymarket/bot.py", line 55, in http
    raise RuntimeError("API failure %s: %s" % (url.split("?")[0], last))
RuntimeError: API failure https://data-api.polymarket.com/v1/leaderboard: <urlopen error [SSL: CERTIFICATE_VERIFY_FAILED] certificate verify failed: Hostname mismatch, certificate is not valid for 'data-api.polymarket.com'. (_ssl.c:1129)>
ERROR monitor: API failure https://data-api.polymarket.com/trades: <urlopen error [SSL: CERTIFICATE_VERIFY_FAILED] certificate verify failed: Hostname mismatch, certificate is not valid for 'data-api.polymarket.com'. (_ssl.c:1129)>
Traceback (most recent call last):
  File "/Users/michalecerik/Developer/hermes-polymarket/bot.py", line 729, in cycle
    fn()
  File "/Users/michalecerik/Developer/hermes-polymarket/bot.py", line 716, in <lambda>
    ("monitor", lambda: step_monitor(c, *get_rules(c))),
  File "/Users/michalecerik/Developer/hermes-polymarket/bot.py", line 310, in step_monitor
    trades = http("%s/trades?user=%s&limit=25" % (DATA_API, addr))
  File "/Users/michalecerik/Developer/hermes-polymarket/bot.py", line 55, in http
    raise RuntimeError("API failure %s: %s" % (url.split("?")[0], last))
RuntimeError: API failure https://data-api.polymarket.com/trades: <urlopen error [SSL: CERTIFICATE_VERIFY_FAILED] certificate verify failed: Hostname mismatch, certificate is not valid for 'data-api.polymarket.com'. (_ssl.c:1129)>
ERROR pnl: API failure https://gamma-api.polymarket.com/markets: <urlopen error [SSL: CERTIFICATE_VERIFY_FAILED] certificate verify failed: Hostname mismatch, certificate is not valid for 'gamma-api.polymarket.com'. (_ssl.c:1129)>
Traceback (most recent call last):
  File "/Users/michalecerik/Developer/hermes-polymarket/bot.py", line 729, in cycle
    fn()
  File "/Users/michalecerik/Developer/hermes-polymarket/bot.py", line 717, in <lambda>
    ("pnl", lambda: step_pnl(c)),
  File "/Users/michalecerik/Developer/hermes-polymarket/bot.py", line 403, in step_pnl
    info = market_info(pt["condition_id"])
  File "/Users/michalecerik/Developer/hermes-polymarket/bot.py", line 282, in market_info
    m = http("%s/markets?condition_ids=%s" % (GAMMA, condition_id))
  File "/Users/michalecerik/Developer/hermes-polymarket/bot.py", line 55, in http
    raise RuntimeError("API failure %s: %s" % (url.split("?")[0], last))
RuntimeError: API failure https://gamma-api.polymarket.com/markets: <urlopen error [SSL: CERTIFICATE_VERIFY_FAILED] certificate verify failed: Hostname mismatch, certificate is not valid for 'gamma-api.polymarket.com'. (_ssl.c:1129)>
ERROR arb: API failure https://gamma-api.polymarket.com/events: <urlopen error [SSL: CERTIFICATE_VERIFY_FAILED] certificate verify failed: Hostname mismatch, certificate is not valid for 'gamma-api.polymarket.com'. (_ssl.c:1129)>
Traceback (most recent call last):
  File "/Users/michalecerik/Developer/hermes-polymarket/bot.py", line 729, in cycle
    fn()
  File "/Users/michalecerik/Developer/hermes-polymarket/bot.py", line 719, in <lambda>
    ("arb", lambda: step_arb(c)),
  File "/Users/michalecerik/Developer/hermes-polymarket/bot.py", line 608, in step_arb
    evs = http("%s/events?closed=false&limit=100&order=volume24hr&ascending=false" % GAMMA)
  File "/Users/michalecerik/Developer/hermes-polymarket/bot.py", line 55, in http
    raise RuntimeError("API failure %s: %s" % (url.split("?")[0], last))
RuntimeError: API failure https://gamma-api.polymarket.com/events: <urlopen error [SSL: CERTIFICATE_VERIFY_FAILED] certificate verify failed: Hostname mismatch, certificate is not valid for 'gamma-api.polymarket.com'. (_ssl.c:1129)>
review: 0 decisions resolved-reviewed, 0 rule changes (resolution-learned)
report: 2026-07-29 pnl=-29.52
export: docs/data.json written
=== 2026-07-29 22:07:24
ERROR scan: API failure https://data-api.polymarket.com/v1/leaderboard: <urlopen error [SSL: CERTIFICATE_VERIFY_FAILED] certificate verify failed: Hostname mismatch, certificate is not valid for 'data-api.polymarket.com'. (_ssl.c:1129)>
Traceback (most recent call last):
  File "/Users/michalecerik/Developer/hermes-polymarket/bot.py", line 729, in cycle
    fn()
  File "/Users/michalecerik/Developer/hermes-polymarket/bot.py", line 715, in <lambda>
    steps = [("scan", lambda: step_scan(c, get_rules(c)[0])),
  File "/Users/michalecerik/Developer/hermes-polymarket/bot.py", line 215, in step_scan
    page = http("%s/v1/leaderboard?window=1m&limit=50&offset=%d" % (DATA_API, off))
  File "/Users/michalecerik/Developer/hermes-polymarket/bot.py", line 55, in http
    raise RuntimeError("API failure %s: %s" % (url.split("?")[0], last))
RuntimeError: API failure https://data-api.polymarket.com/v1/leaderboard: <urlopen error [SSL: CERTIFICATE_VERIFY_FAILED] certificate verify failed: Hostname mismatch, certificate is not valid for 'data-api.polymarket.com'. (_ssl.c:1129)>
ERROR monitor: API failure https://data-api.polymarket.com/trades: <urlopen error [SSL: CERTIFICATE_VERIFY_FAILED] certificate verify failed: Hostname mismatch, certificate is not valid for 'data-api.polymarket.com'. (_ssl.c:1129)>
Traceback (most recent call last):
  File "/Users/michalecerik/Developer/hermes-polymarket/bot.py", line 729, in cycle
    fn()
  File "/Users/michalecerik/Developer/hermes-polymarket/bot.py", line 716, in <lambda>
    ("monitor", lambda: step_monitor(c, *get_rules(c))),
  File "/Users/michalecerik/Developer/hermes-polymarket/bot.py", line 310, in step_monitor
    trades = http("%s/trades?user=%s&limit=25" % (DATA_API, addr))
  File "/Users/michalecerik/Developer/hermes-polymarket/bot.py", line 55, in http
    raise RuntimeError("API failure %s: %s" % (url.split("?")[0], last))
RuntimeError: API failure https://data-api.polymarket.com/trades: <urlopen error [SSL: CERTIFICATE_VERIFY_FAILED] certificate verify failed: Hostname mismatch, certificate is not valid for 'data-api.polymarket.com'. (_ssl.c:1129)>
ERROR pnl: API failure https://gamma-api.polymarket.com/markets: <urlopen error [SSL: CERTIFICATE_VERIFY_FAILED] certificate verify failed: Hostname mismatch, certificate is not valid for 'gamma-api.polymarket.com'. (_ssl.c:1129)>
Traceback (most recent call last):
  File "/Users/michalecerik/Developer/hermes-polymarket/bot.py", line 729, in cycle
    fn()
  File "/Users/michalecerik/Developer/hermes-polymarket/bot.py", line 717, in <lambda>
    ("pnl", lambda: step_pnl(c)),
  File "/Users/michalecerik/Developer/hermes-polymarket/bot.py", line 403, in step_pnl
    info = market_info(pt["condition_id"])
  File "/Users/michalecerik/Developer/hermes-polymarket/bot.py", line 282, in market_info
    m = http("%s/markets?condition_ids=%s" % (GAMMA, condition_id))
  File "/Users/michalecerik/Developer/hermes-polymarket/bot.py", line 55, in http
    raise RuntimeError("API failure %s: %s" % (url.split("?")[0], last))
RuntimeError: API failure https://gamma-api.polymarket.com/markets: <urlopen error [SSL: CERTIFICATE_VERIFY_FAILED] certificate verify failed: Hostname mismatch, certificate is not valid for 'gamma-api.polymarket.com'. (_ssl.c:1129)>
ERROR arb: API failure https://gamma-api.polymarket.com/events: <urlopen error [SSL: CERTIFICATE_VERIFY_FAILED] certificate verify failed: Hostname mismatch, certificate is not valid for 'gamma-api.polymarket.com'. (_ssl.c:1129)>
Traceback (most recent call last):
  File "/Users/michalecerik/Developer/hermes-polymarket/bot.py", line 729, in cycle
    fn()
  File "/Users/michalecerik/Developer/hermes-polymarket/bot.py", line 719, in <lambda>
    ("arb", lambda: step_arb(c)),
  File "/Users/michalecerik/Developer/hermes-polymarket/bot.py", line 608, in step_arb
    evs = http("%s/events?closed=false&limit=100&order=volume24hr&ascending=false" % GAMMA)
  File "/Users/michalecerik/Developer/hermes-polymarket/bot.py", line 55, in http
    raise RuntimeError("API failure %s: %s" % (url.split("?")[0], last))
RuntimeError: API failure https://gamma-api.polymarket.com/events: <urlopen error [SSL: CERTIFICATE_VERIFY_FAILED] certificate verify failed: Hostname mismatch, certificate is not valid for 'gamma-api.polymarket.com'. (_ssl.c:1129)>
review: 0 decisions resolved-reviewed, 0 rule changes (resolution-learned)
report: 2026-07-29 pnl=-29.52
export: docs/data.json written
=== 2026-07-29 23:36:52
ERROR scan: API failure https://data-api.polymarket.com/v1/leaderboard: <urlopen error [SSL: CERTIFICATE_VERIFY_FAILED] certificate verify failed: Hostname mismatch, certificate is not valid for 'data-api.polymarket.com'. (_ssl.c:1129)>
Traceback (most recent call last):
  File "/Users/michalecerik/Developer/hermes-polymarket/bot.py", line 729, in cycle
    fn()
  File "/Users/michalecerik/Developer/hermes-polymarket/bot.py", line 715, in <lambda>
    steps = [("scan", lambda: step_scan(c, get_rules(c)[0])),
  File "/Users/michalecerik/Developer/hermes-polymarket/bot.py", line 215, in step_scan
    page = http("%s/v1/leaderboard?window=1m&limit=50&offset=%d" % (DATA_API, off))
  File "/Users/michalecerik/Developer/hermes-polymarket/bot.py", line 55, in http
    raise RuntimeError("API failure %s: %s" % (url.split("?")[0], last))
RuntimeError: API failure https://data-api.polymarket.com/v1/leaderboard: <urlopen error [SSL: CERTIFICATE_VERIFY_FAILED] certificate verify failed: Hostname mismatch, certificate is not valid for 'data-api.polymarket.com'. (_ssl.c:1129)>
ERROR monitor: API failure https://data-api.polymarket.com/trades: <urlopen error [SSL: CERTIFICATE_VERIFY_FAILED] certificate verify failed: Hostname mismatch, certificate is not valid for 'data-api.polymarket.com'. (_ssl.c:1129)>
Traceback (most recent call last):
  File "/Users/michalecerik/Developer/hermes-polymarket/bot.py", line 729, in cycle
    fn()
  File "/Users/michalecerik/Developer/hermes-polymarket/bot.py", line 716, in <lambda>
    ("monitor", lambda: step_monitor(c, *get_rules(c))),
  File "/Users/michalecerik/Developer/hermes-polymarket/bot.py", line 310, in step_monitor
    trades = http("%s/trades?user=%s&limit=25" % (DATA_API, addr))
  File "/Users/michalecerik/Developer/hermes-polymarket/bot.py", line 55, in http
    raise RuntimeError("API failure %s: %s" % (url.split("?")[0], last))
RuntimeError: API failure https://data-api.polymarket.com/trades: <urlopen error [SSL: CERTIFICATE_VERIFY_FAILED] certificate verify failed: Hostname mismatch, certificate is not valid for 'data-api.polymarket.com'. (_ssl.c:1129)>
ERROR pnl: API failure https://gamma-api.polymarket.com/markets: <urlopen error [SSL: CERTIFICATE_VERIFY_FAILED] certificate verify failed: Hostname mismatch, certificate is not valid for 'gamma-api.polymarket.com'. (_ssl.c:1129)>
Traceback (most recent call last):
  File "/Users/michalecerik/Developer/hermes-polymarket/bot.py", line 729, in cycle
    fn()
  File "/Users/michalecerik/Developer/hermes-polymarket/bot.py", line 717, in <lambda>
    ("pnl", lambda: step_pnl(c)),
  File "/Users/michalecerik/Developer/hermes-polymarket/bot.py", line 403, in step_pnl
    info = market_info(pt["condition_id"])
  File "/Users/michalecerik/Developer/hermes-polymarket/bot.py", line 282, in market_info
    m = http("%s/markets?condition_ids=%s" % (GAMMA, condition_id))
  File "/Users/michalecerik/Developer/hermes-polymarket/bot.py", line 55, in http
    raise RuntimeError("API failure %s: %s" % (url.split("?")[0], last))
RuntimeError: API failure https://gamma-api.polymarket.com/markets: <urlopen error [SSL: CERTIFICATE_VERIFY_FAILED] certificate verify failed: Hostname mismatch, certificate is not valid for 'gamma-api.polymarket.com'. (_ssl.c:1129)>
ERROR arb: API failure https://gamma-api.polymarket.com/events: <urlopen error [SSL: CERTIFICATE_VERIFY_FAILED] certificate verify failed: Hostname mismatch, certificate is not valid for 'gamma-api.polymarket.com'. (_ssl.c:1129)>
Traceback (most recent call last):
  File "/Users/michalecerik/Developer/hermes-polymarket/bot.py", line 729, in cycle
    fn()
  File "/Users/michalecerik/Developer/hermes-polymarket/bot.py", line 719, in <lambda>
    ("arb", lambda: step_arb(c)),
  File "/Users/michalecerik/Developer/hermes-polymarket/bot.py", line 608, in step_arb
    evs = http("%s/events?closed=false&limit=100&order=volume24hr&ascending=false" % GAMMA)
  File "/Users/michalecerik/Developer/hermes-polymarket/bot.py", line 55, in http
    raise RuntimeError("API failure %s: %s" % (url.split("?")[0], last))
RuntimeError: API failure https://gamma-api.polymarket.com/events: <urlopen error [SSL: CERTIFICATE_VERIFY_FAILED] certificate verify failed: Hostname mismatch, certificate is not valid for 'gamma-api.polymarket.com'. (_ssl.c:1129)>
review: 0 decisions resolved-reviewed, 0 rule changes (resolution-learned)
report: 2026-07-30 pnl=-29.52
export: docs/data.json written
=== 2026-07-30 01:06:12
ERROR scan: API failure https://data-api.polymarket.com/v1/leaderboard: <urlopen error [SSL: CERTIFICATE_VERIFY_FAILED] certificate verify failed: Hostname mismatch, certificate is not valid for 'data-api.polymarket.com'. (_ssl.c:1129)>
Traceback (most recent call last):
  File "/Users/michalecerik/Developer/hermes-polymarket/bot.py", line 729, in cycle
    fn()
  File "/Users/michalecerik/Developer/hermes-polymarket/bot.py", line 715, in <lambda>
    steps = [("scan", lambda: step_scan(c, get_rules(c)[0])),
  File "/Users/michalecerik/Developer/hermes-polymarket/bot.py", line 215, in step_scan
    page = http("%s/v1/leaderboard?window=1m&limit=50&offset=%d" % (DATA_API, off))
  File "/Users/michalecerik/Developer/hermes-polymarket/bot.py", line 55, in http
    raise RuntimeError("API failure %s: %s" % (url.split("?")[0], last))
RuntimeError: API failure https://data-api.polymarket.com/v1/leaderboard: <urlopen error [SSL: CERTIFICATE_VERIFY_FAILED] certificate verify failed: Hostname mismatch, certificate is not valid for 'data-api.polymarket.com'. (_ssl.c:1129)>
ERROR monitor: API failure https://data-api.polymarket.com/trades: <urlopen error [SSL: CERTIFICATE_VERIFY_FAILED] certificate verify failed: Hostname mismatch, certificate is not valid for 'data-api.polymarket.com'. (_ssl.c:1129)>
Traceback (most recent call last):
  File "/Users/michalecerik/Developer/hermes-polymarket/bot.py", line 729, in cycle
    fn()
  File "/Users/michalecerik/Developer/hermes-polymarket/bot.py", line 716, in <lambda>
    ("monitor", lambda: step_monitor(c, *get_rules(c))),
  File "/Users/michalecerik/Developer/hermes-polymarket/bot.py", line 310, in step_monitor
    trades = http("%s/trades?user=%s&limit=25" % (DATA_API, addr))
  File "/Users/michalecerik/Developer/hermes-polymarket/bot.py", line 55, in http
    raise RuntimeError("API failure %s: %s" % (url.split("?")[0], last))
RuntimeError: API failure https://data-api.polymarket.com/trades: <urlopen error [SSL: CERTIFICATE_VERIFY_FAILED] certificate verify failed: Hostname mismatch, certificate is not valid for 'data-api.polymarket.com'. (_ssl.c:1129)>
ERROR pnl: API failure https://gamma-api.polymarket.com/markets: <urlopen error [SSL: CERTIFICATE_VERIFY_FAILED] certificate verify failed: Hostname mismatch, certificate is not valid for 'gamma-api.polymarket.com'. (_ssl.c:1129)>
Traceback (most recent call last):
  File "/Users/michalecerik/Developer/hermes-polymarket/bot.py", line 729, in cycle
    fn()
  File "/Users/michalecerik/Developer/hermes-polymarket/bot.py", line 717, in <lambda>
    ("pnl", lambda: step_pnl(c)),
  File "/Users/michalecerik/Developer/hermes-polymarket/bot.py", line 403, in step_pnl
    info = market_info(pt["condition_id"])
  File "/Users/michalecerik/Developer/hermes-polymarket/bot.py", line 282, in market_info
    m = http("%s/markets?condition_ids=%s" % (GAMMA, condition_id))
  File "/Users/michalecerik/Developer/hermes-polymarket/bot.py", line 55, in http
    raise RuntimeError("API failure %s: %s" % (url.split("?")[0], last))
RuntimeError: API failure https://gamma-api.polymarket.com/markets: <urlopen error [SSL: CERTIFICATE_VERIFY_FAILED] certificate verify failed: Hostname mismatch, certificate is not valid for 'gamma-api.polymarket.com'. (_ssl.c:1129)>
ERROR arb: API failure https://gamma-api.polymarket.com/events: <urlopen error [SSL: CERTIFICATE_VERIFY_FAILED] certificate verify failed: Hostname mismatch, certificate is not valid for 'gamma-api.polymarket.com'. (_ssl.c:1129)>
Traceback (most recent call last):
  File "/Users/michalecerik/Developer/hermes-polymarket/bot.py", line 729, in cycle
    fn()
  File "/Users/michalecerik/Developer/hermes-polymarket/bot.py", line 719, in <lambda>
    ("arb", lambda: step_arb(c)),
  File "/Users/michalecerik/Developer/hermes-polymarket/bot.py", line 608, in step_arb
    evs = http("%s/events?closed=false&limit=100&order=volume24hr&ascending=false" % GAMMA)
  File "/Users/michalecerik/Developer/hermes-polymarket/bot.py", line 55, in http
    raise RuntimeError("API failure %s: %s" % (url.split("?")[0], last))
RuntimeError: API failure https://gamma-api.polymarket.com/events: <urlopen error [SSL: CERTIFICATE_VERIFY_FAILED] certificate verify failed: Hostname mismatch, certificate is not valid for 'gamma-api.polymarket.com'. (_ssl.c:1129)>
review: 0 decisions resolved-reviewed, 0 rule changes (resolution-learned)
report: 2026-07-30 pnl=-29.52
export: docs/data.json written
=== 2026-07-30 02:35:31
ERROR scan: API failure https://data-api.polymarket.com/v1/leaderboard: <urlopen error [SSL: CERTIFICATE_VERIFY_FAILED] certificate verify failed: Hostname mismatch, certificate is not valid for 'data-api.polymarket.com'. (_ssl.c:1129)>
Traceback (most recent call last):
  File "/Users/michalecerik/Developer/hermes-polymarket/bot.py", line 729, in cycle
    fn()
  File "/Users/michalecerik/Developer/hermes-polymarket/bot.py", line 715, in <lambda>
    steps = [("scan", lambda: step_scan(c, get_rules(c)[0])),
  File "/Users/michalecerik/Developer/hermes-polymarket/bot.py", line 215, in step_scan
    page = http("%s/v1/leaderboard?window=1m&limit=50&offset=%d" % (DATA_API, off))
  File "/Users/michalecerik/Developer/hermes-polymarket/bot.py", line 55, in http
    raise RuntimeError("API failure %s: %s" % (url.split("?")[0], last))
RuntimeError: API failure https://data-api.polymarket.com/v1/leaderboard: <urlopen error [SSL: CERTIFICATE_VERIFY_FAILED] certificate verify failed: Hostname mismatch, certificate is not valid for 'data-api.polymarket.com'. (_ssl.c:1129)>
ERROR monitor: API failure https://data-api.polymarket.com/trades: <urlopen error [SSL: CERTIFICATE_VERIFY_FAILED] certificate verify failed: Hostname mismatch, certificate is not valid for 'data-api.polymarket.com'. (_ssl.c:1129)>
Traceback (most recent call last):
  File "/Users/michalecerik/Developer/hermes-polymarket/bot.py", line 729, in cycle
    fn()
  File "/Users/michalecerik/Developer/hermes-polymarket/bot.py", line 716, in <lambda>
    ("monitor", lambda: step_monitor(c, *get_rules(c))),
  File "/Users/michalecerik/Developer/hermes-polymarket/bot.py", line 310, in step_monitor
    trades = http("%s/trades?user=%s&limit=25" % (DATA_API, addr))
  File "/Users/michalecerik/Developer/hermes-polymarket/bot.py", line 55, in http
    raise RuntimeError("API failure %s: %s" % (url.split("?")[0], last))
RuntimeError: API failure https://data-api.polymarket.com/trades: <urlopen error [SSL: CERTIFICATE_VERIFY_FAILED] certificate verify failed: Hostname mismatch, certificate is not valid for 'data-api.polymarket.com'. (_ssl.c:1129)>
ERROR pnl: API failure https://gamma-api.polymarket.com/markets: <urlopen error [SSL: CERTIFICATE_VERIFY_FAILED] certificate verify failed: Hostname mismatch, certificate is not valid for 'gamma-api.polymarket.com'. (_ssl.c:1129)>
Traceback (most recent call last):
  File "/Users/michalecerik/Developer/hermes-polymarket/bot.py", line 729, in cycle
    fn()
  File "/Users/michalecerik/Developer/hermes-polymarket/bot.py", line 717, in <lambda>
    ("pnl", lambda: step_pnl(c)),
  File "/Users/michalecerik/Developer/hermes-polymarket/bot.py", line 403, in step_pnl
    info = market_info(pt["condition_id"])
  File "/Users/michalecerik/Developer/hermes-polymarket/bot.py", line 282, in market_info
    m = http("%s/markets?condition_ids=%s" % (GAMMA, condition_id))
  File "/Users/michalecerik/Developer/hermes-polymarket/bot.py", line 55, in http
    raise RuntimeError("API failure %s: %s" % (url.split("?")[0], last))
RuntimeError: API failure https://gamma-api.polymarket.com/markets: <urlopen error [SSL: CERTIFICATE_VERIFY_FAILED] certificate verify failed: Hostname mismatch, certificate is not valid for 'gamma-api.polymarket.com'. (_ssl.c:1129)>
ERROR arb: API failure https://gamma-api.polymarket.com/events: <urlopen error [SSL: CERTIFICATE_VERIFY_FAILED] certificate verify failed: Hostname mismatch, certificate is not valid for 'gamma-api.polymarket.com'. (_ssl.c:1129)>
Traceback (most recent call last):
  File "/Users/michalecerik/Developer/hermes-polymarket/bot.py", line 729, in cycle
    fn()
  File "/Users/michalecerik/Developer/hermes-polymarket/bot.py", line 719, in <lambda>
    ("arb", lambda: step_arb(c)),
  File "/Users/michalecerik/Developer/hermes-polymarket/bot.py", line 608, in step_arb
    evs = http("%s/events?closed=false&limit=100&order=volume24hr&ascending=false" % GAMMA)
  File "/Users/michalecerik/Developer/hermes-polymarket/bot.py", line 55, in http
    raise RuntimeError("API failure %s: %s" % (url.split("?")[0], last))
RuntimeError: API failure https://gamma-api.polymarket.com/events: <urlopen error [SSL: CERTIFICATE_VERIFY_FAILED] certificate verify failed: Hostname mismatch, certificate is not valid for 'gamma-api.polymarket.com'. (_ssl.c:1129)>
review: 0 decisions resolved-reviewed, 0 rule changes (resolution-learned)
report: 2026-07-30 pnl=-29.52
export: docs/data.json written
=== 2026-07-30 04:04:57
ERROR scan: API failure https://data-api.polymarket.com/v1/leaderboard: <urlopen error [SSL: CERTIFICATE_VERIFY_FAILED] certificate verify failed: Hostname mismatch, certificate is not valid for 'data-api.polymarket.com'. (_ssl.c:1129)>
Traceback (most recent call last):
  File "/Users/michalecerik/Developer/hermes-polymarket/bot.py", line 729, in cycle
    fn()
  File "/Users/michalecerik/Developer/hermes-polymarket/bot.py", line 715, in <lambda>
    steps = [("scan", lambda: step_scan(c, get_rules(c)[0])),
  File "/Users/michalecerik/Developer/hermes-polymarket/bot.py", line 215, in step_scan
    page = http("%s/v1/leaderboard?window=1m&limit=50&offset=%d" % (DATA_API, off))
  File "/Users/michalecerik/Developer/hermes-polymarket/bot.py", line 55, in http
    raise RuntimeError("API failure %s: %s" % (url.split("?")[0], last))
RuntimeError: API failure https://data-api.polymarket.com/v1/leaderboard: <urlopen error [SSL: CERTIFICATE_VERIFY_FAILED] certificate verify failed: Hostname mismatch, certificate is not valid for 'data-api.polymarket.com'. (_ssl.c:1129)>
ERROR monitor: API failure https://data-api.polymarket.com/trades: <urlopen error [SSL: CERTIFICATE_VERIFY_FAILED] certificate verify failed: Hostname mismatch, certificate is not valid for 'data-api.polymarket.com'. (_ssl.c:1129)>
Traceback (most recent call last):
  File "/Users/michalecerik/Developer/hermes-polymarket/bot.py", line 729, in cycle
    fn()
  File "/Users/michalecerik/Developer/hermes-polymarket/bot.py", line 716, in <lambda>
    ("monitor", lambda: step_monitor(c, *get_rules(c))),
  File "/Users/michalecerik/Developer/hermes-polymarket/bot.py", line 310, in step_monitor
    trades = http("%s/trades?user=%s&limit=25" % (DATA_API, addr))
  File "/Users/michalecerik/Developer/hermes-polymarket/bot.py", line 55, in http
    raise RuntimeError("API failure %s: %s" % (url.split("?")[0], last))
RuntimeError: API failure https://data-api.polymarket.com/trades: <urlopen error [SSL: CERTIFICATE_VERIFY_FAILED] certificate verify failed: Hostname mismatch, certificate is not valid for 'data-api.polymarket.com'. (_ssl.c:1129)>
ERROR pnl: API failure https://gamma-api.polymarket.com/markets: <urlopen error [SSL: CERTIFICATE_VERIFY_FAILED] certificate verify failed: Hostname mismatch, certificate is not valid for 'gamma-api.polymarket.com'. (_ssl.c:1129)>
Traceback (most recent call last):
  File "/Users/michalecerik/Developer/hermes-polymarket/bot.py", line 729, in cycle
    fn()
  File "/Users/michalecerik/Developer/hermes-polymarket/bot.py", line 717, in <lambda>
    ("pnl", lambda: step_pnl(c)),
  File "/Users/michalecerik/Developer/hermes-polymarket/bot.py", line 403, in step_pnl
    info = market_info(pt["condition_id"])
  File "/Users/michalecerik/Developer/hermes-polymarket/bot.py", line 282, in market_info
    m = http("%s/markets?condition_ids=%s" % (GAMMA, condition_id))
  File "/Users/michalecerik/Developer/hermes-polymarket/bot.py", line 55, in http
    raise RuntimeError("API failure %s: %s" % (url.split("?")[0], last))
RuntimeError: API failure https://gamma-api.polymarket.com/markets: <urlopen error [SSL: CERTIFICATE_VERIFY_FAILED] certificate verify failed: Hostname mismatch, certificate is not valid for 'gamma-api.polymarket.com'. (_ssl.c:1129)>
ERROR arb: API failure https://gamma-api.polymarket.com/events: <urlopen error [SSL: CERTIFICATE_VERIFY_FAILED] certificate verify failed: Hostname mismatch, certificate is not valid for 'gamma-api.polymarket.com'. (_ssl.c:1129)>
Traceback (most recent call last):
  File "/Users/michalecerik/Developer/hermes-polymarket/bot.py", line 729, in cycle
    fn()
  File "/Users/michalecerik/Developer/hermes-polymarket/bot.py", line 719, in <lambda>
    ("arb", lambda: step_arb(c)),
  File "/Users/michalecerik/Developer/hermes-polymarket/bot.py", line 608, in step_arb
    evs = http("%s/events?closed=false&limit=100&order=volume24hr&ascending=false" % GAMMA)
  File "/Users/michalecerik/Developer/hermes-polymarket/bot.py", line 55, in http
    raise RuntimeError("API failure %s: %s" % (url.split("?")[0], last))
RuntimeError: API failure https://gamma-api.polymarket.com/events: <urlopen error [SSL: CERTIFICATE_VERIFY_FAILED] certificate verify failed: Hostname mismatch, certificate is not valid for 'gamma-api.polymarket.com'. (_ssl.c:1129)>
review: 0 decisions resolved-reviewed, 0 rule changes (resolution-learned)
report: 2026-07-30 pnl=-29.52
export: docs/data.json written
=== 2026-07-30 05:34:29
ERROR scan: API failure https://data-api.polymarket.com/v1/leaderboard: <urlopen error [SSL: CERTIFICATE_VERIFY_FAILED] certificate verify failed: Hostname mismatch, certificate is not valid for 'data-api.polymarket.com'. (_ssl.c:1129)>
Traceback (most recent call last):
  File "/Users/michalecerik/Developer/hermes-polymarket/bot.py", line 729, in cycle
    fn()
  File "/Users/michalecerik/Developer/hermes-polymarket/bot.py", line 715, in <lambda>
    steps = [("scan", lambda: step_scan(c, get_rules(c)[0])),
  File "/Users/michalecerik/Developer/hermes-polymarket/bot.py", line 215, in step_scan
    page = http("%s/v1/leaderboard?window=1m&limit=50&offset=%d" % (DATA_API, off))
  File "/Users/michalecerik/Developer/hermes-polymarket/bot.py", line 55, in http
    raise RuntimeError("API failure %s: %s" % (url.split("?")[0], last))
RuntimeError: API failure https://data-api.polymarket.com/v1/leaderboard: <urlopen error [SSL: CERTIFICATE_VERIFY_FAILED] certificate verify failed: Hostname mismatch, certificate is not valid for 'data-api.polymarket.com'. (_ssl.c:1129)>
ERROR monitor: API failure https://data-api.polymarket.com/trades: <urlopen error [SSL: CERTIFICATE_VERIFY_FAILED] certificate verify failed: Hostname mismatch, certificate is not valid for 'data-api.polymarket.com'. (_ssl.c:1129)>
Traceback (most recent call last):
  File "/Users/michalecerik/Developer/hermes-polymarket/bot.py", line 729, in cycle
    fn()
  File "/Users/michalecerik/Developer/hermes-polymarket/bot.py", line 716, in <lambda>
    ("monitor", lambda: step_monitor(c, *get_rules(c))),
  File "/Users/michalecerik/Developer/hermes-polymarket/bot.py", line 310, in step_monitor
    trades = http("%s/trades?user=%s&limit=25" % (DATA_API, addr))
  File "/Users/michalecerik/Developer/hermes-polymarket/bot.py", line 55, in http
    raise RuntimeError("API failure %s: %s" % (url.split("?")[0], last))
RuntimeError: API failure https://data-api.polymarket.com/trades: <urlopen error [SSL: CERTIFICATE_VERIFY_FAILED] certificate verify failed: Hostname mismatch, certificate is not valid for 'data-api.polymarket.com'. (_ssl.c:1129)>
pnl: 12 open updated, total -69.64 (blind bench 26565.08)
review: 275 decisions resolved-reviewed, 2 rule changes (resolution-learned): min_copy_score, risk_max
arb: 100 events scanned, 5 deviations >=2c logged
report: 2026-07-30 pnl=-69.64
export: docs/data.json written
=== 2026-07-30 06:22:09
scan: 500 wallets, 50 profiled, 15 tracked
monitor: 226 new trades, 11 paper copies (rules v24)
pnl: 14 open updated, total -74.02 (blind bench 27634.87)
review: 1 decisions resolved-reviewed, 0 rule changes (resolution-learned)
arb: 100 events scanned, 4 deviations >=2c logged
report: 2026-07-30 pnl=-74.02
export: docs/data.json written
=== 2026-07-30 06:43:02
monitor: 17 new trades, 0 paper copies (rules v24)
pnl: 14 open updated, total -74.05 (blind bench 27634.83)
review: 0 decisions resolved-reviewed, 0 rule changes (resolution-learned)
arb: 100 events scanned, 5 deviations >=2c logged
report: 2026-07-30 pnl=-74.05
export: docs/data.json written
=== 2026-07-30 06:59:15
monitor: 19 new trades, 0 paper copies (rules v24)
pnl: 14 open updated, total -74.05 (blind bench 27634.83)
review: 0 decisions resolved-reviewed, 0 rule changes (resolution-learned)
arb: 100 events scanned, 3 deviations >=2c logged
report: 2026-07-30 pnl=-74.05
export: docs/data.json written
=== 2026-07-30 07:15:54
monitor: 3 new trades, 0 paper copies (rules v24)
pnl: 14 open updated, total -74.83 (blind bench 27632.76)
review: 0 decisions resolved-reviewed, 0 rule changes (resolution-learned)
arb: 100 events scanned, 4 deviations >=2c logged
report: 2026-07-30 pnl=-74.83
export: docs/data.json written
=== 2026-07-30 07:32:04
monitor: 1 new trades, 0 paper copies (rules v24)
pnl: 14 open updated, total -74.26 (blind bench 27633.18)
review: 160 decisions resolved-reviewed, 0 rule changes (resolution-learned)
arb: 100 events scanned, 3 deviations >=2c logged
report: 2026-07-30 pnl=-74.26
export: docs/data.json written
=== 2026-07-30 07:48:34
monitor: 0 new trades, 0 paper copies (rules v24)
pnl: 14 open updated, total -74.54 (blind bench 28568.32)
review: 0 decisions resolved-reviewed, 0 rule changes (resolution-learned)
arb: 100 events scanned, 2 deviations >=2c logged
report: 2026-07-30 pnl=-74.54
export: docs/data.json written
=== 2026-07-30 08:04:47
monitor: 0 new trades, 0 paper copies (rules v24)
pnl: 13 open updated, total -74.48 (blind bench 28568.39)
review: 0 decisions resolved-reviewed, 0 rule changes (resolution-learned)
arb: 100 events scanned, 4 deviations >=2c logged
report: 2026-07-30 pnl=-74.48
export: docs/data.json written
=== 2026-07-30 08:21:04
monitor: 0 new trades, 0 paper copies (rules v24)
pnl: 13 open updated, total -74.48 (blind bench 28568.39)
review: 0 decisions resolved-reviewed, 0 rule changes (resolution-learned)
arb: 100 events scanned, 4 deviations >=2c logged
report: 2026-07-30 pnl=-74.48
export: docs/data.json written
=== 2026-07-30 08:37:31
monitor: 0 new trades, 0 paper copies (rules v24)
pnl: 13 open updated, total -74.54 (blind bench 28568.61)
review: 0 decisions resolved-reviewed, 0 rule changes (resolution-learned)
arb: 100 events scanned, 3 deviations >=2c logged
report: 2026-07-30 pnl=-74.54
export: docs/data.json written
=== 2026-07-30 08:53:45
monitor: 11 new trades, 1 paper copies (rules v24)
pnl: 14 open updated, total -74.62 (blind bench 28568.69)
review: 0 decisions resolved-reviewed, 0 rule changes (resolution-learned)
arb: 100 events scanned, 3 deviations >=2c logged
report: 2026-07-30 pnl=-74.62
export: docs/data.json written
=== 2026-07-30 09:10:37
monitor: 4 new trades, 1 paper copies (rules v24)
pnl: 15 open updated, total -74.14 (blind bench 28568.98)
review: 0 decisions resolved-reviewed, 0 rule changes (resolution-learned)
arb: 100 events scanned, 4 deviations >=2c logged
report: 2026-07-30 pnl=-74.14
export: docs/data.json written
=== 2026-07-30 09:28:12
monitor: 1 new trades, 0 paper copies (rules v24)
pnl: 15 open updated, total -79.27 (blind bench 28566.21)
review: 0 decisions resolved-reviewed, 0 rule changes (resolution-learned)
arb: 100 events scanned, 3 deviations >=2c logged
report: 2026-07-30 pnl=-79.27
export: docs/data.json written
=== 2026-07-30 09:44:26
monitor: 0 new trades, 0 paper copies (rules v24)
pnl: 15 open updated, total -84.84 (blind bench 28562.91)
review: 1 decisions resolved-reviewed, 0 rule changes (resolution-learned)
arb: 100 events scanned, 3 deviations >=2c logged
report: 2026-07-30 pnl=-84.84
export: docs/data.json written
=== 2026-07-30 10:00:41
monitor: 0 new trades, 0 paper copies (rules v24)
pnl: 15 open updated, total -82.27 (blind bench 28564.29)
review: 9 decisions resolved-reviewed, 0 rule changes (resolution-learned)
arb: 100 events scanned, 4 deviations >=2c logged
report: 2026-07-30 pnl=-82.27
export: docs/data.json written
=== 2026-07-30 10:17:55
monitor: 5 new trades, 0 paper copies (rules v24)
pnl: 15 open updated, total -81.15 (blind bench 28565.75)
review: 0 decisions resolved-reviewed, 0 rule changes (resolution-learned)
arb: 100 events scanned, 4 deviations >=2c logged
report: 2026-07-30 pnl=-81.15
export: docs/data.json written
=== 2026-07-30 10:34:09
monitor: 2 new trades, 0 paper copies (rules v24)
pnl: 15 open updated, total -74.82 (blind bench 28571.19)
review: 0 decisions resolved-reviewed, 0 rule changes (resolution-learned)
arb: 100 events scanned, 3 deviations >=2c logged
report: 2026-07-30 pnl=-74.82
export: docs/data.json written
=== 2026-07-30 10:50:26
monitor: 1 new trades, 0 paper copies (rules v24)
pnl: 15 open updated, total -73.81 (blind bench 28571.76)
review: 0 decisions resolved-reviewed, 0 rule changes (resolution-learned)
arb: 100 events scanned, 4 deviations >=2c logged
report: 2026-07-30 pnl=-73.81
export: docs/data.json written
=== 2026-07-30 11:06:42
monitor: 0 new trades, 0 paper copies (rules v24)
pnl: 15 open updated, total -71.05 (blind bench 28574.79)
review: 1 decisions resolved-reviewed, 0 rule changes (resolution-learned)
arb: 100 events scanned, 3 deviations >=2c logged
report: 2026-07-30 pnl=-71.05
export: docs/data.json written
=== 2026-07-30 11:22:56
monitor: 5 new trades, 0 paper copies (rules v24)
pnl: 15 open updated, total -71.05 (blind bench 28574.79)
review: 1 decisions resolved-reviewed, 0 rule changes (resolution-learned)
arb: 100 events scanned, 3 deviations >=2c logged
report: 2026-07-30 pnl=-71.05
export: docs/data.json written
=== 2026-07-30 11:39:32
monitor: 19 new trades, 0 paper copies (rules v24)
pnl: 15 open updated, total -66.74 (blind bench 28592.41)
review: 0 decisions resolved-reviewed, 0 rule changes (resolution-learned)
arb: 100 events scanned, 3 deviations >=2c logged
report: 2026-07-30 pnl=-66.74
export: docs/data.json written
=== 2026-07-30 11:55:52
monitor: 8 new trades, 0 paper copies (rules v24)
pnl: 15 open updated, total -70.65 (blind bench 28588.18)
review: 0 decisions resolved-reviewed, 0 rule changes (resolution-learned)
arb: 100 events scanned, 3 deviations >=2c logged
report: 2026-07-30 pnl=-70.65
export: docs/data.json written
=== 2026-07-30 12:12:10
monitor: 20 new trades, 2 paper copies (rules v24)
pnl: 17 open updated, total -55.85 (blind bench 28623.58)
review: 0 decisions resolved-reviewed, 0 rule changes (resolution-learned)
arb: 100 events scanned, 2 deviations >=2c logged
report: 2026-07-30 pnl=-55.85
export: docs/data.json written
=== 2026-07-30 12:28:26
scan: 500 wallets, 50 profiled, 15 tracked
monitor: 135 new trades, 4 paper copies (rules v24)
pnl: 21 open updated, total -62.49 (blind bench 28608.53)
review: 0 decisions resolved-reviewed, 0 rule changes (resolution-learned)
arb: 100 events scanned, 2 deviations >=2c logged
report: 2026-07-30 pnl=-62.48
export: docs/data.json written
=== 2026-07-30 12:46:54
monitor: 19 new trades, 0 paper copies (rules v24)
pnl: 21 open updated, total -70.79 (blind bench 28603.88)
review: 0 decisions resolved-reviewed, 0 rule changes (resolution-learned)
arb: 100 events scanned, 2 deviations >=2c logged
report: 2026-07-30 pnl=-70.79
export: docs/data.json written
=== 2026-07-30 13:03:16
monitor: 26 new trades, 1 paper copies (rules v24)
pnl: 21 open updated, total -75.71 (blind bench 28598.52)
review: 0 decisions resolved-reviewed, 0 rule changes (resolution-learned)
arb: 100 events scanned, 3 deviations >=2c logged
report: 2026-07-30 pnl=-75.71
export: docs/data.json written
=== 2026-07-30 13:19:35
monitor: 16 new trades, 0 paper copies (rules v24)
pnl: 21 open updated, total -67.97 (blind bench 28596.80)
review: 4 decisions resolved-reviewed, 0 rule changes (resolution-learned)
arb: 100 events scanned, 3 deviations >=2c logged
report: 2026-07-30 pnl=-67.97
export: docs/data.json written
=== 2026-07-30 16:32:39
monitor: 71 new trades, 1 paper copies (rules v24)
pnl: 22 open updated, total -96.53 (blind bench 28661.43)
review: 192 decisions resolved-reviewed, 0 rule changes (resolution-learned)
arb: 100 events scanned, 3 deviations >=2c logged
report: 2026-07-30 pnl=-96.53
export: docs/data.json written
=== 2026-07-30 16:49:33
monitor: 0 new trades, 0 paper copies (rules v24)
pnl: 18 open updated, total -95.61 (blind bench 29157.77)
review: 3 decisions resolved-reviewed, 0 rule changes (resolution-learned)
arb: 100 events scanned, 2 deviations >=2c logged
report: 2026-07-30 pnl=-95.61
export: docs/data.json written
=== 2026-07-30 17:06:01
monitor: 6 new trades, 0 paper copies (rules v24)
pnl: 18 open updated, total -91.46 (blind bench 29166.06)
review: 1 decisions resolved-reviewed, 0 rule changes (resolution-learned)
arb: 100 events scanned, 3 deviations >=2c logged
report: 2026-07-30 pnl=-91.46
export: docs/data.json written
=== 2026-07-30 17:22:52
monitor: 10 new trades, 0 paper copies (rules v24)
pnl: 17 open updated, total -91.96 (blind bench 29165.49)
review: 0 decisions resolved-reviewed, 0 rule changes (resolution-learned)
arb: 100 events scanned, 4 deviations >=2c logged
report: 2026-07-30 pnl=-91.96
export: docs/data.json written
=== 2026-07-30 17:39:48
monitor: 16 new trades, 0 paper copies (rules v24)
pnl: 17 open updated, total -87.48 (blind bench 29168.33)
review: 24 decisions resolved-reviewed, 0 rule changes (resolution-learned)
arb: 100 events scanned, 3 deviations >=2c logged
report: 2026-07-30 pnl=-87.48
export: docs/data.json written
=== 2026-07-30 17:56:14
monitor: 4 new trades, 0 paper copies (rules v24)
pnl: 17 open updated, total -102.52 (blind bench 29159.61)
review: 4 decisions resolved-reviewed, 0 rule changes (resolution-learned)
arb: 100 events scanned, 2 deviations >=2c logged
report: 2026-07-30 pnl=-102.52
export: docs/data.json written
=== 2026-07-30 18:12:55
monitor: 7 new trades, 0 paper copies (rules v24)
pnl: 17 open updated, total -111.80 (blind bench 29153.59)
review: 6 decisions resolved-reviewed, 0 rule changes (resolution-learned)
arb: 100 events scanned, 2 deviations >=2c logged
report: 2026-07-30 pnl=-111.80
export: docs/data.json written
=== 2026-07-30 18:29:46
scan: 500 wallets, 50 profiled, 15 tracked
monitor: 99 new trades, 0 paper copies (rules v24)
pnl: 17 open updated, total -109.99 (blind bench 29184.44)
review: 3 decisions resolved-reviewed, 0 rule changes (resolution-learned)
arb: 100 events scanned, 3 deviations >=2c logged
report: 2026-07-30 pnl=-109.99
export: docs/data.json written
=== 2026-07-30 18:47:30
monitor: 26 new trades, 0 paper copies (rules v24)
pnl: 17 open updated, total -100.16 (blind bench 29192.16)
review: 18 decisions resolved-reviewed, 0 rule changes (resolution-learned)
arb: 100 events scanned, 4 deviations >=2c logged
report: 2026-07-30 pnl=-100.16
export: docs/data.json written
=== 2026-07-30 19:04:12
monitor: 8 new trades, 0 paper copies (rules v24)
pnl: 15 open updated, total -100.16 (blind bench 29206.08)
review: 0 decisions resolved-reviewed, 0 rule changes (resolution-learned)
arb: 100 events scanned, 2 deviations >=2c logged
report: 2026-07-30 pnl=-100.16
export: docs/data.json written
=== 2026-07-30 19:21:30
monitor: 7 new trades, 0 paper copies (rules v24)
pnl: 15 open updated, total -96.32 (blind bench 29207.01)
review: 15 decisions resolved-reviewed, 0 rule changes (resolution-learned)
arb: 100 events scanned, 2 deviations >=2c logged
report: 2026-07-30 pnl=-96.32
export: docs/data.json written
=== 2026-07-30 19:38:20
monitor: 20 new trades, 0 paper copies (rules v24)
pnl: 14 open updated, total -97.44 (blind bench 29225.61)
review: 48 decisions resolved-reviewed, 0 rule changes (resolution-learned)
arb: 100 events scanned, 3 deviations >=2c logged
report: 2026-07-30 pnl=-97.44
export: docs/data.json written
=== 2026-07-30 19:56:48
monitor: 5 new trades, 0 paper copies (rules v24)
pnl: 14 open updated, total -96.04 (blind bench 29859.91)
review: 3 decisions resolved-reviewed, 0 rule changes (resolution-learned)
arb: 100 events scanned, 2 deviations >=2c logged
report: 2026-07-30 pnl=-96.04
export: docs/data.json written
=== 2026-07-30 20:13:41
monitor: 7 new trades, 0 paper copies (rules v24)
pnl: 13 open updated, total -90.11 (blind bench 29874.03)
review: 27 decisions resolved-reviewed, 0 rule changes (resolution-learned)
arb: 100 events scanned, 2 deviations >=2c logged
report: 2026-07-30 pnl=-90.11
export: docs/data.json written
=== 2026-07-30 20:30:39
monitor: 14 new trades, 0 paper copies (rules v24)
pnl: 13 open updated, total -89.30 (blind bench 29923.38)
review: 7 decisions resolved-reviewed, 0 rule changes (resolution-learned)
arb: 100 events scanned, 3 deviations >=2c logged
report: 2026-07-30 pnl=-89.30
export: docs/data.json written
=== 2026-07-30 20:47:39
monitor: 32 new trades, 0 paper copies (rules v24)
pnl: 13 open updated, total -85.24 (blind bench 29967.25)
review: 12 decisions resolved-reviewed, 0 rule changes (resolution-learned)
arb: 100 events scanned, 2 deviations >=2c logged
report: 2026-07-30 pnl=-85.24
export: docs/data.json written
=== 2026-07-30 21:04:26
monitor: 24 new trades, 0 paper copies (rules v24)
pnl: 13 open updated, total -98.38 (blind bench 29984.48)
review: 6 decisions resolved-reviewed, 0 rule changes (resolution-learned)
arb: 100 events scanned, 2 deviations >=2c logged
report: 2026-07-30 pnl=-98.38
export: docs/data.json written
=== 2026-07-30 21:21:22
monitor: 22 new trades, 0 paper copies (rules v24)
pnl: 13 open updated, total -109.35 (blind bench 29979.68)
review: 0 decisions resolved-reviewed, 0 rule changes (resolution-learned)
arb: 100 events scanned, 1 deviations >=2c logged
report: 2026-07-30 pnl=-109.35
export: docs/data.json written
=== 2026-07-30 21:38:03
monitor: 14 new trades, 0 paper copies (rules v24)
pnl: 12 open updated, total -111.55 (blind bench 29975.52)
review: 1 decisions resolved-reviewed, 0 rule changes (resolution-learned)
arb: 100 events scanned, 2 deviations >=2c logged
report: 2026-07-30 pnl=-111.55
export: docs/data.json written
=== 2026-07-30 21:54:37
monitor: 27 new trades, 0 paper copies (rules v24)
pnl: 12 open updated, total -111.15 (blind bench 29982.74)
review: 16 decisions resolved-reviewed, 0 rule changes (resolution-learned)
arb: 100 events scanned, 1 deviations >=2c logged
report: 2026-07-30 pnl=-111.15
export: docs/data.json written
=== 2026-07-30 22:11:13
monitor: 33 new trades, 0 paper copies (rules v24)
pnl: 12 open updated, total -110.60 (blind bench 30051.63)
review: 0 decisions resolved-reviewed, 0 rule changes (resolution-learned)
arb: 100 events scanned, 1 deviations >=2c logged
report: 2026-07-30 pnl=-110.60
export: docs/data.json written
=== 2026-07-30 22:27:47
monitor: 24 new trades, 0 paper copies (rules v24)
pnl: 12 open updated, total -110.38 (blind bench 30053.01)
review: 1 decisions resolved-reviewed, 0 rule changes (resolution-learned)
arb: 100 events scanned, 1 deviations >=2c logged
report: 2026-07-30 pnl=-110.38
export: docs/data.json written
=== 2026-07-30 22:44:22
monitor: 24 new trades, 0 paper copies (rules v24)
pnl: 12 open updated, total -111.13 (blind bench 30050.30)
review: 0 decisions resolved-reviewed, 0 rule changes (resolution-learned)
arb: 100 events scanned, 2 deviations >=2c logged
report: 2026-07-30 pnl=-111.13
export: docs/data.json written
=== 2026-07-30 23:00:57
monitor: 34 new trades, 0 paper copies (rules v24)
pnl: 12 open updated, total -112.52 (blind bench 30049.21)
review: 16 decisions resolved-reviewed, 0 rule changes (resolution-learned)
arb: 100 events scanned, 3 deviations >=2c logged
report: 2026-07-30 pnl=-112.52
export: docs/data.json written
=== 2026-07-30 23:17:35
monitor: 8 new trades, 0 paper copies (rules v24)
pnl: 12 open updated, total -111.42 (blind bench 30051.52)
review: 6 decisions resolved-reviewed, 0 rule changes (resolution-learned)
arb: 100 events scanned, 2 deviations >=2c logged
report: 2026-07-30 pnl=-111.42
export: docs/data.json written
=== 2026-07-30 23:34:06
monitor: 8 new trades, 0 paper copies (rules v24)
pnl: 12 open updated, total -114.87 (blind bench 30043.35)
review: 1 decisions resolved-reviewed, 0 rule changes (resolution-learned)
arb: 100 events scanned, 2 deviations >=2c logged
report: 2026-07-30 pnl=-114.87
export: docs/data.json written
=== 2026-07-30 23:50:36
monitor: 13 new trades, 0 paper copies (rules v24)
pnl: 12 open updated, total -114.43 (blind bench 30057.79)
review: 2 decisions resolved-reviewed, 0 rule changes (resolution-learned)
arb: 100 events scanned, 2 deviations >=2c logged
report: 2026-07-30 pnl=-114.43
export: docs/data.json written
=== 2026-07-31 00:07:11
monitor: 25 new trades, 0 paper copies (rules v24)
pnl: 12 open updated, total -113.82 (blind bench 30067.94)
review: 0 decisions resolved-reviewed, 0 rule changes (resolution-learned)
arb: 100 events scanned, 3 deviations >=2c logged
report: 2026-07-31 pnl=-113.82
export: docs/data.json written
=== 2026-07-31 00:23:45
monitor: 15 new trades, 0 paper copies (rules v24)
pnl: 12 open updated, total -115.55 (blind bench 30068.19)
review: 0 decisions resolved-reviewed, 0 rule changes (resolution-learned)
arb: 100 events scanned, 2 deviations >=2c logged
report: 2026-07-31 pnl=-115.55
export: docs/data.json written
=== 2026-07-31 00:40:17
scan: 500 wallets, 50 profiled, 2 tracked
monitor: 15 new trades, 0 paper copies (rules v24)
pnl: 12 open updated, total -120.07 (blind bench 30066.50)
review: 0 decisions resolved-reviewed, 0 rule changes (resolution-learned)
arb: 100 events scanned, 3 deviations >=2c logged
report: 2026-07-31 pnl=-120.07
export: docs/data.json written
=== 2026-07-31 00:57:12
monitor: 1 new trades, 0 paper copies (rules v24)
pnl: 12 open updated, total -121.39 (blind bench 30065.79)
review: 15 decisions resolved-reviewed, 0 rule changes (resolution-learned)
arb: 100 events scanned, 2 deviations >=2c logged
report: 2026-07-31 pnl=-121.39
export: docs/data.json written
=== 2026-07-31 01:13:50
monitor: 0 new trades, 0 paper copies (rules v24)
pnl: 12 open updated, total -119.42 (blind bench 30071.07)
review: 2 decisions resolved-reviewed, 0 rule changes (resolution-learned)
arb: 100 events scanned, 2 deviations >=2c logged
report: 2026-07-31 pnl=-119.42
export: docs/data.json written
=== 2026-07-31 01:30:21
monitor: 0 new trades, 0 paper copies (rules v24)
pnl: 12 open updated, total -123.58 (blind bench 30070.01)
review: 0 decisions resolved-reviewed, 0 rule changes (resolution-learned)
arb: 100 events scanned, 2 deviations >=2c logged
report: 2026-07-31 pnl=-123.58
export: docs/data.json written
=== 2026-07-31 01:47:02
monitor: 1 new trades, 0 paper copies (rules v24)
pnl: 12 open updated, total -114.29 (blind bench 30080.25)
review: 19 decisions resolved-reviewed, 0 rule changes (resolution-learned)
arb: 100 events scanned, 2 deviations >=2c logged
report: 2026-07-31 pnl=-114.29
export: docs/data.json written
=== 2026-07-31 02:03:38
monitor: 0 new trades, 0 paper copies (rules v24)
pnl: 12 open updated, total -106.25 (blind bench 30086.60)
review: 1 decisions resolved-reviewed, 0 rule changes (resolution-learned)
arb: 100 events scanned, 2 deviations >=2c logged
report: 2026-07-31 pnl=-106.25
export: docs/data.json written
=== 2026-07-31 02:20:08
monitor: 0 new trades, 0 paper copies (rules v24)
pnl: 12 open updated, total -103.84 (blind bench 30099.12)
review: 3 decisions resolved-reviewed, 0 rule changes (resolution-learned)
arb: 100 events scanned, 2 deviations >=2c logged
report: 2026-07-31 pnl=-103.84
export: docs/data.json written
=== 2026-07-31 02:36:38
monitor: 0 new trades, 0 paper copies (rules v24)
pnl: 11 open updated, total -105.08 (blind bench 30095.62)
review: 5 decisions resolved-reviewed, 0 rule changes (resolution-learned)
arb: 100 events scanned, 2 deviations >=2c logged
report: 2026-07-31 pnl=-105.08
export: docs/data.json written
=== 2026-07-31 02:53:09
monitor: 0 new trades, 0 paper copies (rules v24)
pnl: 11 open updated, total -103.80 (blind bench 30121.07)
review: 2 decisions resolved-reviewed, 0 rule changes (resolution-learned)
arb: 100 events scanned, 4 deviations >=2c logged
report: 2026-07-31 pnl=-103.80
export: docs/data.json written
=== 2026-07-31 03:09:39
monitor: 0 new trades, 0 paper copies (rules v24)
pnl: 11 open updated, total -103.37 (blind bench 30123.73)
review: 0 decisions resolved-reviewed, 0 rule changes (resolution-learned)
arb: 100 events scanned, 2 deviations >=2c logged
report: 2026-07-31 pnl=-103.37
export: docs/data.json written
=== 2026-07-31 03:26:06
monitor: 0 new trades, 0 paper copies (rules v24)
pnl: 11 open updated, total -105.73 (blind bench 30118.11)
review: 14 decisions resolved-reviewed, 0 rule changes (resolution-learned)
arb: 100 events scanned, 4 deviations >=2c logged
report: 2026-07-31 pnl=-105.73
export: docs/data.json written
=== 2026-07-31 03:42:38
monitor: 0 new trades, 0 paper copies (rules v24)
pnl: 11 open updated, total -103.87 (blind bench 30148.55)
review: 3 decisions resolved-reviewed, 0 rule changes (resolution-learned)
arb: 100 events scanned, 4 deviations >=2c logged
report: 2026-07-31 pnl=-103.87
export: docs/data.json written
=== 2026-07-31 03:59:06
monitor: 0 new trades, 0 paper copies (rules v24)
pnl: 11 open updated, total -101.32 (blind bench 30154.94)
review: 0 decisions resolved-reviewed, 0 rule changes (resolution-learned)
arb: 100 events scanned, 3 deviations >=2c logged
report: 2026-07-31 pnl=-101.32
export: docs/data.json written
=== 2026-07-31 04:15:35
monitor: 0 new trades, 0 paper copies (rules v24)
pnl: 11 open updated, total -95.79 (blind bench 30168.75)
review: 15 decisions resolved-reviewed, 0 rule changes (resolution-learned)
arb: 100 events scanned, 3 deviations >=2c logged
report: 2026-07-31 pnl=-95.79
export: docs/data.json written
=== 2026-07-31 04:32:04
monitor: 0 new trades, 0 paper copies (rules v24)
pnl: 10 open updated, total -93.12 (blind bench 30189.49)
review: 3 decisions resolved-reviewed, 0 rule changes (resolution-learned)
arb: 100 events scanned, 3 deviations >=2c logged
report: 2026-07-31 pnl=-93.12
export: docs/data.json written
=== 2026-07-31 04:48:34
monitor: 0 new trades, 0 paper copies (rules v24)
pnl: 10 open updated, total -93.64 (blind bench 30203.19)
review: 6 decisions resolved-reviewed, 0 rule changes (resolution-learned)
arb: 100 events scanned, 3 deviations >=2c logged
report: 2026-07-31 pnl=-93.64
export: docs/data.json written
=== 2026-07-31 05:05:03
monitor: 0 new trades, 0 paper copies (rules v24)
pnl: 10 open updated, total -93.93 (blind bench 30202.14)
review: 14 decisions resolved-reviewed, 0 rule changes (resolution-learned)
arb: 100 events scanned, 3 deviations >=2c logged
report: 2026-07-31 pnl=-93.93
export: docs/data.json written
=== 2026-07-31 05:21:51
monitor: 0 new trades, 0 paper copies (rules v24)
pnl: 10 open updated, total -94.44 (blind bench 30308.04)
review: 18 decisions resolved-reviewed, 0 rule changes (resolution-learned)
arb: 100 events scanned, 4 deviations >=2c logged
report: 2026-07-31 pnl=-94.44
export: docs/data.json written
=== 2026-07-31 05:38:22
monitor: 0 new trades, 0 paper copies (rules v24)
pnl: 10 open updated, total -94.56 (blind bench 30328.13)
review: 0 decisions resolved-reviewed, 0 rule changes (resolution-learned)
arb: 100 events scanned, 3 deviations >=2c logged
report: 2026-07-31 pnl=-94.56
export: docs/data.json written
=== 2026-07-31 05:54:51
monitor: 0 new trades, 0 paper copies (rules v24)
pnl: 10 open updated, total -94.64 (blind bench 30327.98)
review: 0 decisions resolved-reviewed, 0 rule changes (resolution-learned)
arb: 100 events scanned, 4 deviations >=2c logged
report: 2026-07-31 pnl=-94.64
export: docs/data.json written
=== 2026-07-31 06:11:21
monitor: 0 new trades, 0 paper copies (rules v24)
pnl: 10 open updated, total -94.38 (blind bench 30328.61)
review: 1 decisions resolved-reviewed, 0 rule changes (resolution-learned)
arb: 100 events scanned, 4 deviations >=2c logged
report: 2026-07-31 pnl=-94.38
export: docs/data.json written
=== 2026-07-31 06:27:50
monitor: 0 new trades, 0 paper copies (rules v24)
pnl: 10 open updated, total -94.60 (blind bench 30328.25)
review: 2 decisions resolved-reviewed, 0 rule changes (resolution-learned)
arb: 100 events scanned, 3 deviations >=2c logged
report: 2026-07-31 pnl=-94.60
export: docs/data.json written
=== 2026-07-31 06:44:21
scan: 500 wallets, 50 profiled, 15 tracked
monitor: 161 new trades, 5 paper copies (rules v24)
pnl: 15 open updated, total -95.53 (blind bench 30905.83)
review: 0 decisions resolved-reviewed, 0 rule changes (resolution-learned)
arb: 100 events scanned, 5 deviations >=2c logged
report: 2026-07-31 pnl=-95.53
export: docs/data.json written
=== 2026-07-31 07:04:14
monitor: 0 new trades, 0 paper copies (rules v24)
pnl: 15 open updated, total -95.75 (blind bench 30908.03)
review: 0 decisions resolved-reviewed, 0 rule changes (resolution-learned)
arb: 100 events scanned, 5 deviations >=2c logged
report: 2026-07-31 pnl=-95.75
export: docs/data.json written
=== 2026-07-31 07:20:47
monitor: 4 new trades, 0 paper copies (rules v24)
pnl: 15 open updated, total -95.51 (blind bench 30912.48)
review: 0 decisions resolved-reviewed, 0 rule changes (resolution-learned)
arb: 100 events scanned, 6 deviations >=2c logged
report: 2026-07-31 pnl=-95.51
export: docs/data.json written
=== 2026-07-31 07:37:23
monitor: 6 new trades, 1 paper copies (rules v24)
pnl: 16 open updated, total -94.07 (blind bench 30878.10)
review: 0 decisions resolved-reviewed, 0 rule changes (resolution-learned)
arb: 100 events scanned, 2 deviations >=2c logged
report: 2026-07-31 pnl=-94.07
export: docs/data.json written
=== 2026-07-31 07:54:03
monitor: 8 new trades, 1 paper copies (rules v24)
pnl: 17 open updated, total -93.60 (blind bench 30945.42)
review: 129 decisions resolved-reviewed, 0 rule changes (resolution-learned)
arb: 100 events scanned, 4 deviations >=2c logged
report: 2026-07-31 pnl=-93.60
export: docs/data.json written
=== 2026-07-31 08:10:55
monitor: 8 new trades, 0 paper copies (rules v24)
pnl: 17 open updated, total -92.43 (blind bench 31912.52)
review: 0 decisions resolved-reviewed, 0 rule changes (resolution-learned)
arb: 100 events scanned, 2 deviations >=2c logged
report: 2026-07-31 pnl=-92.43
export: docs/data.json written
=== 2026-07-31 08:27:34
monitor: 10 new trades, 0 paper copies (rules v24)
pnl: 17 open updated, total -92.37 (blind bench 31920.34)
review: 0 decisions resolved-reviewed, 0 rule changes (resolution-learned)
arb: 100 events scanned, 2 deviations >=2c logged
report: 2026-07-31 pnl=-92.37
export: docs/data.json written
=== 2026-07-31 08:44:30
monitor: 2 new trades, 0 paper copies (rules v24)
pnl: 17 open updated, total -93.26 (blind bench 31910.54)
review: 8 decisions resolved-reviewed, 0 rule changes (resolution-learned)
arb: 100 events scanned, 5 deviations >=2c logged
report: 2026-07-31 pnl=-93.26
export: docs/data.json written
=== 2026-07-31 09:01:07
monitor: 2 new trades, 1 paper copies (rules v24)
pnl: 17 open updated, total -94.64 (blind bench 32015.67)
review: 6 decisions resolved-reviewed, 0 rule changes (resolution-learned)
arb: 100 events scanned, 4 deviations >=2c logged
report: 2026-07-31 pnl=-94.64
export: docs/data.json written
=== 2026-07-31 09:17:40
monitor: 1 new trades, 1 paper copies (rules v24)
pnl: 18 open updated, total -97.95 (blind bench 32074.05)
review: 4 decisions resolved-reviewed, 0 rule changes (resolution-learned)
arb: 100 events scanned, 2 deviations >=2c logged
report: 2026-07-31 pnl=-97.95
export: docs/data.json written
=== 2026-07-31 09:34:17
monitor: 28 new trades, 0 paper copies (rules v24)
pnl: 18 open updated, total -86.62 (blind bench 32118.97)
review: 1 decisions resolved-reviewed, 0 rule changes (resolution-learned)
arb: 100 events scanned, 4 deviations >=2c logged
report: 2026-07-31 pnl=-86.62
export: docs/data.json written
=== 2026-07-31 09:50:59
monitor: 1 new trades, 0 paper copies (rules v24)
pnl: 18 open updated, total -110.01 (blind bench 31950.84)
review: 1 decisions resolved-reviewed, 0 rule changes (resolution-learned)
arb: 100 events scanned, 3 deviations >=2c logged
report: 2026-07-31 pnl=-110.01
export: docs/data.json written
=== 2026-07-31 10:07:34
monitor: 1 new trades, 0 paper copies (rules v24)
pnl: 16 open updated, total -107.75 (blind bench 31960.63)
review: 0 decisions resolved-reviewed, 0 rule changes (resolution-learned)
arb: 100 events scanned, 5 deviations >=2c logged
report: 2026-07-31 pnl=-107.75
export: docs/data.json written
=== 2026-07-31 10:24:11
monitor: 0 new trades, 0 paper copies (rules v24)
pnl: 16 open updated, total -106.05 (blind bench 31958.29)
review: 6 decisions resolved-reviewed, 0 rule changes (resolution-learned)
arb: 100 events scanned, 2 deviations >=2c logged
report: 2026-07-31 pnl=-106.05
export: docs/data.json written
=== 2026-07-31 10:41:02
monitor: 0 new trades, 0 paper copies (rules v24)
pnl: 16 open updated, total -106.50 (blind bench 31979.01)
review: 0 decisions resolved-reviewed, 0 rule changes (resolution-learned)
arb: 100 events scanned, 2 deviations >=2c logged
report: 2026-07-31 pnl=-106.50
export: docs/data.json written
=== 2026-07-31 10:57:52
monitor: 0 new trades, 0 paper copies (rules v24)
pnl: 16 open updated, total -108.82 (blind bench 31975.35)
review: 4 decisions resolved-reviewed, 0 rule changes (resolution-learned)
arb: 100 events scanned, 2 deviations >=2c logged
report: 2026-07-31 pnl=-108.82
export: docs/data.json written
=== 2026-07-31 11:14:34
monitor: 0 new trades, 0 paper copies (rules v24)
pnl: 15 open updated, total -109.66 (blind bench 31982.09)
review: 0 decisions resolved-reviewed, 0 rule changes (resolution-learned)
arb: 100 events scanned, 4 deviations >=2c logged
report: 2026-07-31 pnl=-109.66
export: docs/data.json written
=== 2026-07-31 11:31:12
monitor: 9 new trades, 0 paper copies (rules v24)
pnl: 15 open updated, total -110.26 (blind bench 31984.12)
review: 1 decisions resolved-reviewed, 0 rule changes (resolution-learned)
arb: 100 events scanned, 3 deviations >=2c logged
report: 2026-07-31 pnl=-110.26
export: docs/data.json written
=== 2026-07-31 11:49:40
monitor: 9 new trades, 1 paper copies (rules v24)
pnl: 15 open updated, total -106.64 (blind bench 31995.20)
review: 0 decisions resolved-reviewed, 0 rule changes (resolution-learned)
arb: 100 events scanned, 3 deviations >=2c logged
report: 2026-07-31 pnl=-106.64
export: docs/data.json written
=== 2026-07-31 12:06:22
monitor: 3 new trades, 1 paper copies (rules v24)
pnl: 16 open updated, total -103.53 (blind bench 31995.31)
review: 12 decisions resolved-reviewed, 0 rule changes (resolution-learned)
arb: 100 events scanned, 3 deviations >=2c logged
report: 2026-07-31 pnl=-103.53
export: docs/data.json written
=== 2026-07-31 12:23:00
monitor: 3 new trades, 2 paper copies (rules v24)
pnl: 18 open updated, total -105.93 (blind bench 32054.47)
review: 6 decisions resolved-reviewed, 0 rule changes (resolution-learned)
arb: 100 events scanned, 3 deviations >=2c logged
report: 2026-07-31 pnl=-105.93
export: docs/data.json written
=== 2026-07-31 12:39:40
monitor: 12 new trades, 0 paper copies (rules v24)
pnl: 17 open updated, total -87.04 (blind bench 32079.93)
review: 3 decisions resolved-reviewed, 0 rule changes (resolution-learned)
arb: 100 events scanned, 3 deviations >=2c logged
report: 2026-07-31 pnl=-87.04
export: docs/data.json written
=== 2026-07-31 12:56:23
scan: 500 wallets, 50 profiled, 15 tracked
monitor: 85 new trades, 0 paper copies (rules v24)
pnl: 17 open updated, total -76.44 (blind bench 32096.10)
review: 18 decisions resolved-reviewed, 0 rule changes (resolution-learned)
arb: 100 events scanned, 2 deviations >=2c logged
report: 2026-07-31 pnl=-76.44
export: docs/data.json written
=== 2026-07-31 13:14:06
monitor: 22 new trades, 0 paper copies (rules v24)
pnl: 17 open updated, total -80.70 (blind bench 32125.40)
review: 4 decisions resolved-reviewed, 0 rule changes (resolution-learned)
arb: 100 events scanned, 2 deviations >=2c logged
report: 2026-07-31 pnl=-80.70
export: docs/data.json written
=== 2026-07-31 13:30:48
monitor: 25 new trades, 0 paper copies (rules v24)
pnl: 16 open updated, total -94.18 (blind bench 32150.32)
review: 0 decisions resolved-reviewed, 0 rule changes (resolution-learned)
arb: 100 events scanned, 4 deviations >=2c logged
report: 2026-07-31 pnl=-94.18
export: docs/data.json written
=== 2026-07-31 13:47:30
monitor: 27 new trades, 0 paper copies (rules v24)
pnl: 16 open updated, total -92.46 (blind bench 32193.90)
review: 0 decisions resolved-reviewed, 0 rule changes (resolution-learned)
arb: 100 events scanned, 4 deviations >=2c logged
report: 2026-07-31 pnl=-92.46
export: docs/data.json written
=== 2026-07-31 14:04:13
monitor: 22 new trades, 2 paper copies (rules v24)
pnl: 18 open updated, total -85.87 (blind bench 32198.66)
review: 45 decisions resolved-reviewed, 0 rule changes (resolution-learned)
arb: 100 events scanned, 3 deviations >=2c logged
report: 2026-07-31 pnl=-85.87
export: docs/data.json written
=== 2026-07-31 14:21:07
monitor: 36 new trades, 0 paper copies (rules v24)
pnl: 18 open updated, total -89.60 (blind bench 32675.35)
review: 0 decisions resolved-reviewed, 0 rule changes (resolution-learned)
arb: 100 events scanned, 2 deviations >=2c logged
report: 2026-07-31 pnl=-89.60
export: docs/data.json written
=== 2026-07-31 14:38:00
monitor: 20 new trades, 1 paper copies (rules v24)
pnl: 19 open updated, total -84.99 (blind bench 32675.52)
review: 9 decisions resolved-reviewed, 0 rule changes (resolution-learned)
arb: 100 events scanned, 2 deviations >=2c logged
report: 2026-07-31 pnl=-84.99
export: docs/data.json written
=== 2026-07-31 14:54:47
monitor: 25 new trades, 1 paper copies (rules v24)
pnl: 20 open updated, total -91.62 (blind bench 32685.82)
review: 2 decisions resolved-reviewed, 0 rule changes (resolution-learned)
arb: 100 events scanned, 2 deviations >=2c logged
report: 2026-07-31 pnl=-91.62
export: docs/data.json written
=== 2026-07-31 15:11:37
monitor: 16 new trades, 0 paper copies (rules v24)
pnl: 20 open updated, total -106.14 (blind bench 32679.08)
review: 0 decisions resolved-reviewed, 0 rule changes (resolution-learned)
arb: 100 events scanned, 3 deviations >=2c logged
report: 2026-07-31 pnl=-106.14
export: docs/data.json written
=== 2026-07-31 15:28:25
monitor: 6 new trades, 0 paper copies (rules v24)
pnl: 18 open updated, total -85.42 (blind bench 32699.25)
review: 9 decisions resolved-reviewed, 0 rule changes (resolution-learned)
arb: 100 events scanned, 2 deviations >=2c logged
report: 2026-07-31 pnl=-85.42
export: docs/data.json written
=== 2026-07-31 15:45:25
monitor: 8 new trades, 0 paper copies (rules v24)
pnl: 17 open updated, total -117.89 (blind bench 32785.87)
review: 34 decisions resolved-reviewed, 0 rule changes (resolution-learned)
arb: 100 events scanned, 4 deviations >=2c logged
report: 2026-07-31 pnl=-117.89
export: docs/data.json written
=== 2026-07-31 16:02:08
monitor: 27 new trades, 0 paper copies (rules v24)
pnl: 17 open updated, total -121.48 (blind bench 32928.26)
review: 0 decisions resolved-reviewed, 0 rule changes (resolution-learned)
arb: 100 events scanned, 4 deviations >=2c logged
report: 2026-07-31 pnl=-121.48
export: docs/data.json written
=== 2026-07-31 16:18:58
monitor: 26 new trades, 0 paper copies (rules v24)
pnl: 17 open updated, total -126.24 (blind bench 32923.49)
review: 0 decisions resolved-reviewed, 0 rule changes (resolution-learned)
arb: 100 events scanned, 4 deviations >=2c logged
report: 2026-07-31 pnl=-126.24
export: docs/data.json written
=== 2026-07-31 16:35:49
monitor: 14 new trades, 0 paper copies (rules v24)
pnl: 17 open updated, total -135.11 (blind bench 32920.82)
review: 8 decisions resolved-reviewed, 0 rule changes (resolution-learned)
arb: 100 events scanned, 2 deviations >=2c logged
report: 2026-07-31 pnl=-135.11
export: docs/data.json written
=== 2026-07-31 16:52:36
monitor: 7 new trades, 1 paper copies (rules v24)
pnl: 16 open updated, total -133.85 (blind bench 32924.45)
review: 5 decisions resolved-reviewed, 0 rule changes (resolution-learned)
arb: 100 events scanned, 1 deviations >=2c logged
report: 2026-07-31 pnl=-133.85
export: docs/data.json written
=== 2026-07-31 17:09:22
monitor: 6 new trades, 1 paper copies (rules v24)
pnl: 17 open updated, total -124.73 (blind bench 32933.62)
review: 0 decisions resolved-reviewed, 0 rule changes (resolution-learned)
arb: 100 events scanned, 3 deviations >=2c logged
report: 2026-07-31 pnl=-124.73
export: docs/data.json written
=== 2026-07-31 17:26:08
monitor: 7 new trades, 0 paper copies (rules v24)
pnl: 17 open updated, total -124.34 (blind bench 32937.14)
review: 2 decisions resolved-reviewed, 0 rule changes (resolution-learned)
arb: 100 events scanned, 3 deviations >=2c logged
report: 2026-07-31 pnl=-124.34
export: docs/data.json written
=== 2026-07-31 17:42:56
monitor: 15 new trades, 2 paper copies (rules v24)
pnl: 19 open updated, total -109.38 (blind bench 32941.93)
review: 1 decisions resolved-reviewed, 0 rule changes (resolution-learned)
arb: 100 events scanned, 3 deviations >=2c logged
report: 2026-07-31 pnl=-109.38
export: docs/data.json written
=== 2026-07-31 17:59:48
monitor: 5 new trades, 0 paper copies (rules v24)
pnl: 19 open updated, total -113.55 (blind bench 32933.88)
review: 2 decisions resolved-reviewed, 0 rule changes (resolution-learned)
arb: 100 events scanned, 2 deviations >=2c logged
report: 2026-07-31 pnl=-113.55
export: docs/data.json written
=== 2026-07-31 18:16:41
monitor: 2 new trades, 0 paper copies (rules v24)
pnl: 19 open updated, total -118.08 (blind bench 32943.37)
review: 102 decisions resolved-reviewed, 0 rule changes (resolution-learned)
arb: 100 events scanned, 1 deviations >=2c logged
report: 2026-07-31 pnl=-118.08
export: docs/data.json written
=== 2026-07-31 18:33:37
monitor: 3 new trades, 0 paper copies (rules v24)
pnl: 19 open updated, total -123.33 (blind bench 32940.91)
review: 18 decisions resolved-reviewed, 0 rule changes (resolution-learned)
arb: 100 events scanned, 3 deviations >=2c logged
report: 2026-07-31 pnl=-123.33
export: docs/data.json written
=== 2026-07-31 18:50:42
monitor: 3 new trades, 0 paper copies (rules v24)
pnl: 19 open updated, total -121.41 (blind bench 33043.25)
review: 0 decisions resolved-reviewed, 0 rule changes (resolution-learned)
arb: 100 events scanned, 3 deviations >=2c logged
report: 2026-07-31 pnl=-121.41
export: docs/data.json written
=== 2026-07-31 19:07:42
scan: 500 wallets, 50 profiled, 15 tracked
monitor: 133 new trades, 3 paper copies (rules v24)
pnl: 22 open updated, total -149.43 (blind bench 33077.84)
review: 0 decisions resolved-reviewed, 0 rule changes (resolution-learned)
arb: 100 events scanned, 3 deviations >=2c logged
report: 2026-07-31 pnl=-149.43
export: docs/data.json written
=== 2026-07-31 19:26:24
monitor: 28 new trades, 0 paper copies (rules v24)
pnl: 20 open updated, total -171.93 (blind bench 33017.04)
review: 1 decisions resolved-reviewed, 0 rule changes (resolution-learned)
arb: 100 events scanned, 3 deviations >=2c logged
report: 2026-07-31 pnl=-171.93
export: docs/data.json written
=== 2026-07-31 19:43:37
monitor: 13 new trades, 0 paper copies (rules v24)
pnl: 20 open updated, total -176.00 (blind bench 33009.98)
review: 3 decisions resolved-reviewed, 0 rule changes (resolution-learned)
arb: 100 events scanned, 2 deviations >=2c logged
report: 2026-07-31 pnl=-176.00
export: docs/data.json written
=== 2026-07-31 20:00:45
monitor: 15 new trades, 0 paper copies (rules v24)
pnl: 19 open updated, total -187.49 (blind bench 32995.73)
review: 1 decisions resolved-reviewed, 0 rule changes (resolution-learned)
arb: 100 events scanned, 3 deviations >=2c logged
report: 2026-07-31 pnl=-187.49
export: docs/data.json written
=== 2026-07-31 20:17:40
monitor: 29 new trades, 0 paper copies (rules v24)
pnl: 18 open updated, total -181.35 (blind bench 32991.26)
review: 77 decisions resolved-reviewed, 0 rule changes (resolution-learned)
arb: 100 events scanned, 4 deviations >=2c logged
report: 2026-07-31 pnl=-181.35
export: docs/data.json written
=== 2026-07-31 20:35:03
monitor: 33 new trades, 0 paper copies (rules v24)
pnl: 17 open updated, total -195.15 (blind bench 33369.60)
review: 0 decisions resolved-reviewed, 0 rule changes (resolution-learned)
arb: 100 events scanned, 4 deviations >=2c logged
report: 2026-07-31 pnl=-195.15
export: docs/data.json written
=== 2026-07-31 20:52:19
monitor: 47 new trades, 0 paper copies (rules v24)
pnl: 17 open updated, total -189.58 (blind bench 33378.36)
review: 4 decisions resolved-reviewed, 0 rule changes (resolution-learned)
arb: 100 events scanned, 1 deviations >=2c logged
report: 2026-07-31 pnl=-189.58
export: docs/data.json written
=== 2026-07-31 21:09:34
monitor: 42 new trades, 0 paper copies (rules v24)
pnl: 15 open updated, total -189.56 (blind bench 33380.95)
review: 10 decisions resolved-reviewed, 0 rule changes (resolution-learned)
arb: 100 events scanned, 3 deviations >=2c logged
report: 2026-07-31 pnl=-189.56
export: docs/data.json written
=== 2026-07-31 21:26:47
monitor: 24 new trades, 0 paper copies (rules v24)
pnl: 15 open updated, total -189.50 (blind bench 33397.67)
review: 4 decisions resolved-reviewed, 0 rule changes (resolution-learned)
arb: 100 events scanned, 4 deviations >=2c logged
report: 2026-07-31 pnl=-189.50
export: docs/data.json written
=== 2026-07-31 21:43:49
monitor: 0 new trades, 0 paper copies (rules v24)
pnl: 15 open updated, total -189.80 (blind bench 33409.02)
review: 12 decisions resolved-reviewed, 0 rule changes (resolution-learned)
arb: 100 events scanned, 4 deviations >=2c logged
report: 2026-07-31 pnl=-189.80
export: docs/data.json written
=== 2026-07-31 22:00:50
monitor: 1 new trades, 0 paper copies (rules v24)
pnl: 15 open updated, total -187.31 (blind bench 33413.85)
review: 1 decisions resolved-reviewed, 0 rule changes (resolution-learned)
arb: 100 events scanned, 2 deviations >=2c logged
report: 2026-07-31 pnl=-187.31
export: docs/data.json written
=== 2026-07-31 22:17:41
monitor: 50 new trades, 0 paper copies (rules v24)
pnl: 15 open updated, total -188.46 (blind bench 33410.79)
review: 305 decisions resolved-reviewed, 0 rule changes (resolution-learned)
arb: 100 events scanned, 3 deviations >=2c logged
report: 2026-07-31 pnl=-188.46
export: docs/data.json written
=== 2026-07-31 22:34:42
monitor: 20 new trades, 0 paper copies (rules v24)
pnl: 15 open updated, total -189.35 (blind bench 33560.63)
review: 19 decisions resolved-reviewed, 0 rule changes (resolution-learned)
arb: 100 events scanned, 3 deviations >=2c logged
report: 2026-07-31 pnl=-189.35
export: docs/data.json written
=== 2026-07-31 22:51:36
monitor: 5 new trades, 0 paper copies (rules v24)
pnl: 15 open updated, total -189.57 (blind bench 33588.39)
review: 93 decisions resolved-reviewed, 0 rule changes (resolution-learned)
arb: 100 events scanned, 2 deviations >=2c logged
report: 2026-07-31 pnl=-189.57
export: docs/data.json written
=== 2026-07-31 23:08:29
monitor: 4 new trades, 0 paper copies (rules v24)
pnl: 15 open updated, total -193.10 (blind bench 33719.81)
review: 3 decisions resolved-reviewed, 0 rule changes (resolution-learned)
arb: 100 events scanned, 4 deviations >=2c logged
report: 2026-07-31 pnl=-193.10
export: docs/data.json written
=== 2026-07-31 23:25:16
monitor: 3 new trades, 0 paper copies (rules v24)
pnl: 15 open updated, total -194.00 (blind bench 33726.21)
review: 9 decisions resolved-reviewed, 0 rule changes (resolution-learned)
arb: 100 events scanned, 3 deviations >=2c logged
report: 2026-07-31 pnl=-194.00
export: docs/data.json written
=== 2026-07-31 23:42:08
monitor: 17 new trades, 0 paper copies (rules v24)
pnl: 15 open updated, total -200.98 (blind bench 33775.00)
review: 2 decisions resolved-reviewed, 0 rule changes (resolution-learned)
arb: 100 events scanned, 4 deviations >=2c logged
report: 2026-07-31 pnl=-200.98
export: docs/data.json written
=== 2026-07-31 23:58:57
monitor: 24 new trades, 0 paper copies (rules v24)
pnl: 15 open updated, total -195.31 (blind bench 33783.55)
review: 0 decisions resolved-reviewed, 0 rule changes (resolution-learned)
arb: 100 events scanned, 4 deviations >=2c logged
report: 2026-08-01 pnl=-195.31
export: docs/data.json written
=== 2026-08-01 00:15:49
monitor: 16 new trades, 3 paper copies (rules v24)
pnl: 18 open updated, total -202.32 (blind bench 33779.93)
review: 0 decisions resolved-reviewed, 0 rule changes (resolution-learned)
arb: 100 events scanned, 4 deviations >=2c logged
report: 2026-08-01 pnl=-202.32
export: docs/data.json written
=== 2026-08-01 00:32:49
monitor: 7 new trades, 1 paper copies (rules v24)
pnl: 19 open updated, total -202.38 (blind bench 33782.20)
review: 0 decisions resolved-reviewed, 0 rule changes (resolution-learned)
arb: 100 events scanned, 4 deviations >=2c logged
report: 2026-08-01 pnl=-202.38
export: docs/data.json written
=== 2026-08-01 00:49:36
monitor: 9 new trades, 1 paper copies (rules v24)
pnl: 20 open updated, total -208.48 (blind bench 33769.27)
review: 0 decisions resolved-reviewed, 0 rule changes (resolution-learned)
arb: 100 events scanned, 5 deviations >=2c logged
report: 2026-08-01 pnl=-208.48
export: docs/data.json written
=== 2026-08-01 01:06:36
monitor: 19 new trades, 0 paper copies (rules v24)
pnl: 20 open updated, total -214.45 (blind bench 33766.91)
review: 2 decisions resolved-reviewed, 0 rule changes (resolution-learned)
arb: 100 events scanned, 4 deviations >=2c logged
report: 2026-08-01 pnl=-214.45
export: docs/data.json written
=== 2026-08-01 01:23:29
scan: 500 wallets, 50 profiled, 15 tracked
monitor: 76 new trades, 1 paper copies (rules v24)
pnl: 21 open updated, total -205.88 (blind bench 33877.74)
review: 0 decisions resolved-reviewed, 0 rule changes (resolution-learned)
arb: 100 events scanned, 3 deviations >=2c logged
report: 2026-08-01 pnl=-205.88
export: docs/data.json written
=== 2026-08-01 01:41:27
monitor: 2 new trades, 1 paper copies (rules v24)
pnl: 21 open updated, total -205.90 (blind bench 33885.91)
review: 0 decisions resolved-reviewed, 0 rule changes (resolution-learned)
arb: 100 events scanned, 3 deviations >=2c logged
report: 2026-08-01 pnl=-205.90
export: docs/data.json written
=== 2026-08-01 01:58:15
monitor: 5 new trades, 0 paper copies (rules v24)
pnl: 20 open updated, total -197.47 (blind bench 33899.50)
review: 4 decisions resolved-reviewed, 0 rule changes (resolution-learned)
arb: 100 events scanned, 3 deviations >=2c logged
report: 2026-08-01 pnl=-197.47
export: docs/data.json written
=== 2026-08-01 02:15:25
monitor: 3 new trades, 0 paper copies (rules v24)
pnl: 20 open updated, total -192.46 (blind bench 33937.47)
review: 29 decisions resolved-reviewed, 0 rule changes (resolution-learned)
arb: 100 events scanned, 6 deviations >=2c logged
report: 2026-08-01 pnl=-192.46
export: docs/data.json written
=== 2026-08-01 02:32:15
monitor: 1 new trades, 1 paper copies (rules v24)
pnl: 19 open updated, total -196.10 (blind bench 33987.68)
review: 47 decisions resolved-reviewed, 0 rule changes (resolution-learned)
arb: 100 events scanned, 5 deviations >=2c logged
report: 2026-08-01 pnl=-196.10
export: docs/data.json written
=== 2026-08-01 02:49:07
monitor: 1 new trades, 1 paper copies (rules v24)
pnl: 20 open updated, total -206.46 (blind bench 34378.08)
review: 4 decisions resolved-reviewed, 0 rule changes (resolution-learned)
arb: 100 events scanned, 4 deviations >=2c logged
report: 2026-08-01 pnl=-206.46
export: docs/data.json written
=== 2026-08-01 03:05:57
monitor: 0 new trades, 0 paper copies (rules v24)
pnl: 20 open updated, total -211.53 (blind bench 34385.86)
review: 2 decisions resolved-reviewed, 0 rule changes (resolution-learned)
arb: 100 events scanned, 5 deviations >=2c logged
report: 2026-08-01 pnl=-211.53
export: docs/data.json written
=== 2026-08-01 03:22:46
monitor: 0 new trades, 0 paper copies (rules v24)
pnl: 20 open updated, total -203.34 (blind bench 34390.97)
review: 2 decisions resolved-reviewed, 0 rule changes (resolution-learned)
arb: 100 events scanned, 4 deviations >=2c logged
report: 2026-08-01 pnl=-203.34
export: docs/data.json written
=== 2026-08-01 03:39:32
monitor: 1 new trades, 0 paper copies (rules v24)
pnl: 20 open updated, total -223.37 (blind bench 34378.53)
review: 0 decisions resolved-reviewed, 0 rule changes (resolution-learned)
arb: 100 events scanned, 2 deviations >=2c logged
report: 2026-08-01 pnl=-223.37
export: docs/data.json written
=== 2026-08-01 03:56:23
monitor: 0 new trades, 0 paper copies (rules v24)
pnl: 20 open updated, total -243.32 (blind bench 34367.16)
review: 0 decisions resolved-reviewed, 0 rule changes (resolution-learned)
arb: 100 events scanned, 2 deviations >=2c logged
report: 2026-08-01 pnl=-243.32
export: docs/data.json written
=== 2026-08-01 04:13:24
monitor: 0 new trades, 0 paper copies (rules v24)
pnl: 20 open updated, total -249.53 (blind bench 34362.40)
review: 8 decisions resolved-reviewed, 0 rule changes (resolution-learned)
arb: 100 events scanned, 5 deviations >=2c logged
report: 2026-08-01 pnl=-249.53
export: docs/data.json written
=== 2026-08-01 04:30:16
monitor: 0 new trades, 0 paper copies (rules v24)
pnl: 19 open updated, total -254.96 (blind bench 34360.31)
review: 23 decisions resolved-reviewed, 0 rule changes (resolution-learned)
arb: 100 events scanned, 6 deviations >=2c logged
report: 2026-08-01 pnl=-254.96
export: docs/data.json written
=== 2026-08-01 04:47:07
monitor: 2 new trades, 0 paper copies (rules v24)
pnl: 18 open updated, total -253.62 (blind bench 34366.13)
review: 4 decisions resolved-reviewed, 0 rule changes (resolution-learned)
arb: 100 events scanned, 6 deviations >=2c logged
report: 2026-08-01 pnl=-253.62
export: docs/data.json written
=== 2026-08-01 05:03:57
monitor: 1 new trades, 0 paper copies (rules v24)
pnl: 18 open updated, total -253.62 (blind bench 34366.13)
review: 7 decisions resolved-reviewed, 0 rule changes (resolution-learned)
arb: 100 events scanned, 5 deviations >=2c logged
report: 2026-08-01 pnl=-253.62
export: docs/data.json written
=== 2026-08-01 05:21:06
monitor: 3 new trades, 0 paper copies (rules v24)
pnl: 18 open updated, total -249.83 (blind bench 34392.15)
review: 1 decisions resolved-reviewed, 0 rule changes (resolution-learned)
arb: 100 events scanned, 4 deviations >=2c logged
report: 2026-08-01 pnl=-249.83
export: docs/data.json written
=== 2026-08-01 05:37:55
monitor: 1 new trades, 0 paper copies (rules v24)
pnl: 17 open updated, total -250.70 (blind bench 34391.18)
review: 2 decisions resolved-reviewed, 0 rule changes (resolution-learned)
arb: 100 events scanned, 5 deviations >=2c logged
report: 2026-08-01 pnl=-250.70
export: docs/data.json written
=== 2026-08-01 05:54:43
monitor: 5 new trades, 0 paper copies (rules v24)
pnl: 17 open updated, total -253.90 (blind bench 34386.56)
review: 0 decisions resolved-reviewed, 0 rule changes (resolution-learned)
arb: 100 events scanned, 5 deviations >=2c logged
report: 2026-08-01 pnl=-253.90
export: docs/data.json written
=== 2026-08-01 06:11:40
monitor: 0 new trades, 0 paper copies (rules v24)
pnl: 17 open updated, total -253.06 (blind bench 34387.94)
review: 5 decisions resolved-reviewed, 0 rule changes (resolution-learned)
arb: 100 events scanned, 5 deviations >=2c logged
report: 2026-08-01 pnl=-253.06
export: docs/data.json written
=== 2026-08-01 06:28:28
monitor: 3 new trades, 0 paper copies (rules v24)
pnl: 17 open updated, total -253.63 (blind bench 34387.86)
review: 2 decisions resolved-reviewed, 0 rule changes (resolution-learned)
arb: 100 events scanned, 5 deviations >=2c logged
report: 2026-08-01 pnl=-253.63
export: docs/data.json written
=== 2026-08-01 06:45:34
monitor: 1 new trades, 0 paper copies (rules v24)
pnl: 17 open updated, total -252.91 (blind bench 34389.21)
review: 0 decisions resolved-reviewed, 0 rule changes (resolution-learned)
arb: 100 events scanned, 4 deviations >=2c logged
report: 2026-08-01 pnl=-252.91
export: docs/data.json written
=== 2026-08-01 07:02:50
monitor: 0 new trades, 0 paper copies (rules v24)
pnl: 17 open updated, total -252.28 (blind bench 34390.20)
review: 0 decisions resolved-reviewed, 0 rule changes (resolution-learned)
arb: 100 events scanned, 4 deviations >=2c logged
report: 2026-08-01 pnl=-252.28
export: docs/data.json written
=== 2026-08-01 07:19:39
monitor: 8 new trades, 0 paper copies (rules v24)
pnl: 17 open updated, total -251.93 (blind bench 34391.36)
review: 1 decisions resolved-reviewed, 0 rule changes (resolution-learned)
arb: 100 events scanned, 5 deviations >=2c logged
report: 2026-08-01 pnl=-251.93
export: docs/data.json written
=== 2026-08-01 07:36:30
scan: 500 wallets, 50 profiled, 15 tracked
monitor: 197 new trades, 0 paper copies (rules v24)
pnl: 17 open updated, total -249.02 (blind bench 34326.13)
review: 1 decisions resolved-reviewed, 0 rule changes (resolution-learned)
arb: 100 events scanned, 6 deviations >=2c logged
report: 2026-08-01 pnl=-249.02
export: docs/data.json written
=== 2026-08-01 07:56:32
monitor: 15 new trades, 0 paper copies (rules v24)
pnl: 17 open updated, total -246.80 (blind bench 34331.61)
review: 0 decisions resolved-reviewed, 0 rule changes (resolution-learned)
arb: 100 events scanned, 4 deviations >=2c logged
report: 2026-08-01 pnl=-246.80
export: docs/data.json written
=== 2026-08-01 08:13:23
monitor: 18 new trades, 0 paper copies (rules v24)
pnl: 17 open updated, total -246.69 (blind bench 34331.50)
review: 0 decisions resolved-reviewed, 0 rule changes (resolution-learned)
arb: 100 events scanned, 3 deviations >=2c logged
report: 2026-08-01 pnl=-246.69
export: docs/data.json written
=== 2026-08-01 08:30:14
monitor: 12 new trades, 0 paper copies (rules v24)
pnl: 16 open updated, total -247.77 (blind bench 34328.73)
review: 7 decisions resolved-reviewed, 0 rule changes (resolution-learned)
arb: 100 events scanned, 5 deviations >=2c logged
report: 2026-08-01 pnl=-247.77
export: docs/data.json written
=== 2026-08-01 08:47:05
monitor: 4 new trades, 0 paper copies (rules v24)
pnl: 16 open updated, total -250.96 (blind bench 34328.52)
review: 119 decisions resolved-reviewed, 0 rule changes (resolution-learned)
arb: 100 events scanned, 2 deviations >=2c logged
report: 2026-08-01 pnl=-250.96
export: docs/data.json written
=== 2026-08-01 09:04:09
monitor: 3 new trades, 0 paper copies (rules v24)
pnl: 16 open updated, total -251.21 (blind bench 35068.35)
review: 4 decisions resolved-reviewed, 0 rule changes (resolution-learned)
arb: 100 events scanned, 3 deviations >=2c logged
report: 2026-08-01 pnl=-251.21
export: docs/data.json written
=== 2026-08-01 09:21:01
monitor: 18 new trades, 0 paper copies (rules v24)
pnl: 16 open updated, total -249.91 (blind bench 35069.11)
review: 0 decisions resolved-reviewed, 0 rule changes (resolution-learned)
arb: 100 events scanned, 3 deviations >=2c logged
report: 2026-08-01 pnl=-249.91
export: docs/data.json written
=== 2026-08-01 09:37:57
monitor: 7 new trades, 0 paper copies (rules v24)
pnl: 16 open updated, total -250.97 (blind bench 35067.28)
review: 5 decisions resolved-reviewed, 0 rule changes (resolution-learned)
arb: 100 events scanned, 4 deviations >=2c logged
report: 2026-08-01 pnl=-250.97
export: docs/data.json written
=== 2026-08-01 09:54:52
monitor: 9 new trades, 0 paper copies (rules v24)
pnl: 16 open updated, total -251.08 (blind bench 35069.19)
review: 7 decisions resolved-reviewed, 0 rule changes (resolution-learned)
arb: 100 events scanned, 2 deviations >=2c logged
report: 2026-08-01 pnl=-251.08
export: docs/data.json written
=== 2026-08-01 10:11:48
monitor: 17 new trades, 0 paper copies (rules v24)
pnl: 16 open updated, total -254.31 (blind bench 35111.77)
review: 1 decisions resolved-reviewed, 0 rule changes (resolution-learned)
arb: 100 events scanned, 2 deviations >=2c logged
report: 2026-08-01 pnl=-254.31
export: docs/data.json written
=== 2026-08-01 10:28:51
monitor: 8 new trades, 0 paper copies (rules v24)
pnl: 16 open updated, total -252.79 (blind bench 35113.92)
review: 3 decisions resolved-reviewed, 0 rule changes (resolution-learned)
arb: 100 events scanned, 3 deviations >=2c logged
report: 2026-08-01 pnl=-252.79
export: docs/data.json written
=== 2026-08-01 10:45:49
monitor: 15 new trades, 0 paper copies (rules v24)
pnl: 16 open updated, total -254.31 (blind bench 35137.37)
review: 0 decisions resolved-reviewed, 0 rule changes (resolution-learned)
arb: 100 events scanned, 2 deviations >=2c logged
report: 2026-08-01 pnl=-254.31
export: docs/data.json written
=== 2026-08-01 10:59:02
monitor: 22 new trades, 0 paper copies (rules v24)
pnl: 16 open updated, total -254.15 (blind bench 35137.51)
review: 4 decisions resolved-reviewed, 0 rule changes (resolution-learned)
arb: 100 events scanned, 3 deviations >=2c logged
report: 2026-08-01 pnl=-254.15
export: docs/data.json written
=== 2026-08-01 11:16:20
monitor: 19 new trades, 0 paper copies (rules v24)
pnl: 16 open updated, total -261.07 (blind bench 35129.83)
review: 6 decisions resolved-reviewed, 0 rule changes (resolution-learned)
arb: 100 events scanned, 5 deviations >=2c logged
report: 2026-08-01 pnl=-261.07
export: docs/data.json written
=== 2026-08-01 11:33:17
monitor: 7 new trades, 0 paper copies (rules v24)
pnl: 16 open updated, total -267.22 (blind bench 35125.93)
review: 6 decisions resolved-reviewed, 0 rule changes (resolution-learned)
arb: 100 events scanned, 3 deviations >=2c logged
report: 2026-08-01 pnl=-267.22
export: docs/data.json written
=== 2026-08-01 11:50:07
monitor: 8 new trades, 0 paper copies (rules v24)
pnl: 16 open updated, total -263.35 (blind bench 35262.19)
review: 8 decisions resolved-reviewed, 0 rule changes (resolution-learned)
arb: 100 events scanned, 3 deviations >=2c logged
report: 2026-08-01 pnl=-263.35
export: docs/data.json written
=== 2026-08-01 12:06:59
monitor: 8 new trades, 0 paper copies (rules v24)
pnl: 16 open updated, total -266.31 (blind bench 35262.48)
review: 2 decisions resolved-reviewed, 0 rule changes (resolution-learned)
arb: 100 events scanned, 4 deviations >=2c logged
report: 2026-08-01 pnl=-266.31
export: docs/data.json written
=== 2026-08-01 12:23:54
monitor: 10 new trades, 0 paper copies (rules v24)
pnl: 16 open updated, total -267.78 (blind bench 35292.21)
review: 5 decisions resolved-reviewed, 0 rule changes (resolution-learned)
arb: 100 events scanned, 1 deviations >=2c logged
report: 2026-08-01 pnl=-267.78
export: docs/data.json written
=== 2026-08-01 12:40:53
monitor: 14 new trades, 0 paper copies (rules v24)
pnl: 16 open updated, total -259.05 (blind bench 35306.39)
review: 13 decisions resolved-reviewed, 0 rule changes (resolution-learned)
arb: 100 events scanned, 2 deviations >=2c logged
report: 2026-08-01 pnl=-259.05
export: docs/data.json written
=== 2026-08-01 12:57:52
monitor: 9 new trades, 0 paper copies (rules v24)
pnl: 14 open updated, total -267.89 (blind bench 35312.60)
review: 2 decisions resolved-reviewed, 0 rule changes (resolution-learned)
arb: 100 events scanned, 1 deviations >=2c logged
report: 2026-08-01 pnl=-267.89
export: docs/data.json written
=== 2026-08-01 13:14:49
monitor: 17 new trades, 0 paper copies (rules v24)
pnl: 12 open updated, total -265.09 (blind bench 35320.57)
review: 8 decisions resolved-reviewed, 0 rule changes (resolution-learned)
arb: 100 events scanned, 2 deviations >=2c logged
report: 2026-08-01 pnl=-265.09
export: docs/data.json written
=== 2026-08-01 13:31:45
monitor: 11 new trades, 0 paper copies (rules v24)
pnl: 12 open updated, total -303.38 (blind bench 35272.09)
review: 2 decisions resolved-reviewed, 0 rule changes (resolution-learned)
arb: 100 events scanned, 2 deviations >=2c logged
report: 2026-08-01 pnl=-303.38
export: docs/data.json written
=== 2026-08-01 13:48:45
scan: 500 wallets, 50 profiled, 15 tracked
monitor: 141 new trades, 0 paper copies (rules v24)
pnl: 11 open updated, total -306.42 (blind bench 35278.59)
review: 4 decisions resolved-reviewed, 0 rule changes (resolution-learned)
arb: 100 events scanned, 1 deviations >=2c logged
report: 2026-08-01 pnl=-306.42
export: docs/data.json written
=== 2026-08-01 14:07:37
monitor: 31 new trades, 0 paper copies (rules v24)
pnl: 11 open updated, total -306.42 (blind bench 35277.24)
review: 10 decisions resolved-reviewed, 0 rule changes (resolution-learned)
arb: 100 events scanned, 2 deviations >=2c logged
report: 2026-08-01 pnl=-306.42
export: docs/data.json written
=== 2026-08-01 14:24:42
monitor: 61 new trades, 0 paper copies (rules v24)
pnl: 11 open updated, total -308.11 (blind bench 35317.73)
review: 5 decisions resolved-reviewed, 0 rule changes (resolution-learned)
arb: 100 events scanned, 3 deviations >=2c logged
report: 2026-08-01 pnl=-308.11
export: docs/data.json written
=== 2026-08-01 14:42:15
monitor: 48 new trades, 0 paper copies (rules v24)
pnl: 11 open updated, total -307.96 (blind bench 35320.60)
review: 15 decisions resolved-reviewed, 0 rule changes (resolution-learned)
arb: 100 events scanned, 2 deviations >=2c logged
report: 2026-08-01 pnl=-307.96
export: docs/data.json written
=== 2026-08-01 14:59:42
monitor: 59 new trades, 0 paper copies (rules v24)
pnl: 11 open updated, total -306.31 (blind bench 35368.38)
review: 93 decisions resolved-reviewed, 0 rule changes (resolution-learned)
arb: 100 events scanned, 2 deviations >=2c logged
report: 2026-08-01 pnl=-306.31
export: docs/data.json written
=== 2026-08-01 15:16:55
monitor: 54 new trades, 0 paper copies (rules v24)
pnl: 11 open updated, total -305.21 (blind bench 36774.76)
review: 24 decisions resolved-reviewed, 0 rule changes (resolution-learned)
arb: 100 events scanned, 1 deviations >=2c logged
report: 2026-08-01 pnl=-305.21
export: docs/data.json written
=== 2026-08-01 15:34:13
monitor: 47 new trades, 0 paper copies (rules v24)
pnl: 11 open updated, total -305.52 (blind bench 36848.20)
review: 27 decisions resolved-reviewed, 0 rule changes (resolution-learned)
arb: 100 events scanned, 1 deviations >=2c logged
report: 2026-08-01 pnl=-305.52
export: docs/data.json written
=== 2026-08-01 15:51:32
monitor: 48 new trades, 0 paper copies (rules v24)
pnl: 11 open updated, total -305.89 (blind bench 36941.18)
review: 21 decisions resolved-reviewed, 0 rule changes (resolution-learned)
arb: 100 events scanned, 2 deviations >=2c logged
report: 2026-08-01 pnl=-305.89
export: docs/data.json written
=== 2026-08-01 16:08:41
monitor: 64 new trades, 0 paper copies (rules v24)
pnl: 10 open updated, total -302.73 (blind bench 36957.46)
review: 15 decisions resolved-reviewed, 0 rule changes (resolution-learned)
arb: 100 events scanned, 1 deviations >=2c logged
report: 2026-08-01 pnl=-302.73
export: docs/data.json written
=== 2026-08-01 16:25:53
monitor: 39 new trades, 0 paper copies (rules v24)
pnl: 10 open updated, total -292.78 (blind bench 37001.31)
review: 54 decisions resolved-reviewed, 0 rule changes (resolution-learned)
arb: 100 events scanned, 2 deviations >=2c logged
report: 2026-08-01 pnl=-292.78
export: docs/data.json written
=== 2026-08-01 16:43:09
monitor: 55 new trades, 0 paper copies (rules v24)
pnl: 10 open updated, total -293.71 (blind bench 37038.23)
review: 19 decisions resolved-reviewed, 0 rule changes (resolution-learned)
arb: 100 events scanned, 2 deviations >=2c logged
report: 2026-08-01 pnl=-293.71
export: docs/data.json written
=== 2026-08-01 17:00:24
monitor: 45 new trades, 0 paper copies (rules v24)
pnl: 10 open updated, total -293.69 (blind bench 37038.68)
review: 27 decisions resolved-reviewed, 0 rule changes (resolution-learned)
arb: 100 events scanned, 2 deviations >=2c logged
report: 2026-08-01 pnl=-293.69
export: docs/data.json written
=== 2026-08-01 17:17:34
monitor: 49 new trades, 0 paper copies (rules v24)
pnl: 10 open updated, total -296.49 (blind bench 37036.63)
review: 14 decisions resolved-reviewed, 0 rule changes (resolution-learned)
arb: 100 events scanned, 3 deviations >=2c logged
report: 2026-08-01 pnl=-296.49
export: docs/data.json written
=== 2026-08-01 17:35:02
monitor: 53 new trades, 0 paper copies (rules v24)
pnl: 10 open updated, total -289.39 (blind bench 37109.29)
review: 15 decisions resolved-reviewed, 0 rule changes (resolution-learned)
arb: 100 events scanned, 2 deviations >=2c logged
report: 2026-08-01 pnl=-289.39
export: docs/data.json written
=== 2026-08-01 17:52:16
monitor: 41 new trades, 0 paper copies (rules v24)
pnl: 10 open updated, total -294.14 (blind bench 37183.97)
review: 42 decisions resolved-reviewed, 0 rule changes (resolution-learned)
arb: 100 events scanned, 2 deviations >=2c logged
report: 2026-08-01 pnl=-294.14
export: docs/data.json written
=== 2026-08-01 18:09:39
monitor: 61 new trades, 0 paper copies (rules v24)
pnl: 10 open updated, total -292.59 (blind bench 37280.86)
review: 19 decisions resolved-reviewed, 0 rule changes (resolution-learned)
arb: 100 events scanned, 3 deviations >=2c logged
report: 2026-08-01 pnl=-292.59
export: docs/data.json written
=== 2026-08-01 18:26:54
monitor: 36 new trades, 0 paper copies (rules v24)
pnl: 10 open updated, total -296.14 (blind bench 37337.14)
review: 29 decisions resolved-reviewed, 0 rule changes (resolution-learned)
arb: 100 events scanned, 3 deviations >=2c logged
report: 2026-08-01 pnl=-296.14
export: docs/data.json written
=== 2026-08-01 18:44:04
monitor: 38 new trades, 0 paper copies (rules v24)
pnl: 10 open updated, total -295.32 (blind bench 37410.62)
review: 27 decisions resolved-reviewed, 0 rule changes (resolution-learned)
arb: 100 events scanned, 3 deviations >=2c logged
report: 2026-08-01 pnl=-295.32
export: docs/data.json written
=== 2026-08-01 19:01:25
monitor: 47 new trades, 0 paper copies (rules v24)
pnl: 10 open updated, total -295.42 (blind bench 37429.40)
review: 8 decisions resolved-reviewed, 0 rule changes (resolution-learned)
arb: 100 events scanned, 2 deviations >=2c logged
report: 2026-08-01 pnl=-295.42
export: docs/data.json written
=== 2026-08-01 19:19:05
monitor: 48 new trades, 0 paper copies (rules v24)
pnl: 10 open updated, total -295.56 (blind bench 37454.33)
review: 17 decisions resolved-reviewed, 0 rule changes (resolution-learned)
arb: 100 events scanned, 2 deviations >=2c logged
report: 2026-08-01 pnl=-295.56
export: docs/data.json written
=== 2026-08-01 19:36:42
monitor: 42 new trades, 0 paper copies (rules v24)
pnl: 9 open updated, total -296.14 (blind bench 37497.44)
review: 24 decisions resolved-reviewed, 0 rule changes (resolution-learned)
arb: 100 events scanned, 2 deviations >=2c logged
report: 2026-08-01 pnl=-296.14
export: docs/data.json written
=== 2026-08-01 19:54:24
scan: 500 wallets, 50 profiled, 15 tracked
monitor: 88 new trades, 0 paper copies (rules v24)
pnl: 9 open updated, total -297.68 (blind bench 37526.54)
review: 69 decisions resolved-reviewed, 0 rule changes (resolution-learned)
arb: 100 events scanned, 2 deviations >=2c logged
report: 2026-08-01 pnl=-297.68
export: docs/data.json written
=== 2026-08-01 21:07:12
monitor: 42 new trades, 0 paper copies (rules v24)
pnl: 9 open updated, total -300.06 (blind bench 37533.21)
review: 105 decisions resolved-reviewed, 0 rule changes (resolution-learned)
arb: 100 events scanned, 3 deviations >=2c logged
report: 2026-08-01 pnl=-300.06
export: docs/data.json written
=== 2026-08-01 21:25:01
monitor: 20 new trades, 0 paper copies (rules v24)
pnl: 9 open updated, total -299.19 (blind bench 37950.88)
review: 6 decisions resolved-reviewed, 0 rule changes (resolution-learned)
arb: 100 events scanned, 3 deviations >=2c logged
report: 2026-08-01 pnl=-299.19
export: docs/data.json written
=== 2026-08-01 21:42:26
monitor: 16 new trades, 0 paper copies (rules v24)
pnl: 9 open updated, total -300.01 (blind bench 38076.00)
review: 9 decisions resolved-reviewed, 0 rule changes (resolution-learned)
arb: 100 events scanned, 3 deviations >=2c logged
report: 2026-08-01 pnl=-300.01
export: docs/data.json written
=== 2026-08-01 21:59:46
monitor: 3 new trades, 0 paper copies (rules v24)
pnl: 9 open updated, total -300.69 (blind bench 38107.26)
review: 4 decisions resolved-reviewed, 0 rule changes (resolution-learned)
arb: 100 events scanned, 2 deviations >=2c logged
report: 2026-08-01 pnl=-300.69
export: docs/data.json written
=== 2026-08-01 22:17:02
monitor: 4 new trades, 0 paper copies (rules v24)
pnl: 9 open updated, total -302.15 (blind bench 38127.57)
review: 53 decisions resolved-reviewed, 0 rule changes (resolution-learned)
arb: 100 events scanned, 4 deviations >=2c logged
report: 2026-08-01 pnl=-302.15
export: docs/data.json written
=== 2026-08-01 22:34:14
monitor: 0 new trades, 0 paper copies (rules v24)
pnl: 9 open updated, total -301.86 (blind bench 38317.62)
review: 11 decisions resolved-reviewed, 0 rule changes (resolution-learned)
arb: 100 events scanned, 4 deviations >=2c logged
report: 2026-08-01 pnl=-301.86
export: docs/data.json written
=== 2026-08-01 22:51:28
monitor: 17 new trades, 0 paper copies (rules v24)
pnl: 9 open updated, total -302.16 (blind bench 38477.73)
review: 32 decisions resolved-reviewed, 0 rule changes (resolution-learned)
arb: 100 events scanned, 3 deviations >=2c logged
report: 2026-08-01 pnl=-302.16
export: docs/data.json written
=== 2026-08-01 23:08:48
monitor: 5 new trades, 0 paper copies (rules v24)
pnl: 9 open updated, total -301.00 (blind bench 38585.05)
review: 14 decisions resolved-reviewed, 0 rule changes (resolution-learned)
arb: 100 events scanned, 2 deviations >=2c logged
report: 2026-08-01 pnl=-301.00
export: docs/data.json written
=== 2026-08-01 23:25:56
monitor: 3 new trades, 0 paper copies (rules v24)
pnl: 9 open updated, total -301.54 (blind bench 38631.50)
review: 22 decisions resolved-reviewed, 0 rule changes (resolution-learned)
arb: 100 events scanned, 3 deviations >=2c logged
report: 2026-08-01 pnl=-301.54
export: docs/data.json written
=== 2026-08-01 23:43:26
monitor: 25 new trades, 0 paper copies (rules v24)
pnl: 9 open updated, total -301.56 (blind bench 38667.03)
review: 38 decisions resolved-reviewed, 0 rule changes (resolution-learned)
arb: 100 events scanned, 2 deviations >=2c logged
report: 2026-08-01 pnl=-301.56
export: docs/data.json written
=== 2026-08-02 00:00:34
monitor: 11 new trades, 0 paper copies (rules v24)
pnl: 9 open updated, total -301.84 (blind bench 38770.04)
review: 0 decisions resolved-reviewed, 0 rule changes (resolution-learned)
arb: 100 events scanned, 4 deviations >=2c logged
report: 2026-08-02 pnl=-301.84
export: docs/data.json written
=== 2026-08-02 00:17:45
monitor: 11 new trades, 0 paper copies (rules v24)
pnl: 9 open updated, total -302.29 (blind bench 38769.40)
review: 4 decisions resolved-reviewed, 0 rule changes (resolution-learned)
arb: 100 events scanned, 3 deviations >=2c logged
report: 2026-08-02 pnl=-302.29
export: docs/data.json written
=== 2026-08-02 00:34:55
monitor: 0 new trades, 0 paper copies (rules v24)
pnl: 9 open updated, total -308.10 (blind bench 38774.02)
review: 0 decisions resolved-reviewed, 0 rule changes (resolution-learned)
arb: 100 events scanned, 3 deviations >=2c logged
report: 2026-08-02 pnl=-308.10
export: docs/data.json written
=== 2026-08-02 00:52:02
monitor: 14 new trades, 0 paper copies (rules v24)
pnl: 9 open updated, total -306.60 (blind bench 38776.39)
review: 0 decisions resolved-reviewed, 0 rule changes (resolution-learned)
arb: 100 events scanned, 5 deviations >=2c logged
report: 2026-08-02 pnl=-306.60
export: docs/data.json written
=== 2026-08-02 01:09:18
monitor: 12 new trades, 0 paper copies (rules v24)
pnl: 9 open updated, total -309.28 (blind bench 38768.68)
review: 7 decisions resolved-reviewed, 0 rule changes (resolution-learned)
arb: 100 events scanned, 3 deviations >=2c logged
report: 2026-08-02 pnl=-309.28
export: docs/data.json written
=== 2026-08-02 01:26:34
monitor: 10 new trades, 1 paper copies (rules v24)
pnl: 10 open updated, total -298.53 (blind bench 38801.64)
review: 0 decisions resolved-reviewed, 0 rule changes (resolution-learned)
arb: 100 events scanned, 3 deviations >=2c logged
report: 2026-08-02 pnl=-298.53
export: docs/data.json written
=== 2026-08-02 01:43:50
monitor: 3 new trades, 0 paper copies (rules v24)
pnl: 10 open updated, total -298.32 (blind bench 38803.51)
review: 13 decisions resolved-reviewed, 0 rule changes (resolution-learned)
arb: 100 events scanned, 5 deviations >=2c logged
report: 2026-08-02 pnl=-298.32
export: docs/data.json written
=== 2026-08-02 02:01:07
scan: 500 wallets, 50 profiled, 15 tracked
monitor: 240 new trades, 4 paper copies (rules v24)
pnl: 13 open updated, total -301.37 (blind bench 38835.93)
review: 19 decisions resolved-reviewed, 0 rule changes (resolution-learned)
arb: 100 events scanned, 4 deviations >=2c logged
report: 2026-08-02 pnl=-301.37
export: docs/data.json written
=== 2026-08-02 02:21:00
monitor: 58 new trades, 0 paper copies (rules v24)
pnl: 13 open updated, total -304.67 (blind bench 38829.57)
review: 8 decisions resolved-reviewed, 0 rule changes (resolution-learned)
arb: 100 events scanned, 3 deviations >=2c logged
report: 2026-08-02 pnl=-304.67
export: docs/data.json written
=== 2026-08-02 02:38:32
monitor: 65 new trades, 2 paper copies (rules v24)
pnl: 15 open updated, total -307.85 (blind bench 38881.82)
review: 42 decisions resolved-reviewed, 0 rule changes (resolution-learned)
arb: 100 events scanned, 3 deviations >=2c logged
report: 2026-08-02 pnl=-307.85
export: docs/data.json written
=== 2026-08-02 02:56:10
monitor: 38 new trades, 0 paper copies (rules v24)
pnl: 15 open updated, total -307.85 (blind bench 39104.53)
review: 2 decisions resolved-reviewed, 0 rule changes (resolution-learned)
arb: 100 events scanned, 5 deviations >=2c logged
report: 2026-08-02 pnl=-307.85
export: docs/data.json written
=== 2026-08-02 03:14:26
monitor: 56 new trades, 0 paper copies (rules v24)
pnl: 15 open updated, total -281.16 (blind bench 39301.04)
review: 129 decisions resolved-reviewed, 0 rule changes (resolution-learned)
arb: 100 events scanned, 3 deviations >=2c logged
report: 2026-08-02 pnl=-281.16
export: docs/data.json written
=== 2026-08-02 03:32:14
monitor: 47 new trades, 1 paper copies (rules v24)
pnl: 14 open updated, total -283.50 (blind bench 39777.54)
review: 53 decisions resolved-reviewed, 0 rule changes (resolution-learned)
arb: 100 events scanned, 6 deviations >=2c logged
report: 2026-08-02 pnl=-283.50
export: docs/data.json written
=== 2026-08-02 03:49:44
monitor: 41 new trades, 1 paper copies (rules v24)
pnl: 14 open updated, total -293.13 (blind bench 39905.36)
review: 156 decisions resolved-reviewed, 0 rule changes (resolution-learned)
arb: 100 events scanned, 6 deviations >=2c logged
report: 2026-08-02 pnl=-293.13
export: docs/data.json written
=== 2026-08-02 04:07:07
monitor: 37 new trades, 0 paper copies (rules v24)
pnl: 13 open updated, total -293.31 (blind bench 40567.94)
review: 32 decisions resolved-reviewed, 0 rule changes (resolution-learned)
arb: 100 events scanned, 4 deviations >=2c logged
report: 2026-08-02 pnl=-293.31
export: docs/data.json written
=== 2026-08-02 04:24:35
monitor: 45 new trades, 0 paper copies (rules v24)
pnl: 13 open updated, total -297.82 (blind bench 40506.32)
review: 22 decisions resolved-reviewed, 0 rule changes (resolution-learned)
arb: 100 events scanned, 3 deviations >=2c logged
report: 2026-08-02 pnl=-297.82
export: docs/data.json written
=== 2026-08-02 04:42:00
monitor: 41 new trades, 0 paper copies (rules v24)
pnl: 12 open updated, total -298.25 (blind bench 40527.66)
review: 65 decisions resolved-reviewed, 0 rule changes (resolution-learned)
arb: 100 events scanned, 7 deviations >=2c logged
report: 2026-08-02 pnl=-298.25
export: docs/data.json written
=== 2026-08-02 04:59:42
monitor: 39 new trades, 1 paper copies (rules v24)
pnl: 13 open updated, total -298.84 (blind bench 40757.34)
review: 28 decisions resolved-reviewed, 0 rule changes (resolution-learned)
arb: 100 events scanned, 5 deviations >=2c logged
report: 2026-08-02 pnl=-298.84
export: docs/data.json written
=== 2026-08-02 05:17:03
monitor: 24 new trades, 0 paper copies (rules v24)
pnl: 13 open updated, total -298.57 (blind bench 40858.37)
review: 104 decisions resolved-reviewed, 0 rule changes (resolution-learned)
arb: 100 events scanned, 7 deviations >=2c logged
report: 2026-08-02 pnl=-298.57
export: docs/data.json written
=== 2026-08-02 05:34:47
monitor: 28 new trades, 0 paper copies (rules v24)
pnl: 13 open updated, total -296.84 (blind bench 41264.26)
review: 47 decisions resolved-reviewed, 0 rule changes (resolution-learned)
arb: 100 events scanned, 6 deviations >=2c logged
report: 2026-08-02 pnl=-296.84
export: docs/data.json written
=== 2026-08-02 05:52:26
monitor: 21 new trades, 1 paper copies (rules v24)
pnl: 14 open updated, total -296.40 (blind bench 41495.45)
review: 30 decisions resolved-reviewed, 0 rule changes (resolution-learned)
arb: 100 events scanned, 3 deviations >=2c logged
report: 2026-08-02 pnl=-296.40
export: docs/data.json written
=== 2026-08-02 06:09:38
monitor: 20 new trades, 0 paper copies (rules v24)
pnl: 14 open updated, total -295.78 (blind bench 41639.54)
review: 22 decisions resolved-reviewed, 0 rule changes (resolution-learned)
arb: 100 events scanned, 8 deviations >=2c logged
report: 2026-08-02 pnl=-295.78
export: docs/data.json written
=== 2026-08-02 06:26:49
monitor: 19 new trades, 0 paper copies (rules v24)
pnl: 14 open updated, total -300.35 (blind bench 41672.82)
review: 72 decisions resolved-reviewed, 0 rule changes (resolution-learned)
arb: 100 events scanned, 6 deviations >=2c logged
report: 2026-08-02 pnl=-300.35
export: docs/data.json written
=== 2026-08-02 06:44:06
monitor: 27 new trades, 0 paper copies (rules v24)
pnl: 14 open updated, total -300.15 (blind bench 41997.31)
review: 36 decisions resolved-reviewed, 0 rule changes (resolution-learned)
arb: 100 events scanned, 5 deviations >=2c logged
report: 2026-08-02 pnl=-300.15
export: docs/data.json written
=== 2026-08-02 07:01:21
monitor: 26 new trades, 0 paper copies (rules v24)
pnl: 14 open updated, total -300.16 (blind bench 42043.03)
review: 26 decisions resolved-reviewed, 0 rule changes (resolution-learned)
arb: 100 events scanned, 4 deviations >=2c logged
report: 2026-08-02 pnl=-300.16
export: docs/data.json written
=== 2026-08-02 07:19:00
monitor: 32 new trades, 2 paper copies (rules v24)
pnl: 15 open updated, total -302.46 (blind bench 42054.49)
review: 67 decisions resolved-reviewed, 0 rule changes (resolution-learned)
arb: 100 events scanned, 7 deviations >=2c logged
report: 2026-08-02 pnl=-302.46
export: docs/data.json written
=== 2026-08-02 07:36:30
monitor: 49 new trades, 2 paper copies (rules v24)
pnl: 17 open updated, total -304.81 (blind bench 42483.45)
review: 11 decisions resolved-reviewed, 0 rule changes (resolution-learned)
arb: 100 events scanned, 6 deviations >=2c logged
report: 2026-08-02 pnl=-304.81
export: docs/data.json written
=== 2026-08-02 07:54:09
monitor: 27 new trades, 0 paper copies (rules v24)
pnl: 17 open updated, total -305.20 (blind bench 42490.33)
review: 17 decisions resolved-reviewed, 0 rule changes (resolution-learned)
arb: 100 events scanned, 6 deviations >=2c logged
report: 2026-08-02 pnl=-305.20
export: docs/data.json written
=== 2026-08-02 08:11:47
scan: 500 wallets, 50 profiled, 15 tracked
monitor: 137 new trades, 4 paper copies (rules v24)
pnl: 20 open updated, total -302.66 (blind bench 42673.55)
review: 21 decisions resolved-reviewed, 0 rule changes (resolution-learned)
arb: 100 events scanned, 5 deviations >=2c logged
report: 2026-08-02 pnl=-302.66
export: docs/data.json written
=== 2026-08-02 08:30:43
monitor: 18 new trades, 0 paper copies (rules v24)
pnl: 20 open updated, total -312.02 (blind bench 42667.99)
review: 18 decisions resolved-reviewed, 0 rule changes (resolution-learned)
arb: 100 events scanned, 3 deviations >=2c logged
report: 2026-08-02 pnl=-312.02
export: docs/data.json written
=== 2026-08-02 08:48:07
monitor: 0 new trades, 0 paper copies (rules v24)
pnl: 20 open updated, total -312.48 (blind bench 42686.54)
review: 27 decisions resolved-reviewed, 0 rule changes (resolution-learned)
arb: 100 events scanned, 3 deviations >=2c logged
report: 2026-08-02 pnl=-312.48
export: docs/data.json written
=== 2026-08-02 09:05:14
monitor: 5 new trades, 0 paper copies (rules v24)
pnl: 20 open updated, total -321.73 (blind bench 42695.04)
review: 17 decisions resolved-reviewed, 0 rule changes (resolution-learned)
arb: 100 events scanned, 2 deviations >=2c logged
report: 2026-08-02 pnl=-321.73
export: docs/data.json written
=== 2026-08-02 09:22:37
monitor: 7 new trades, 1 paper copies (rules v24)
pnl: 21 open updated, total -323.89 (blind bench 42742.78)
review: 68 decisions resolved-reviewed, 0 rule changes (resolution-learned)
arb: 100 events scanned, 3 deviations >=2c logged
report: 2026-08-02 pnl=-323.89
export: docs/data.json written
=== 2026-08-02 09:39:53
monitor: 3 new trades, 2 paper copies (rules v24)
pnl: 22 open updated, total -324.94 (blind bench 43130.82)
review: 1 decisions resolved-reviewed, 0 rule changes (resolution-learned)
arb: 100 events scanned, 4 deviations >=2c logged
report: 2026-08-02 pnl=-324.94
export: docs/data.json written
=== 2026-08-02 09:57:21
monitor: 1 new trades, 1 paper copies (rules v24)
pnl: 22 open updated, total -319.43 (blind bench 43136.28)
review: 0 decisions resolved-reviewed, 0 rule changes (resolution-learned)
arb: 100 events scanned, 4 deviations >=2c logged
report: 2026-08-02 pnl=-319.43
export: docs/data.json written
=== 2026-08-02 10:14:49
monitor: 3 new trades, 0 paper copies (rules v24)
pnl: 22 open updated, total -322.60 (blind bench 43133.11)
review: 2 decisions resolved-reviewed, 0 rule changes (resolution-learned)
arb: 100 events scanned, 4 deviations >=2c logged
report: 2026-08-02 pnl=-322.60
export: docs/data.json written
=== 2026-08-02 10:32:00
monitor: 1 new trades, 0 paper copies (rules v24)
pnl: 22 open updated, total -313.04 (blind bench 43150.88)
review: 0 decisions resolved-reviewed, 0 rule changes (resolution-learned)
arb: 100 events scanned, 2 deviations >=2c logged
report: 2026-08-02 pnl=-313.04
export: docs/data.json written
=== 2026-08-02 10:49:12
monitor: 4 new trades, 0 paper copies (rules v24)
pnl: 22 open updated, total -313.87 (blind bench 43132.01)
review: 0 decisions resolved-reviewed, 0 rule changes (resolution-learned)
arb: 100 events scanned, 0 deviations >=2c logged
report: 2026-08-02 pnl=-313.87
export: docs/data.json written
=== 2026-08-02 11:06:42
monitor: 5 new trades, 3 paper copies (rules v24)
pnl: 24 open updated, total -312.57 (blind bench 43133.46)
review: 5 decisions resolved-reviewed, 0 rule changes (resolution-learned)
arb: 100 events scanned, 0 deviations >=2c logged
report: 2026-08-02 pnl=-312.57
export: docs/data.json written
=== 2026-08-02 11:24:03
monitor: 5 new trades, 0 paper copies (rules v24)
pnl: 24 open updated, total -311.90 (blind bench 43128.47)
review: 0 decisions resolved-reviewed, 0 rule changes (resolution-learned)
arb: 100 events scanned, 2 deviations >=2c logged
report: 2026-08-02 pnl=-311.90
export: docs/data.json written
=== 2026-08-02 11:41:32
monitor: 1 new trades, 0 paper copies (rules v24)
pnl: 24 open updated, total -313.90 (blind bench 43124.09)
review: 0 decisions resolved-reviewed, 0 rule changes (resolution-learned)
arb: 100 events scanned, 2 deviations >=2c logged
report: 2026-08-02 pnl=-313.90
export: docs/data.json written
=== 2026-08-02 11:59:06
monitor: 2 new trades, 0 paper copies (rules v24)
pnl: 23 open updated, total -305.70 (blind bench 43130.30)
review: 9 decisions resolved-reviewed, 0 rule changes (resolution-learned)
arb: 100 events scanned, 4 deviations >=2c logged
report: 2026-08-02 pnl=-305.70
export: docs/data.json written
=== 2026-08-02 12:16:38
monitor: 3 new trades, 1 paper copies (rules v24)
pnl: 24 open updated, total -298.34 (blind bench 43135.99)
review: 12 decisions resolved-reviewed, 0 rule changes (resolution-learned)
arb: 100 events scanned, 1 deviations >=2c logged
report: 2026-08-02 pnl=-298.34
export: docs/data.json written
=== 2026-08-02 12:34:10
monitor: 3 new trades, 0 paper copies (rules v24)
pnl: 24 open updated, total -301.70 (blind bench 43168.69)
review: 0 decisions resolved-reviewed, 0 rule changes (resolution-learned)
arb: 100 events scanned, 2 deviations >=2c logged
report: 2026-08-02 pnl=-301.70
export: docs/data.json written
=== 2026-08-02 12:51:31
monitor: 33 new trades, 0 paper copies (rules v24)
pnl: 24 open updated, total -303.97 (blind bench 43166.67)
review: 4 decisions resolved-reviewed, 0 rule changes (resolution-learned)
arb: 100 events scanned, 2 deviations >=2c logged
report: 2026-08-02 pnl=-303.97
export: docs/data.json written
=== 2026-08-02 13:09:15
monitor: 29 new trades, 0 paper copies (rules v24)
pnl: 24 open updated, total -303.97 (blind bench 43165.63)
review: 7 decisions resolved-reviewed, 0 rule changes (resolution-learned)
arb: 100 events scanned, 3 deviations >=2c logged
report: 2026-08-02 pnl=-303.97
export: docs/data.json written
=== 2026-08-02 13:27:44
monitor: 14 new trades, 0 paper copies (rules v24)
pnl: 24 open updated, total -312.91 (blind bench 43159.34)
review: 0 decisions resolved-reviewed, 0 rule changes (resolution-learned)
arb: 100 events scanned, 3 deviations >=2c logged
report: 2026-08-02 pnl=-312.91
export: docs/data.json written
=== 2026-08-02 13:45:00
monitor: 3 new trades, 0 paper copies (rules v24)
pnl: 24 open updated, total -306.76 (blind bench 43164.54)
review: 20 decisions resolved-reviewed, 0 rule changes (resolution-learned)
arb: 100 events scanned, 4 deviations >=2c logged
report: 2026-08-02 pnl=-306.76
export: docs/data.json written
=== 2026-08-02 14:02:14
monitor: 6 new trades, 1 paper copies (rules v24)
pnl: 25 open updated, total -305.26 (blind bench 43231.76)
review: 1 decisions resolved-reviewed, 0 rule changes (resolution-learned)
arb: 100 events scanned, 3 deviations >=2c logged
report: 2026-08-02 pnl=-305.26
export: docs/data.json written
=== 2026-08-02 14:19:42
scan: 500 wallets, 50 profiled, 15 tracked
monitor: 46 new trades, 2 paper copies (rules v24)
pnl: 26 open updated, total -314.73 (blind bench 43228.37)
review: 5 decisions resolved-reviewed, 0 rule changes (resolution-learned)
arb: 100 events scanned, 1 deviations >=2c logged
report: 2026-08-02 pnl=-314.73
export: docs/data.json written
=== 2026-08-02 14:37:58
monitor: 7 new trades, 0 paper copies (rules v24)
pnl: 26 open updated, total -300.98 (blind bench 43232.82)
review: 9 decisions resolved-reviewed, 0 rule changes (resolution-learned)
arb: 100 events scanned, 2 deviations >=2c logged
report: 2026-08-02 pnl=-300.98
export: docs/data.json written
=== 2026-08-02 14:55:15
monitor: 5 new trades, 1 paper copies (rules v24)
pnl: 27 open updated, total -293.22 (blind bench 43277.40)
review: 0 decisions resolved-reviewed, 0 rule changes (resolution-learned)
arb: 100 events scanned, 3 deviations >=2c logged
report: 2026-08-02 pnl=-293.22
export: docs/data.json written
=== 2026-08-02 15:12:39
monitor: 3 new trades, 0 paper copies (rules v24)
pnl: 26 open updated, total -304.33 (blind bench 43251.72)
review: 2 decisions resolved-reviewed, 0 rule changes (resolution-learned)
arb: 100 events scanned, 4 deviations >=2c logged
report: 2026-08-02 pnl=-304.33
export: docs/data.json written
=== 2026-08-02 15:30:09
monitor: 3 new trades, 0 paper copies (rules v24)
pnl: 26 open updated, total -290.90 (blind bench 43264.90)
review: 33 decisions resolved-reviewed, 0 rule changes (resolution-learned)
arb: 100 events scanned, 3 deviations >=2c logged
report: 2026-08-02 pnl=-290.90
export: docs/data.json written
=== 2026-08-02 15:47:27
monitor: 2 new trades, 1 paper copies (rules v24)
pnl: 27 open updated, total -290.56 (blind bench 43431.77)
review: 4 decisions resolved-reviewed, 0 rule changes (resolution-learned)
arb: 100 events scanned, 3 deviations >=2c logged
report: 2026-08-02 pnl=-290.56
export: docs/data.json written
=== 2026-08-02 16:04:58
monitor: 1 new trades, 0 paper copies (rules v24)
pnl: 27 open updated, total -300.33 (blind bench 43417.40)
review: 2 decisions resolved-reviewed, 0 rule changes (resolution-learned)
arb: 100 events scanned, 4 deviations >=2c logged
report: 2026-08-02 pnl=-300.33
export: docs/data.json written
=== 2026-08-02 16:22:15
monitor: 10 new trades, 0 paper copies (rules v24)
pnl: 27 open updated, total -291.72 (blind bench 43450.14)
review: 5 decisions resolved-reviewed, 0 rule changes (resolution-learned)
arb: 100 events scanned, 2 deviations >=2c logged
report: 2026-08-02 pnl=-291.72
export: docs/data.json written
=== 2026-08-02 16:39:25
monitor: 9 new trades, 0 paper copies (rules v24)
pnl: 27 open updated, total -291.53 (blind bench 43416.04)
review: 19 decisions resolved-reviewed, 0 rule changes (resolution-learned)
arb: 100 events scanned, 1 deviations >=2c logged
report: 2026-08-02 pnl=-291.53
export: docs/data.json written
=== 2026-08-02 16:57:00
monitor: 2 new trades, 0 paper copies (rules v24)
pnl: 26 open updated, total -307.52 (blind bench 43418.16)
review: 34 decisions resolved-reviewed, 0 rule changes (resolution-learned)
arb: 100 events scanned, 2 deviations >=2c logged
report: 2026-08-02 pnl=-307.52
export: docs/data.json written
=== 2026-08-02 17:14:14
monitor: 2 new trades, 0 paper copies (rules v24)
pnl: 22 open updated, total -308.46 (blind bench 43738.16)
review: 1 decisions resolved-reviewed, 0 rule changes (resolution-learned)
arb: 100 events scanned, 2 deviations >=2c logged
report: 2026-08-02 pnl=-308.46
export: docs/data.json written
=== 2026-08-02 17:31:42
monitor: 0 new trades, 0 paper copies (rules v24)
pnl: 22 open updated, total -311.78 (blind bench 43731.75)
review: 1 decisions resolved-reviewed, 0 rule changes (resolution-learned)
arb: 100 events scanned, 2 deviations >=2c logged
report: 2026-08-02 pnl=-311.78
export: docs/data.json written
=== 2026-08-02 17:48:56
monitor: 2 new trades, 1 paper copies (rules v24)
pnl: 23 open updated, total -319.03 (blind bench 43729.15)
review: 1 decisions resolved-reviewed, 0 rule changes (resolution-learned)
arb: 100 events scanned, 2 deviations >=2c logged
report: 2026-08-02 pnl=-319.03
export: docs/data.json written
=== 2026-08-02 18:06:11
monitor: 2 new trades, 0 paper copies (rules v24)
pnl: 23 open updated, total -318.94 (blind bench 43718.44)
review: 7 decisions resolved-reviewed, 0 rule changes (resolution-learned)
arb: 100 events scanned, 2 deviations >=2c logged
report: 2026-08-02 pnl=-318.94
export: docs/data.json written
=== 2026-08-02 18:24:00
monitor: 11 new trades, 0 paper copies (rules v24)
pnl: 23 open updated, total -318.63 (blind bench 44095.70)
review: 2 decisions resolved-reviewed, 0 rule changes (resolution-learned)
arb: 100 events scanned, 0 deviations >=2c logged
report: 2026-08-02 pnl=-318.63
export: docs/data.json written
=== 2026-08-02 18:41:39
monitor: 3 new trades, 1 paper copies (rules v24)
pnl: 24 open updated, total -325.47 (blind bench 43802.05)
review: 1 decisions resolved-reviewed, 0 rule changes (resolution-learned)
arb: 100 events scanned, 0 deviations >=2c logged
report: 2026-08-02 pnl=-325.47
export: docs/data.json written
=== 2026-08-02 18:59:17
monitor: 1 new trades, 0 paper copies (rules v24)
pnl: 24 open updated, total -346.18 (blind bench 43956.14)
review: 0 decisions resolved-reviewed, 0 rule changes (resolution-learned)
arb: 100 events scanned, 1 deviations >=2c logged
report: 2026-08-02 pnl=-346.18
export: docs/data.json written
=== 2026-08-02 19:17:18
monitor: 4 new trades, 0 paper copies (rules v24)
pnl: 23 open updated, total -329.21 (blind bench 44215.21)
review: 15 decisions resolved-reviewed, 0 rule changes (resolution-learned)
arb: 100 events scanned, 0 deviations >=2c logged
report: 2026-08-02 pnl=-329.21
export: docs/data.json written
=== 2026-08-02 19:35:05
monitor: 4 new trades, 1 paper copies (rules v24)
pnl: 23 open updated, total -336.53 (blind bench 44256.53)
review: 0 decisions resolved-reviewed, 0 rule changes (resolution-learned)
arb: 100 events scanned, 1 deviations >=2c logged
report: 2026-08-02 pnl=-336.53
export: docs/data.json written
=== 2026-08-02 19:53:07
monitor: 1 new trades, 0 paper copies (rules v24)
pnl: 22 open updated, total -336.47 (blind bench 44361.65)
review: 6 decisions resolved-reviewed, 0 rule changes (resolution-learned)
arb: 100 events scanned, 2 deviations >=2c logged
report: 2026-08-02 pnl=-336.47
export: docs/data.json written
=== 2026-08-02 20:10:51
monitor: 0 new trades, 0 paper copies (rules v24)
pnl: 22 open updated, total -330.00 (blind bench 44426.77)
review: 1 decisions resolved-reviewed, 0 rule changes (resolution-learned)
arb: 100 events scanned, 3 deviations >=2c logged
report: 2026-08-02 pnl=-330.00
export: docs/data.json written
=== 2026-08-02 20:28:32
scan: 500 wallets, 50 profiled, 15 tracked
monitor: 67 new trades, 4 paper copies (rules v24)
pnl: 24 open updated, total -332.16 (blind bench 44382.49)
review: 75 decisions resolved-reviewed, 0 rule changes (resolution-learned)
arb: 100 events scanned, 2 deviations >=2c logged
report: 2026-08-02 pnl=-332.16
export: docs/data.json written
=== 2026-08-02 20:47:10
monitor: 4 new trades, 2 paper copies (rules v24)
pnl: 25 open updated, total -329.57 (blind bench 44445.83)
review: 2 decisions resolved-reviewed, 0 rule changes (resolution-learned)
arb: 100 events scanned, 2 deviations >=2c logged
report: 2026-08-02 pnl=-329.57
export: docs/data.json written
=== 2026-08-02 21:04:33
monitor: 2 new trades, 0 paper copies (rules v24)
pnl: 25 open updated, total -327.88 (blind bench 44449.73)
review: 17 decisions resolved-reviewed, 0 rule changes (resolution-learned)
arb: 100 events scanned, 3 deviations >=2c logged
report: 2026-08-02 pnl=-327.88
export: docs/data.json written
=== 2026-08-02 21:22:07
monitor: 13 new trades, 1 paper copies (rules v24)
pnl: 26 open updated, total -319.00 (blind bench 44463.15)
review: 4 decisions resolved-reviewed, 0 rule changes (resolution-learned)
arb: 100 events scanned, 2 deviations >=2c logged
report: 2026-08-02 pnl=-319.00
export: docs/data.json written
=== 2026-08-02 21:39:40
monitor: 0 new trades, 0 paper copies (rules v24)
pnl: 26 open updated, total -328.38 (blind bench 44463.70)
review: 46 decisions resolved-reviewed, 0 rule changes (resolution-learned)
arb: 100 events scanned, 2 deviations >=2c logged
report: 2026-08-02 pnl=-328.38
export: docs/data.json written
=== 2026-08-02 21:56:57
monitor: 2 new trades, 0 paper copies (rules v24)
pnl: 23 open updated, total -309.70 (blind bench 44648.94)
review: 8 decisions resolved-reviewed, 0 rule changes (resolution-learned)
arb: 100 events scanned, 3 deviations >=2c logged
report: 2026-08-02 pnl=-309.70
export: docs/data.json written
=== 2026-08-02 22:14:07
monitor: 5 new trades, 0 paper copies (rules v24)
pnl: 23 open updated, total -300.91 (blind bench 44654.71)
review: 16 decisions resolved-reviewed, 0 rule changes (resolution-learned)
arb: 100 events scanned, 2 deviations >=2c logged
report: 2026-08-02 pnl=-300.91
export: docs/data.json written
=== 2026-08-02 22:31:15
monitor: 5 new trades, 0 paper copies (rules v24)
pnl: 22 open updated, total -295.63 (blind bench 44719.64)
review: 15 decisions resolved-reviewed, 0 rule changes (resolution-learned)
arb: 100 events scanned, 4 deviations >=2c logged
report: 2026-08-02 pnl=-295.63
export: docs/data.json written
=== 2026-08-02 22:48:37
monitor: 1 new trades, 0 paper copies (rules v24)
pnl: 22 open updated, total -289.62 (blind bench 44736.68)
review: 20 decisions resolved-reviewed, 0 rule changes (resolution-learned)
arb: 100 events scanned, 5 deviations >=2c logged
report: 2026-08-02 pnl=-289.62
export: docs/data.json written
=== 2026-08-02 23:06:00
monitor: 19 new trades, 1 paper copies (rules v24)
pnl: 22 open updated, total -287.16 (blind bench 44790.57)
review: 0 decisions resolved-reviewed, 0 rule changes (resolution-learned)
arb: 100 events scanned, 3 deviations >=2c logged
report: 2026-08-02 pnl=-287.16
export: docs/data.json written
=== 2026-08-02 23:23:03
monitor: 14 new trades, 0 paper copies (rules v24)
pnl: 21 open updated, total -288.57 (blind bench 44787.48)
review: 0 decisions resolved-reviewed, 0 rule changes (resolution-learned)
arb: 100 events scanned, 2 deviations >=2c logged
report: 2026-08-02 pnl=-288.57
export: docs/data.json written
=== 2026-08-02 23:40:23
monitor: 1 new trades, 0 paper copies (rules v24)
pnl: 20 open updated, total -288.96 (blind bench 44787.18)
review: 6 decisions resolved-reviewed, 0 rule changes (resolution-learned)
arb: 100 events scanned, 5 deviations >=2c logged
report: 2026-08-02 pnl=-288.96
export: docs/data.json written
=== 2026-08-02 23:57:29
monitor: 10 new trades, 3 paper copies (rules v24)
pnl: 23 open updated, total -288.85 (blind bench 44801.91)
review: 15 decisions resolved-reviewed, 0 rule changes (resolution-learned)
arb: 100 events scanned, 3 deviations >=2c logged
report: 2026-08-02 pnl=-288.85
export: docs/data.json written
=== 2026-08-03 00:14:34
monitor: 13 new trades, 1 paper copies (rules v24)
pnl: 24 open updated, total -286.84 (blind bench 44847.28)
review: 8 decisions resolved-reviewed, 0 rule changes (resolution-learned)
arb: 100 events scanned, 4 deviations >=2c logged
report: 2026-08-03 pnl=-286.84
export: docs/data.json written
=== 2026-08-03 00:31:55
monitor: 8 new trades, 1 paper copies (rules v24)
pnl: 25 open updated, total -284.81 (blind bench 44866.47)
review: 0 decisions resolved-reviewed, 0 rule changes (resolution-learned)
arb: 100 events scanned, 3 deviations >=2c logged
report: 2026-08-03 pnl=-284.81
export: docs/data.json written
=== 2026-08-03 00:49:14
monitor: 2 new trades, 0 paper copies (rules v24)
pnl: 25 open updated, total -284.81 (blind bench 44866.47)
review: 4 decisions resolved-reviewed, 0 rule changes (resolution-learned)
arb: 100 events scanned, 3 deviations >=2c logged
report: 2026-08-03 pnl=-284.81
export: docs/data.json written
=== 2026-08-03 01:06:48
monitor: 0 new trades, 0 paper copies (rules v24)
pnl: 25 open updated, total -275.27 (blind bench 44933.42)
review: 0 decisions resolved-reviewed, 0 rule changes (resolution-learned)
arb: 100 events scanned, 3 deviations >=2c logged
report: 2026-08-03 pnl=-275.27
export: docs/data.json written
=== 2026-08-03 01:23:52
monitor: 3 new trades, 0 paper copies (rules v24)
pnl: 24 open updated, total -286.65 (blind bench 44776.40)
review: 0 decisions resolved-reviewed, 0 rule changes (resolution-learned)
arb: 100 events scanned, 5 deviations >=2c logged
report: 2026-08-03 pnl=-286.65
export: docs/data.json written
=== 2026-08-03 01:41:09
monitor: 0 new trades, 0 paper copies (rules v24)
pnl: 24 open updated, total -291.94 (blind bench 44691.87)
review: 2 decisions resolved-reviewed, 0 rule changes (resolution-learned)
arb: 100 events scanned, 5 deviations >=2c logged
report: 2026-08-03 pnl=-291.94
export: docs/data.json written
=== 2026-08-03 01:58:12
monitor: 5 new trades, 0 paper copies (rules v24)
pnl: 24 open updated, total -285.78 (blind bench 44775.66)
review: 0 decisions resolved-reviewed, 0 rule changes (resolution-learned)
arb: 100 events scanned, 5 deviations >=2c logged
report: 2026-08-03 pnl=-285.78
export: docs/data.json written
=== 2026-08-03 02:15:33
monitor: 1 new trades, 0 paper copies (rules v24)
pnl: 24 open updated, total -281.79 (blind bench 44839.76)
review: 0 decisions resolved-reviewed, 0 rule changes (resolution-learned)
arb: 100 events scanned, 5 deviations >=2c logged
report: 2026-08-03 pnl=-281.79
export: docs/data.json written
=== 2026-08-03 02:32:36
scan: 500 wallets, 50 profiled, 15 tracked
monitor: 245 new trades, 1 paper copies (rules v24)
pnl: 25 open updated, total -266.77 (blind bench 45071.01)
review: 3 decisions resolved-reviewed, 0 rule changes (resolution-learned)
arb: 100 events scanned, 5 deviations >=2c logged
report: 2026-08-03 pnl=-266.77
export: docs/data.json written
=== 2026-08-03 02:52:23
monitor: 87 new trades, 0 paper copies (rules v24)
pnl: 24 open updated, total -265.23 (blind bench 45075.33)
review: 25 decisions resolved-reviewed, 0 rule changes (resolution-learned)
arb: 100 events scanned, 6 deviations >=2c logged
report: 2026-08-03 pnl=-265.23
export: docs/data.json written
=== 2026-08-03 03:10:10
monitor: 60 new trades, 1 paper copies (rules v24)
pnl: 25 open updated, total -265.56 (blind bench 45192.94)
review: 74 decisions resolved-reviewed, 0 rule changes (resolution-learned)
arb: 100 events scanned, 5 deviations >=2c logged
report: 2026-08-03 pnl=-265.56
export: docs/data.json written
=== 2026-08-03 03:27:37
monitor: 42 new trades, 0 paper copies (rules v24)
pnl: 25 open updated, total -264.70 (blind bench 45434.98)
review: 13 decisions resolved-reviewed, 0 rule changes (resolution-learned)
arb: 100 events scanned, 5 deviations >=2c logged
report: 2026-08-03 pnl=-264.70
export: docs/data.json written
=== 2026-08-03 03:45:11
monitor: 18 new trades, 0 paper copies (rules v24)
pnl: 25 open updated, total -263.12 (blind bench 45485.34)
review: 161 decisions resolved-reviewed, 0 rule changes (resolution-learned)
arb: 100 events scanned, 5 deviations >=2c logged
report: 2026-08-03 pnl=-263.12
export: docs/data.json written
=== 2026-08-03 04:02:41
monitor: 21 new trades, 0 paper copies (rules v24)
pnl: 25 open updated, total -265.11 (blind bench 45878.50)
review: 13 decisions resolved-reviewed, 0 rule changes (resolution-learned)
arb: 100 events scanned, 5 deviations >=2c logged
report: 2026-08-03 pnl=-265.11
export: docs/data.json written
=== 2026-08-03 04:20:22
monitor: 20 new trades, 0 paper copies (rules v24)
pnl: 25 open updated, total -264.17 (blind bench 45908.08)
review: 15 decisions resolved-reviewed, 0 rule changes (resolution-learned)
arb: 100 events scanned, 4 deviations >=2c logged
report: 2026-08-03 pnl=-264.17
export: docs/data.json written
=== 2026-08-03 04:37:45
monitor: 34 new trades, 1 paper copies (rules v24)
pnl: 26 open updated, total -270.45 (blind bench 45911.82)
review: 15 decisions resolved-reviewed, 0 rule changes (resolution-learned)
arb: 100 events scanned, 5 deviations >=2c logged
report: 2026-08-03 pnl=-270.45
export: docs/data.json written
=== 2026-08-03 04:55:03
monitor: 21 new trades, 0 paper copies (rules v24)
pnl: 26 open updated, total -268.06 (blind bench 46081.82)
review: 27 decisions resolved-reviewed, 0 rule changes (resolution-learned)
arb: 100 events scanned, 6 deviations >=2c logged
report: 2026-08-03 pnl=-268.06
export: docs/data.json written
=== 2026-08-03 05:12:41
monitor: 22 new trades, 0 paper copies (rules v24)
pnl: 26 open updated, total -269.65 (blind bench 46079.95)
review: 56 decisions resolved-reviewed, 0 rule changes (resolution-learned)
arb: 100 events scanned, 6 deviations >=2c logged
report: 2026-08-03 pnl=-269.65
export: docs/data.json written
=== 2026-08-03 05:30:28
monitor: 21 new trades, 0 paper copies (rules v24)
pnl: 26 open updated, total -269.47 (blind bench 46185.37)
review: 147 decisions resolved-reviewed, 0 rule changes (resolution-learned)
arb: 100 events scanned, 6 deviations >=2c logged
report: 2026-08-03 pnl=-269.47
export: docs/data.json written
=== 2026-08-03 05:47:46
monitor: 25 new trades, 0 paper copies (rules v24)
pnl: 26 open updated, total -268.52 (blind bench 46477.47)
review: 5 decisions resolved-reviewed, 0 rule changes (resolution-learned)
arb: 100 events scanned, 7 deviations >=2c logged
report: 2026-08-03 pnl=-268.52
export: docs/data.json written
=== 2026-08-03 06:05:25
monitor: 23 new trades, 1 paper copies (rules v24)
pnl: 27 open updated, total -267.21 (blind bench 46586.71)
review: 10 decisions resolved-reviewed, 0 rule changes (resolution-learned)
arb: 100 events scanned, 4 deviations >=2c logged
report: 2026-08-03 pnl=-267.21
export: docs/data.json written
=== 2026-08-03 06:22:49
monitor: 20 new trades, 0 paper copies (rules v24)
pnl: 27 open updated, total -268.27 (blind bench 46607.72)
review: 17 decisions resolved-reviewed, 0 rule changes (resolution-learned)
arb: 100 events scanned, 5 deviations >=2c logged
report: 2026-08-03 pnl=-268.27
export: docs/data.json written
=== 2026-08-03 06:40:10
monitor: 21 new trades, 0 paper copies (rules v24)
pnl: 26 open updated, total -268.52 (blind bench 46749.52)
review: 16 decisions resolved-reviewed, 0 rule changes (resolution-learned)
arb: 100 events scanned, 4 deviations >=2c logged
report: 2026-08-03 pnl=-268.52
export: docs/data.json written
=== 2026-08-03 06:57:50
monitor: 21 new trades, 0 paper copies (rules v24)
pnl: 26 open updated, total -268.76 (blind bench 46767.39)
review: 10 decisions resolved-reviewed, 0 rule changes (resolution-learned)
arb: 100 events scanned, 6 deviations >=2c logged
report: 2026-08-03 pnl=-268.76
export: docs/data.json written
=== 2026-08-03 07:15:35
monitor: 21 new trades, 0 paper copies (rules v24)
pnl: 25 open updated, total -264.97 (blind bench 46811.23)
review: 12 decisions resolved-reviewed, 0 rule changes (resolution-learned)
arb: 100 events scanned, 3 deviations >=2c logged
report: 2026-08-03 pnl=-264.97
export: docs/data.json written
=== 2026-08-03 07:33:17
monitor: 23 new trades, 0 paper copies (rules v24)
pnl: 25 open updated, total -266.39 (blind bench 46805.89)
review: 8 decisions resolved-reviewed, 0 rule changes (resolution-learned)
arb: 100 events scanned, 5 deviations >=2c logged
report: 2026-08-03 pnl=-266.39
export: docs/data.json written
=== 2026-08-03 07:50:57
monitor: 32 new trades, 0 paper copies (rules v24)
pnl: 25 open updated, total -266.37 (blind bench 46829.81)
review: 13 decisions resolved-reviewed, 0 rule changes (resolution-learned)
arb: 100 events scanned, 3 deviations >=2c logged
report: 2026-08-03 pnl=-266.37
export: docs/data.json written
=== 2026-08-03 08:08:37
monitor: 33 new trades, 1 paper copies (rules v24)
pnl: 26 open updated, total -264.50 (blind bench 46967.47)
review: 20 decisions resolved-reviewed, 0 rule changes (resolution-learned)
arb: 100 events scanned, 3 deviations >=2c logged
report: 2026-08-03 pnl=-264.50
export: docs/data.json written
=== 2026-08-03 08:26:49
monitor: 38 new trades, 1 paper copies (rules v24)
pnl: 27 open updated, total -267.71 (blind bench 46990.48)
review: 28 decisions resolved-reviewed, 0 rule changes (resolution-learned)
arb: 100 events scanned, 2 deviations >=2c logged
report: 2026-08-03 pnl=-267.71
export: docs/data.json written
=== 2026-08-03 08:44:37
scan: 500 wallets, 50 profiled, 15 tracked
monitor: 150 new trades, 2 paper copies (rules v24)
pnl: 29 open updated, total -275.43 (blind bench 47084.36)
review: 10 decisions resolved-reviewed, 0 rule changes (resolution-learned)
arb: 100 events scanned, 4 deviations >=2c logged
report: 2026-08-03 pnl=-275.43
export: docs/data.json written
=== 2026-08-03 09:03:58
monitor: 22 new trades, 0 paper copies (rules v24)
pnl: 29 open updated, total -276.72 (blind bench 47082.37)
review: 15 decisions resolved-reviewed, 0 rule changes (resolution-learned)
arb: 100 events scanned, 3 deviations >=2c logged
report: 2026-08-03 pnl=-276.72
export: docs/data.json written
=== 2026-08-03 09:21:30
monitor: 41 new trades, 0 paper copies (rules v24)
pnl: 29 open updated, total -270.11 (blind bench 47101.36)
review: 4 decisions resolved-reviewed, 0 rule changes (resolution-learned)
arb: 100 events scanned, 3 deviations >=2c logged
report: 2026-08-03 pnl=-270.11
export: docs/data.json written
=== 2026-08-03 09:39:10
monitor: 27 new trades, 0 paper copies (rules v24)
pnl: 29 open updated, total -267.87 (blind bench 47099.20)
review: 9 decisions resolved-reviewed, 0 rule changes (resolution-learned)
arb: 100 events scanned, 2 deviations >=2c logged
report: 2026-08-03 pnl=-267.87
export: docs/data.json written
=== 2026-08-03 09:56:33
monitor: 26 new trades, 0 paper copies (rules v24)
pnl: 28 open updated, total -268.40 (blind bench 47107.38)
review: 74 decisions resolved-reviewed, 0 rule changes (resolution-learned)
arb: 100 events scanned, 2 deviations >=2c logged
report: 2026-08-03 pnl=-268.40
export: docs/data.json written
=== 2026-08-03 10:13:53
monitor: 30 new trades, 0 paper copies (rules v24)
pnl: 27 open updated, total -269.92 (blind bench 47643.14)
review: 15 decisions resolved-reviewed, 0 rule changes (resolution-learned)
arb: 100 events scanned, 3 deviations >=2c logged
report: 2026-08-03 pnl=-269.92
export: docs/data.json written
=== 2026-08-03 10:31:08
monitor: 21 new trades, 0 paper copies (rules v24)
pnl: 27 open updated, total -273.80 (blind bench 47745.51)
review: 0 decisions resolved-reviewed, 0 rule changes (resolution-learned)
arb: 100 events scanned, 1 deviations >=2c logged
report: 2026-08-03 pnl=-273.80
export: docs/data.json written
=== 2026-08-03 10:48:35
monitor: 51 new trades, 0 paper copies (rules v24)
pnl: 26 open updated, total -273.80 (blind bench 47745.51)
review: 2 decisions resolved-reviewed, 0 rule changes (resolution-learned)
arb: 100 events scanned, 2 deviations >=2c logged
report: 2026-08-03 pnl=-273.80
export: docs/data.json written
=== 2026-08-03 11:07:13
monitor: 30 new trades, 1 paper copies (rules v24)
pnl: 27 open updated, total -273.80 (blind bench 47753.31)
review: 29 decisions resolved-reviewed, 0 rule changes (resolution-learned)
arb: 100 events scanned, 3 deviations >=2c logged
report: 2026-08-03 pnl=-273.80
export: docs/data.json written
